Date,Open,High,Low,Close,Adj Close,Volume
2011-01-03,13.850000,14.230000,13.800000,14.190000,12.455543,354322300
2011-01-04,14.230000,14.250000,14.020000,14.240000,12.499434,218978200
2011-01-05,14.190000,14.600000,14.150000,14.500000,12.727651,246151200
2011-01-06,14.540000,14.690000,14.340000,14.440000,12.674986,241658500
2011-01-07,14.540000,14.680000,13.980000,14.250000,12.508212,392328700
2011-01-10,14.170000,14.430000,14.090000,14.400000,12.639875,185382600
2011-01-11,14.610000,14.730000,14.530000,14.690000,12.894425,212239400
2011-01-12,14.890000,14.990000,14.850000,14.990000,13.157756,204060800
2011-01-13,15.010000,15.020000,14.720000,14.770000,12.964654,158944400
2011-01-14,14.740000,15.310000,14.680000,15.250000,13.385980,282493800
2011-01-18,15.080000,15.160000,14.850000,15.000000,13.166537,198400500
2011-01-19,14.850000,14.950000,14.350000,14.370000,12.613542,247013200
2011-01-20,14.270000,14.610000,13.940000,14.540000,12.762763,245219600
2011-01-21,14.410000,14.710000,14.220000,14.250000,12.508212,291812600
2011-01-24,14.250000,14.260000,13.880000,13.920000,12.218545,225424700
2011-01-25,13.780000,13.840000,13.400000,13.630000,11.963995,303642100
2011-01-26,13.710000,13.770000,13.550000,13.550000,11.893767,145810300
2011-01-27,13.580000,13.670000,13.480000,13.670000,11.999103,153086100
2011-01-28,13.830000,14.060000,13.580000,13.600000,11.937656,226452500
2011-01-31,13.710000,13.790000,13.640000,13.730000,12.051770,118000800
2011-02-01,13.900000,14.370000,13.870000,14.310000,12.560875,211978400
2011-02-02,14.330000,14.350000,14.130000,14.240000,12.499434,140312700
2011-02-03,14.160000,14.470000,14.150000,14.430000,12.666208,145885300
2011-02-04,14.430000,14.470000,14.110000,14.290000,12.543320,141015200
2011-02-07,14.510000,14.770000,14.430000,14.670000,12.876871,149423500
2011-02-08,14.640000,14.760000,14.500000,14.610000,12.824208,158426200
2011-02-09,14.460000,14.690000,14.410000,14.640000,12.850539,150179100
2011-02-10,14.510000,14.640000,14.470000,14.490000,12.718872,132240800
2011-02-11,14.370000,14.870000,14.350000,14.770000,12.964654,156195600
2011-02-14,14.780000,14.950000,14.710000,14.890000,13.069981,112571100
2011-02-15,14.800000,14.880000,14.690000,14.770000,12.964654,109532300
2011-02-16,14.810000,14.880000,14.700000,14.840000,13.026094,132821900
2011-02-17,14.750000,14.910000,14.730000,14.810000,12.999762,103495400
2011-02-18,14.840000,14.890000,14.670000,14.750000,12.947095,98369000
2011-02-22,14.380000,14.520000,14.090000,14.180000,12.446765,187522800
2011-02-23,14.170000,14.440000,13.920000,14.170000,12.437986,196355700
2011-02-24,14.110000,14.160000,13.790000,13.970000,12.262440,201697200
2011-02-25,14.160000,14.320000,14.120000,14.200000,12.464322,126869100
2011-02-28,14.270000,14.480000,14.160000,14.290000,12.543320,137039100
2011-03-01,14.320000,14.350000,13.910000,13.930000,12.227323,161263900
2011-03-02,13.920000,14.070000,13.810000,13.830000,12.148271,115609400
2011-03-03,14.050000,14.290000,14.050000,14.270000,12.534761,139513500
2011-03-04,14.300000,14.310000,13.980000,14.120000,12.403003,146184700
2011-03-07,14.180000,14.270000,13.920000,14.030000,12.323948,139010300
2011-03-08,14.270000,14.700000,14.200000,14.690000,12.903691,250033200
2011-03-09,14.660000,14.690000,14.480000,14.590000,12.815850,148290400
2011-03-10,14.420000,14.460000,14.260000,14.260000,12.525982,155462700
2011-03-11,14.110000,14.430000,14.100000,14.380000,12.631387,111555000
2011-03-14,14.260000,14.350000,14.070000,14.230000,12.499629,112139700
2011-03-15,13.770000,14.060000,13.710000,13.960000,12.262460,167837200
2011-03-16,14.010000,14.100000,13.660000,13.690000,12.025293,178630900
2011-03-17,13.890000,14.040000,13.750000,13.980000,12.280028,131745300
2011-03-18,14.200000,14.290000,13.980000,14.040000,12.332732,199209100
2011-03-21,14.200000,14.220000,13.900000,14.050000,12.341516,114391500
2011-03-22,14.040000,14.050000,13.880000,13.880000,12.192189,86286500
2011-03-23,13.720000,13.740000,13.370000,13.650000,11.990155,230626600
2011-03-24,13.560000,13.590000,13.320000,13.480000,11.840827,170761100
2011-03-25,13.490000,13.530000,13.320000,13.340000,11.717853,115322600
2011-03-28,13.420000,13.560000,13.370000,13.370000,11.744203,78640400
2011-03-29,13.410000,13.410000,13.160000,13.350000,11.726638,117737500
2011-03-30,13.400000,13.560000,13.270000,13.450000,11.814473,121082200
2011-03-31,13.350000,13.390000,13.290000,13.330000,11.709066,86180900
2011-04-01,13.450000,13.610000,13.350000,13.370000,11.744203,95017100
2011-04-04,13.400000,13.590000,13.400000,13.440000,11.805694,71113900
2011-04-05,13.430000,13.500000,13.370000,13.470000,11.832047,64968800
2011-04-06,13.600000,13.780000,13.530000,13.720000,12.051643,136151600
2011-04-07,13.790000,13.880000,13.540000,13.610000,11.955020,119206000
2011-04-08,13.630000,13.720000,13.450000,13.480000,11.840827,87592400
2011-04-11,13.500000,13.590000,13.430000,13.490000,11.849612,63348300
2011-04-12,13.400000,13.580000,13.310000,13.470000,11.832047,100372600
2011-04-13,13.610000,13.640000,13.210000,13.270000,11.656360,124630800
2011-04-14,13.160000,13.260000,13.070000,13.130000,11.533389,115624900
2011-04-15,13.220000,13.330000,12.820000,12.820000,11.261083,266336200
2011-04-18,12.590000,12.600000,12.240000,12.420000,10.909725,262012500
2011-04-19,12.530000,12.530000,12.150000,12.340000,10.839454,182612900
2011-04-20,12.430000,12.480000,12.210000,12.270000,10.777967,179989100
2011-04-21,12.330000,12.400000,12.240000,12.310000,10.813103,100820900
2011-04-25,12.330000,12.600000,12.320000,12.440000,10.927292,112414300
2011-04-26,12.490000,12.530000,12.230000,12.230000,10.742826,146800000
2011-04-27,12.240000,12.400000,12.230000,12.330000,10.830668,118705100
2011-04-28,12.310000,12.450000,12.250000,12.420000,10.909725,92414200
2011-04-29,12.390000,12.420000,12.280000,12.280000,10.786749,87169300
2011-05-02,12.360000,12.470000,12.330000,12.340000,10.839454,89940100
2011-05-03,12.350000,12.710000,12.330000,12.600000,11.067837,145530300
2011-05-04,12.640000,12.680000,12.420000,12.490000,10.971212,99234300
2011-05-05,12.410000,12.470000,12.200000,12.300000,10.804319,130921200
2011-05-06,12.410000,12.450000,12.280000,12.310000,10.813103,111324100
2011-05-09,12.280000,12.320000,12.110000,12.180000,10.698909,110668200
2011-05-10,12.210000,12.370000,12.180000,12.280000,10.786749,91577700
2011-05-11,12.280000,12.430000,12.230000,12.250000,10.760394,150517800
2011-05-12,12.200000,12.270000,12.090000,12.200000,10.716475,111941900
2011-05-13,12.200000,12.210000,11.910000,11.930000,10.479308,159056700
2011-05-16,11.890000,12.110000,11.820000,11.860000,10.417820,123646400
2011-05-17,11.810000,11.940000,11.800000,11.900000,10.452955,145394700
2011-05-18,11.900000,11.900000,11.730000,11.790000,10.356331,152963400
2011-05-19,11.880000,11.890000,11.680000,11.690000,10.268495,121082700
2011-05-20,11.640000,11.780000,11.530000,11.580000,10.171867,115821500
2011-05-23,11.470000,11.520000,11.380000,11.420000,10.031323,122134100
2011-05-24,11.450000,11.510000,11.290000,11.460000,10.066460,129513400
2011-05-25,11.350000,11.580000,11.350000,11.380000,9.996191,103583400
2011-05-26,11.390000,11.560000,11.380000,11.460000,10.066460,124072200
2011-05-27,11.570000,11.780000,11.540000,11.690000,10.268495,107370400
2011-05-31,11.870000,11.920000,11.620000,11.750000,10.321198,106228200
2011-06-01,11.710000,11.740000,11.230000,11.240000,9.881622,176331800
2011-06-02,11.290000,11.420000,11.080000,11.290000,9.925580,198074000
2011-06-03,11.200000,11.450000,11.160000,11.280000,9.916788,115786700
2011-06-06,11.180000,11.200000,10.750000,10.830000,9.521172,213289400
2011-06-07,10.960000,11.050000,10.600000,10.650000,9.362926,160224800
2011-06-08,10.590000,10.790000,10.500000,10.540000,9.266214,159384200
2011-06-09,10.580000,10.750000,10.500000,10.650000,9.362926,129533300
2011-06-10,10.620000,11.030000,10.410000,10.800000,9.494798,210796300
2011-06-13,10.890000,11.020000,10.640000,10.970000,9.644253,186095900
2011-06-14,11.120000,11.120000,10.750000,10.800000,9.494798,173051000
2011-06-15,10.600000,10.670000,10.410000,10.500000,9.231053,213408200
2011-06-16,10.450000,10.690000,10.400000,10.600000,9.318968,200127400
2011-06-17,10.750000,10.770000,10.580000,10.680000,9.389300,116367000
2011-06-20,10.590000,10.660000,10.530000,10.600000,9.318968,88402500
2011-06-21,10.680000,10.870000,10.530000,10.830000,9.521172,109392600
2011-06-22,10.790000,10.940000,10.780000,10.790000,9.486006,102448600
2011-06-23,10.650000,10.770000,10.560000,10.710000,9.415676,180604400
2011-06-24,10.730000,10.770000,10.490000,10.520000,9.248635,122210200
2011-06-27,10.520000,10.950000,10.520000,10.850000,9.538754,202814500
2011-06-28,10.910000,10.920000,10.770000,10.820000,9.512380,113027000
2011-06-29,11.170000,11.250000,11.000000,11.140000,9.793710,301628700
2011-06-30,11.170000,11.180000,10.840000,10.960000,9.635463,255993900
2011-07-01,10.980000,11.140000,10.920000,11.090000,9.749750,137487700
2011-07-05,11.060000,11.070000,10.910000,11.000000,9.670630,110261100
2011-07-06,10.830000,10.850000,10.660000,10.740000,9.442046,145455700
2011-07-07,10.900000,10.960000,10.850000,10.920000,9.600295,113940400
2011-07-08,10.750000,10.800000,10.610000,10.700000,9.406884,129514100
2011-07-11,10.530000,10.550000,10.300000,10.350000,9.099181,145323900
2011-07-12,10.270000,10.400000,10.200000,10.210000,8.976100,145156100
2011-07-13,10.270000,10.360000,10.150000,10.200000,8.967308,164765500
2011-07-14,10.300000,10.330000,10.060000,10.070000,8.853019,148536100
2011-07-15,10.120000,10.180000,9.880000,10.000000,8.791476,183416000
2011-07-18,9.880000,9.930000,9.530000,9.720000,8.545317,226934200
2011-07-19,9.750000,9.850000,9.400000,9.570000,8.413445,322430300
2011-07-20,9.660000,10.000000,9.630000,9.850000,8.659606,249783800
2011-07-21,10.030000,10.280000,10.000000,10.230000,8.993682,238464700
2011-07-22,10.260000,10.270000,10.050000,10.130000,8.905767,138441500
2011-07-25,9.970000,10.070000,9.880000,10.010000,8.800269,130582700
2011-07-26,9.970000,10.090000,9.910000,10.000000,8.791476,121168700
2011-07-27,9.920000,9.940000,9.680000,9.680000,8.510150,151491700
2011-07-28,9.720000,9.850000,9.690000,9.790000,8.606858,113623300
2011-07-29,9.640000,9.950000,9.600000,9.710000,8.536528,187926700
2011-08-01,10.040000,10.050000,9.700000,9.810000,8.624443,159616700
2011-08-02,9.760000,9.860000,9.470000,9.490000,8.343114,173972600
2011-08-03,9.490000,9.590000,9.320000,9.540000,8.387073,175691200
2011-08-04,9.370000,9.460000,8.770000,8.830000,7.762873,305309300
2011-08-05,8.970000,9.050000,8.030000,8.170000,7.182638,546781600
2011-08-08,7.400000,7.700000,6.310000,6.510000,5.723253,682052900
2011-08-09,7.020000,7.660000,6.680000,7.600000,6.681524,496094500
2011-08-10,7.530000,7.590000,6.740000,6.770000,5.951830,493986500
2011-08-11,7.100000,7.420000,6.960000,7.250000,6.373823,344079000
2011-08-12,7.490000,7.710000,7.130000,7.190000,6.321073,298997800
2011-08-15,7.460000,7.840000,7.350000,7.760000,6.822189,268370400
2011-08-16,7.610000,7.660000,7.340000,7.400000,6.505694,275997300
2011-08-17,7.460000,7.590000,7.400000,7.460000,6.558443,159346200
2011-08-18,7.050000,7.090000,6.780000,7.010000,6.162826,335205500
2011-08-19,6.800000,7.120000,6.750000,6.970000,6.127661,289217900
2011-08-22,7.200000,7.220000,6.420000,6.420000,5.644129,398777800
2011-08-23,6.370000,6.440000,6.010000,6.300000,5.538632,563788800
2011-08-24,6.360000,7.050000,6.320000,6.990000,6.145245,602753000
2011-08-25,8.290000,8.800000,7.380000,7.650000,6.725482,859643400
2011-08-26,7.620000,7.980000,7.450000,7.760000,6.822189,424194600
2011-08-29,8.100000,8.410000,7.960000,8.390000,7.376051,363420500
2011-08-30,8.290000,8.390000,8.050000,8.120000,7.138681,297220400
2011-08-31,8.280000,8.290000,8.110000,8.170000,7.191495,282263500
2011-09-01,8.180000,8.180000,7.910000,7.910000,6.962635,243549600
2011-09-02,7.310000,7.450000,7.170000,7.250000,6.381680,305988600
2011-09-06,6.910000,7.070000,6.800000,6.990000,6.152822,283101800
2011-09-07,7.230000,7.520000,7.100000,7.480000,6.584136,257251800
2011-09-08,7.380000,7.440000,7.200000,7.200000,6.337671,204593600
2011-09-09,7.110000,7.210000,6.960000,6.980000,6.144019,255828800
2011-09-12,6.850000,7.100000,6.810000,7.050000,6.205636,286856000
2011-09-13,7.090000,7.180000,6.970000,7.000000,6.161623,220657500
2011-09-14,7.090000,7.130000,6.920000,7.050000,6.205636,212940200
2011-09-15,7.180000,7.340000,7.130000,7.330000,6.452100,230299700
2011-09-16,7.380000,7.390000,7.080000,7.230000,6.364077,240523700
2011-09-19,7.060000,7.070000,6.940000,6.990000,6.152822,199254700
2011-09-20,7.040000,7.060000,6.900000,6.900000,6.073599,142828700
2011-09-21,6.950000,6.970000,6.360000,6.380000,5.615879,381953600
2011-09-22,6.240000,6.280000,6.000000,6.060000,5.334206,384622500
2011-09-23,6.090000,6.390000,6.070000,6.310000,5.554263,503374000
2011-09-26,6.480000,6.600000,6.310000,6.600000,5.809531,228406400
2011-09-27,6.840000,6.850000,6.410000,6.480000,5.703902,231598900
2011-09-28,6.510000,6.530000,6.160000,6.160000,5.422228,222449300
2011-09-29,6.400000,6.450000,6.150000,6.350000,5.589473,224013100
2011-09-30,6.180000,6.320000,6.110000,6.120000,5.387019,175213100
2011-10-03,6.080000,6.180000,5.520000,5.530000,4.867683,369335100
2011-10-04,5.480000,5.760000,5.130000,5.760000,5.070136,448300000
2011-10-05,5.710000,5.830000,5.510000,5.770000,5.078937,291785700
2011-10-06,5.770000,6.310000,5.650000,6.280000,5.527857,336087400
2011-10-07,6.320000,6.330000,5.880000,5.900000,5.193368,285598300
2011-10-10,6.140000,6.290000,6.120000,6.280000,5.527857,225326600
2011-10-11,6.180000,6.470000,6.130000,6.370000,5.607078,204431100
2011-10-12,6.510000,6.740000,6.340000,6.580000,5.791926,284617700
2011-10-13,6.440000,6.440000,6.170000,6.220000,5.475044,230115400
2011-10-14,6.310000,6.360000,6.120000,6.190000,5.448635,203564500
2011-10-17,6.180000,6.280000,6.030000,6.030000,5.307800,175512200
2011-10-18,6.270000,6.790000,6.160000,6.640000,5.844740,496883800
2011-10-19,6.680000,6.860000,6.370000,6.400000,5.633486,318554300
2011-10-20,6.430000,6.480000,6.180000,6.470000,5.695101,254971700
2011-10-21,6.590000,6.650000,6.380000,6.460000,5.686298,252586400
2011-10-24,6.590000,6.740000,6.490000,6.720000,5.915160,217032400
2011-10-25,6.650000,6.670000,6.460000,6.460000,5.686298,200837500
2011-10-26,6.580000,6.660000,6.440000,6.590000,5.800728,208197400
2011-10-27,7.110000,7.230000,6.900000,7.220000,6.355275,408959900
2011-10-28,7.080000,7.430000,7.050000,7.350000,6.469704,273167300
2011-10-31,7.090000,7.160000,6.820000,6.830000,6.011984,252026900
2011-11-01,6.380000,6.680000,6.320000,6.400000,5.633486,371823200
2011-11-02,6.720000,6.740000,6.570000,6.720000,5.915160,216830700
2011-11-03,6.910000,6.980000,6.580000,6.910000,6.082403,244340400
2011-11-04,6.730000,6.750000,6.450000,6.490000,5.712706,266446300
2011-11-07,6.440000,6.590000,6.300000,6.450000,5.677496,192433500
2011-11-08,6.540000,6.590000,6.400000,6.530000,5.747916,219000600
2011-11-09,6.310000,6.360000,6.150000,6.160000,5.422228,265539000
2011-11-10,6.320000,6.330000,6.010000,6.030000,5.307800,324988000
2011-11-11,6.120000,6.290000,6.120000,6.210000,5.466241,210025900
2011-11-14,6.160000,6.190000,6.020000,6.050000,5.325405,225481700
2011-11-15,6.010000,6.240000,6.000000,6.130000,5.395822,268228500
2011-11-16,6.090000,6.090000,5.900000,5.900000,5.193368,292502400
2011-11-17,5.980000,6.030000,5.790000,5.800000,5.105345,285881900
2011-11-18,5.860000,5.890000,5.750000,5.780000,5.087741,227038600
2011-11-21,5.660000,5.680000,5.480000,5.490000,4.832472,269658300
2011-11-22,5.520000,5.590000,5.320000,5.370000,4.726844,270959000
2011-11-23,5.300000,5.310000,5.130000,5.140000,4.524394,264978500
2011-11-25,5.160000,5.330000,5.120000,5.170000,4.550799,138425100
2011-11-28,5.500000,5.530000,5.140000,5.250000,4.621218,345537900
2011-11-29,5.190000,5.280000,5.030000,5.080000,4.471578,333749700
2011-11-30,5.400000,5.440000,5.180000,5.440000,4.797905,436268200
2011-12-01,5.370000,5.630000,5.290000,5.530000,4.877285,315495500
2011-12-02,5.670000,5.880000,5.610000,5.640000,4.974300,283132900
2011-12-05,5.860000,5.950000,5.730000,5.790000,5.106596,293977700
2011-12-06,5.740000,5.920000,5.700000,5.780000,5.097777,254787200
2011-12-07,5.730000,5.920000,5.700000,5.890000,5.194792,244700100
2011-12-08,5.840000,5.880000,5.530000,5.590000,4.930202,286031100
2011-12-09,5.670000,5.850000,5.630000,5.720000,5.044858,293654100
2011-12-12,5.590000,5.600000,5.400000,5.450000,4.806726,191824000
2011-12-13,5.560000,5.600000,5.220000,5.320000,4.692070,227194200
2011-12-14,5.240000,5.370000,5.200000,5.230000,4.612692,226723100
2011-12-15,5.330000,5.370000,5.210000,5.260000,4.639152,196092100
2011-12-16,5.310000,5.420000,5.160000,5.200000,4.586234,227111300
2011-12-19,5.200000,5.220000,4.920000,4.990000,4.401021,344317700
2011-12-20,5.110000,5.220000,5.040000,5.170000,4.559776,239246100
2011-12-21,5.180000,5.250000,5.100000,5.230000,4.612692,203711800
2011-12-22,5.260000,5.510000,5.210000,5.470000,4.824364,303085900
2011-12-23,5.540000,5.630000,5.470000,5.600000,4.939021,190712000
2011-12-27,5.550000,5.580000,5.460000,5.480000,4.833185,158575400
2011-12-28,5.450000,5.460000,5.270000,5.290000,4.665612,146104500
2011-12-29,5.290000,5.480000,5.280000,5.460000,4.815547,168098500
2011-12-30,5.390000,5.580000,5.370000,5.560000,4.903743,176441000
2012-01-03,5.750000,5.890000,5.740000,5.800000,5.115416,246293200
2012-01-04,5.710000,5.880000,5.620000,5.810000,5.124233,243711200
2012-01-05,5.750000,6.350000,5.710000,6.310000,5.565219,547780000
2012-01-06,6.210000,6.300000,6.060000,6.180000,5.450563,299630600
2012-01-09,6.260000,6.370000,6.190000,6.270000,5.529939,240614400
2012-01-10,6.440000,6.660000,6.440000,6.630000,5.847449,354292100
2012-01-11,6.600000,6.900000,6.520000,6.870000,6.059121,354039600
2012-01-12,6.990000,7.020000,6.660000,6.790000,5.988565,362099600
2012-01-13,6.490000,6.690000,6.410000,6.610000,5.829810,337048400
2012-01-17,6.630000,6.820000,6.440000,6.480000,5.715152,294196500
2012-01-18,6.500000,6.800000,6.460000,6.800000,5.997381,302497700
2012-01-19,7.210000,7.290000,6.750000,6.960000,6.138496,491008100
2012-01-20,6.950000,7.080000,6.830000,7.070000,6.235515,236630700
2012-01-23,7.130000,7.370000,7.110000,7.250000,6.394268,339942200
2012-01-24,7.110000,7.350000,7.060000,7.290000,6.429547,228810300
2012-01-25,7.200000,7.370000,7.150000,7.350000,6.482467,249340100
2012-01-26,7.450000,7.500000,7.230000,7.300000,6.438367,265938800
2012-01-27,7.210000,7.350000,7.200000,7.290000,6.429547,230914000
2012-01-30,7.130000,7.150000,7.020000,7.070000,6.235515,231240100
2012-01-31,7.170000,7.190000,7.050000,7.130000,6.288432,212736300
2012-02-01,7.250000,7.440000,7.210000,7.360000,6.491284,318811000
2012-02-02,7.430000,7.490000,7.330000,7.450000,6.570662,232425400
2012-02-03,7.660000,7.890000,7.630000,7.840000,6.914630,364195700
2012-02-06,7.790000,7.970000,7.770000,7.970000,7.029285,236316000
2012-02-07,7.950000,7.990000,7.800000,7.850000,6.923450,253694200
2012-02-08,7.960000,8.150000,7.930000,8.130000,7.170400,436439700
2012-02-09,8.310000,8.350000,8.100000,8.180000,7.214501,480206700
2012-02-10,8.050000,8.120000,7.980000,8.070000,7.117483,254420800
2012-02-13,8.270000,8.310000,8.210000,8.250000,7.276237,308490200
2012-02-14,8.150000,8.170000,7.950000,7.980000,7.038105,384682800
2012-02-15,8.010000,8.120000,7.770000,7.780000,6.861711,372981400
2012-02-16,7.710000,8.130000,7.660000,8.090000,7.135121,337131800
2012-02-17,8.040000,8.080000,7.920000,8.020000,7.073384,355445600
2012-02-21,8.030000,8.200000,8.000000,8.110000,7.152761,333407700
2012-02-22,8.060000,8.130000,7.950000,7.950000,7.011646,228867800
2012-02-23,7.970000,8.050000,7.900000,8.020000,7.073384,144231800
2012-02-24,8.050000,8.090000,7.880000,7.880000,6.949909,163128200
2012-02-27,7.790000,8.050000,7.670000,8.040000,7.091023,298930800
2012-02-28,8.050000,8.150000,8.000000,8.120000,7.161583,193443200
2012-02-29,8.160000,8.240000,7.970000,7.970000,7.037953,266720500
2012-03-01,8.090000,8.170000,8.050000,8.120000,7.170413,197850100
2012-03-02,8.110000,8.210000,8.100000,8.130000,7.179243,143887500
2012-03-05,8.090000,8.130000,7.950000,7.970000,7.037953,196328300
2012-03-06,7.780000,7.790000,7.660000,7.710000,6.808359,262871200
2012-03-07,7.810000,8.020000,7.770000,8.020000,7.082106,328331900
2012-03-08,8.070000,8.120000,8.000000,8.060000,7.117427,160282000
2012-03-09,8.120000,8.190000,8.010000,8.050000,7.108599,195281400
2012-03-12,8.010000,8.060000,7.910000,7.990000,7.055614,165298900
2012-03-13,8.070000,8.500000,8.050000,8.490000,7.497144,385984100
2012-03-14,8.660000,8.900000,8.560000,8.840000,7.806211,488077000
2012-03-15,8.980000,9.250000,8.850000,9.240000,8.159434,489593000
2012-03-16,9.410000,9.800000,9.330000,9.800000,8.653946,582294100
2012-03-19,9.780000,10.100000,9.510000,9.530000,8.415519,669479900
2012-03-20,9.630000,9.970000,9.590000,9.810000,8.662779,451213900
2012-03-21,9.960000,10.030000,9.740000,9.820000,8.671606,326573800
2012-03-22,9.660000,9.770000,9.520000,9.600000,8.477335,264520500
2012-03-23,9.470000,9.850000,9.400000,9.850000,8.698098,283110900
2012-03-26,10.010000,10.040000,9.850000,9.930000,8.768742,241605700
2012-03-27,9.870000,9.900000,9.580000,9.600000,8.477335,250069600
2012-03-28,9.620000,9.780000,9.580000,9.750000,8.609792,234021500
2012-03-29,9.630000,9.680000,9.430000,9.530000,8.415519,253625800
2012-03-30,9.610000,9.640000,9.350000,9.570000,8.450841,250234500
2012-04-02,9.540000,9.780000,9.410000,9.680000,8.547977,179229000
2012-04-03,9.670000,9.670000,9.410000,9.490000,8.380195,190453400
2012-04-04,9.350000,9.360000,9.150000,9.200000,8.124112,228560600
2012-04-05,9.140000,9.400000,9.110000,9.230000,8.150607,180868100
2012-04-09,9.040000,9.040000,8.830000,8.930000,7.885689,211427600
2012-04-10,8.970000,9.090000,8.500000,8.540000,7.541296,377220000
2012-04-11,8.780000,8.910000,8.720000,8.860000,7.823874,252563700
2012-04-12,8.930000,9.180000,8.910000,9.170000,8.097621,223979900
2012-04-13,9.080000,9.080000,8.680000,8.680000,7.664923,282354600
2012-04-16,8.870000,8.930000,8.620000,8.790000,7.762058,217284500
2012-04-17,8.970000,9.000000,8.870000,8.920000,7.876857,193424400
2012-04-18,8.880000,9.000000,8.840000,8.920000,7.876857,160064100
2012-04-19,9.160000,9.170000,8.670000,8.770000,7.744401,348804500
2012-04-20,8.780000,8.780000,8.330000,8.360000,7.382343,277965300
2012-04-23,8.020000,8.300000,7.950000,8.180000,7.223398,256073900
2012-04-24,8.250000,8.270000,8.100000,8.210000,7.249886,192443800
2012-04-25,8.300000,8.350000,8.170000,8.260000,7.294039,164902400
2012-04-26,8.190000,8.400000,8.170000,8.270000,7.302870,131586300
2012-04-27,8.340000,8.340000,8.190000,8.250000,7.285210,120948200
2012-04-30,8.220000,8.240000,8.040000,8.110000,7.161583,137422300
2012-05-01,8.110000,8.400000,8.080000,8.310000,7.338193,177953400
2012-05-02,8.210000,8.230000,8.120000,8.160000,7.205735,136208900
2012-05-03,8.180000,8.180000,7.910000,8.000000,7.064445,204584500
2012-05-04,7.900000,7.920000,7.700000,7.740000,6.834850,194857200
2012-05-07,7.710000,8.000000,7.660000,7.960000,7.029124,167662600
2012-05-08,7.870000,7.900000,7.690000,7.790000,6.879003,180627900
2012-05-09,7.670000,7.820000,7.650000,7.730000,6.826020,174742300
2012-05-10,7.910000,7.940000,7.670000,7.700000,6.799529,156787300
2012-05-11,7.480000,7.770000,7.410000,7.550000,6.667069,245533600
2012-05-14,7.370000,7.520000,7.350000,7.350000,6.490459,170716800
2012-05-15,7.370000,7.550000,7.250000,7.300000,6.446306,201254900
2012-05-16,7.400000,7.470000,7.080000,7.110000,6.278526,216226100
2012-05-17,7.100000,7.250000,6.930000,6.980000,6.163728,241468300
2012-05-18,7.010000,7.030000,6.890000,7.020000,6.199050,223783500
2012-05-21,7.030000,7.110000,6.720000,6.830000,6.031271,229980800
2012-05-22,6.920000,7.150000,6.860000,6.980000,6.163728,221551500
2012-05-23,6.900000,7.170000,6.850000,7.170000,6.331508,194441500
2012-05-24,7.260000,7.330000,7.010000,7.140000,6.305017,206041500
2012-05-25,7.070000,7.250000,7.070000,7.150000,6.313848,108661200
2012-05-29,7.280000,7.450000,7.220000,7.440000,6.569932,159872200
2012-05-30,7.330000,7.410000,7.100000,7.200000,6.366557,206801500
2012-05-31,7.210000,7.370000,7.040000,7.350000,6.499194,203267300
2012-06-01,7.120000,7.190000,6.940000,7.020000,6.207394,240859000
2012-06-04,7.100000,7.100000,6.850000,6.900000,6.101285,163821500
2012-06-05,6.910000,7.140000,6.900000,7.100000,6.278134,147346700
2012-06-06,7.240000,7.770000,7.180000,7.640000,6.755627,356852900
2012-06-07,7.810000,7.900000,7.380000,7.420000,6.561093,276170400
2012-06-08,7.350000,7.580000,7.200000,7.560000,6.684885,234555000
2012-06-11,7.720000,7.770000,7.280000,7.280000,6.437298,204590700
2012-06-12,7.320000,7.500000,7.220000,7.490000,6.622989,148255600
2012-06-13,7.400000,7.610000,7.350000,7.500000,6.631831,162374500
2012-06-14,7.520000,7.690000,7.450000,7.660000,6.773310,157528300
2012-06-15,7.720000,7.900000,7.550000,7.900000,6.985528,211751900
2012-06-18,7.770000,7.910000,7.730000,7.760000,6.861734,140319900
2012-06-19,7.880000,8.210000,7.860000,8.110000,7.171220,248771500
2012-06-20,8.160000,8.220000,8.020000,8.140000,7.197746,213582800
2012-06-21,8.110000,8.170000,7.800000,7.820000,6.914790,227157600
2012-06-22,7.970000,8.010000,7.790000,7.940000,7.020898,142219300
2012-06-25,7.740000,7.740000,7.560000,7.600000,6.720255,151907200
2012-06-26,7.650000,7.680000,7.480000,7.620000,6.737940,129776500
2012-06-27,7.680000,7.820000,7.610000,7.770000,6.870577,111335500
2012-06-28,7.620000,7.750000,7.530000,7.740000,6.844049,133125300
2012-06-29,8.000000,8.200000,7.950000,8.180000,7.233117,258769800
2012-07-02,8.200000,8.210000,7.870000,8.050000,7.118165,152974000
2012-07-03,8.060000,8.120000,8.010000,8.060000,7.127007,57653700
2012-07-05,8.030000,8.060000,7.820000,7.820000,6.914790,120162000
2012-07-06,7.690000,7.800000,7.650000,7.660000,6.773310,116595200
2012-07-09,7.630000,7.700000,7.530000,7.560000,6.684885,87078300
2012-07-10,7.650000,7.670000,7.400000,7.480000,6.614146,101758300
2012-07-11,7.490000,7.690000,7.450000,7.630000,6.746782,128619400
2012-07-12,7.530000,7.550000,7.430000,7.480000,6.614146,107637000
2012-07-13,7.560000,7.830000,7.550000,7.820000,6.914790,177154500
2012-07-16,7.930000,7.960000,7.770000,7.810000,6.905946,109439900
2012-07-17,7.920000,7.930000,7.750000,7.920000,7.003213,127266800
2012-07-18,7.880000,7.930000,7.500000,7.530000,6.658359,254341100
2012-07-19,7.560000,7.650000,7.120000,7.260000,6.419611,260959200
2012-07-20,7.210000,7.210000,7.060000,7.070000,6.251606,160463000
2012-07-23,6.940000,7.150000,6.900000,7.090000,6.269293,168638000
2012-07-24,7.160000,7.180000,6.970000,7.040000,6.225079,138286700
2012-07-25,7.110000,7.160000,7.010000,7.070000,6.251606,117241300
2012-07-26,7.220000,7.240000,7.110000,7.170000,6.340031,121121500
2012-07-27,7.200000,7.400000,7.140000,7.310000,6.463823,146210900
2012-07-30,7.280000,7.380000,7.260000,7.280000,6.437298,74683800
2012-07-31,7.280000,7.340000,7.210000,7.340000,6.490351,86093200
2012-08-01,7.350000,7.360000,7.210000,7.220000,6.384243,97187800
2012-08-02,7.120000,7.260000,7.100000,7.180000,6.348873,112848000
2012-08-03,7.300000,7.490000,7.270000,7.430000,6.569932,130250800
2012-08-06,7.450000,7.680000,7.440000,7.640000,6.755627,112657000
2012-08-07,7.710000,7.850000,7.660000,7.670000,6.782153,119572200
2012-08-08,7.580000,7.770000,7.570000,7.670000,6.782153,73353500
2012-08-09,7.680000,7.760000,7.670000,7.720000,6.826365,59676500
2012-08-10,7.660000,7.760000,7.630000,7.740000,6.844049,50443800
2012-08-13,7.720000,7.830000,7.680000,7.720000,6.826365,58341300
2012-08-14,7.780000,7.900000,7.740000,7.780000,6.879420,104644000
2012-08-15,7.750000,7.870000,7.730000,7.870000,6.959002,73559200
2012-08-16,7.890000,7.960000,7.830000,7.930000,7.012054,78181200
2012-08-17,7.970000,8.120000,7.940000,8.000000,7.073952,138307600
2012-08-20,7.980000,8.190000,7.980000,8.150000,7.206589,100276900
2012-08-21,8.250000,8.400000,8.160000,8.190000,7.241959,190820700
2012-08-22,8.140000,8.320000,8.120000,8.220000,7.268486,140333800
2012-08-23,8.220000,8.270000,8.120000,8.150000,7.206589,98866200
2012-08-24,8.120000,8.210000,8.030000,8.160000,7.215432,88822200
2012-08-27,8.200000,8.200000,8.050000,8.070000,7.135850,96142100
2012-08-28,8.040000,8.110000,7.950000,7.960000,7.038585,96280400
2012-08-29,7.980000,8.100000,7.980000,8.000000,7.073952,106910900
2012-08-30,7.950000,7.950000,7.830000,7.910000,6.994371,91900100
2012-08-31,8.000000,8.020000,7.880000,7.990000,7.065111,91730500
2012-09-04,8.000000,8.110000,7.950000,8.000000,7.073952,81461800
2012-09-05,7.990000,8.020000,7.930000,7.950000,7.038539,55769500
2012-09-06,8.040000,8.350000,8.030000,8.350000,7.392680,200570300
2012-09-07,8.470000,8.800000,8.450000,8.800000,7.791087,232843000
2012-09-10,8.840000,8.920000,8.530000,8.580000,7.596312,190045600
2012-09-11,8.630000,9.050000,8.580000,9.030000,7.994716,201630400
2012-09-12,9.150000,9.190000,8.870000,8.970000,7.941597,204167100
2012-09-13,8.890000,9.480000,8.810000,9.400000,8.322296,330759200
2012-09-14,9.600000,9.790000,9.450000,9.550000,8.455100,329619800
2012-09-17,9.390000,9.490000,9.270000,9.300000,8.233763,141409300
2012-09-18,9.160000,9.290000,9.090000,9.230000,8.171785,150503600
2012-09-19,9.330000,9.460000,9.260000,9.290000,8.224909,126360100
2012-09-20,9.140000,9.250000,9.080000,9.190000,8.136374,111354300
2012-09-21,9.350000,9.350000,9.080000,9.110000,8.065547,155865300
2012-09-24,8.990000,9.200000,8.950000,9.100000,8.056694,113331700
2012-09-25,9.170000,9.210000,8.910000,8.930000,7.906182,146678000
2012-09-26,8.860000,8.910000,8.700000,8.820000,7.808792,158640100
2012-09-27,8.940000,9.070000,8.900000,8.970000,7.941597,119023800
2012-09-28,8.890000,8.930000,8.790000,8.830000,7.817650,119039200
2012-10-01,8.870000,9.130000,8.850000,8.960000,7.932745,133194500
2012-10-02,9.100000,9.110000,8.880000,8.930000,7.906182,109601600
2012-10-03,8.980000,9.120000,8.910000,9.110000,8.065547,115670100
2012-10-04,9.200000,9.420000,9.150000,9.410000,8.331153,160486300
2012-10-05,9.560000,9.650000,9.230000,9.320000,8.251470,204255800
2012-10-08,9.160000,9.380000,9.130000,9.280000,8.216055,81944200
2012-10-09,9.330000,9.380000,9.040000,9.210000,8.154083,153036100
2012-10-10,9.190000,9.270000,9.060000,9.210000,8.154083,110640900
2012-10-11,9.390000,9.420000,9.300000,9.340000,8.269177,122925800
2012-10-12,9.160000,9.280000,9.050000,9.120000,8.074396,158562500
2012-10-15,9.240000,9.440000,9.160000,9.440000,8.357710,154458500
2012-10-16,9.530000,9.600000,9.380000,9.460000,8.375417,172663600
2012-10-17,9.420000,9.600000,9.300000,9.440000,8.357710,229733500
2012-10-18,9.380000,9.570000,9.370000,9.470000,8.384274,149739000
2012-10-19,9.420000,9.550000,9.390000,9.440000,8.357710,169451300
2012-10-22,9.470000,9.560000,9.410000,9.550000,8.455100,132617600
2012-10-23,9.440000,9.470000,9.280000,9.360000,8.286883,160627600
2012-10-24,9.450000,9.490000,9.300000,9.310000,8.242617,120868300
2012-10-25,9.370000,9.420000,9.170000,9.240000,8.180640,121778900
2012-10-26,9.170000,9.270000,9.050000,9.120000,8.074396,124687200
2012-10-31,9.200000,9.350000,9.150000,9.320000,8.251470,94925500
2012-11-01,9.340000,9.750000,9.270000,9.740000,8.623321,205700000
2012-11-02,9.870000,9.970000,9.770000,9.850000,8.720705,220993300
2012-11-05,9.830000,9.930000,9.620000,9.750000,8.632170,121104400
2012-11-06,9.830000,9.970000,9.750000,9.940000,8.800385,132533500
2012-11-07,9.630000,9.670000,9.220000,9.230000,8.171785,286124300
2012-11-08,9.490000,9.600000,9.380000,9.390000,8.313443,223927000
2012-11-09,9.300000,9.590000,9.270000,9.430000,8.348860,141093100
2012-11-12,9.500000,9.520000,9.380000,9.390000,8.313443,68498300
2012-11-13,9.310000,9.550000,9.280000,9.330000,8.260324,119629700
2012-11-14,9.380000,9.420000,8.950000,8.990000,7.959302,197392900
2012-11-15,9.030000,9.200000,9.020000,9.090000,8.047840,144569800
2012-11-16,9.120000,9.210000,8.920000,9.120000,8.074396,178995000
2012-11-19,9.360000,9.530000,9.320000,9.490000,8.401979,146244000
2012-11-20,9.470000,9.680000,9.420000,9.630000,8.525929,150696200
2012-11-21,9.670000,9.780000,9.630000,9.770000,8.649877,132499300
2012-11-23,9.840000,9.900000,9.800000,9.900000,8.764973,59048000
2012-11-26,9.820000,9.870000,9.750000,9.840000,8.711852,99730900
2012-11-27,9.890000,9.950000,9.660000,9.660000,8.552488,149684000
2012-11-28,9.560000,9.760000,9.380000,9.760000,8.641024,152946500
2012-11-29,9.840000,9.880000,9.760000,9.830000,8.702996,125905400
2012-11-30,9.780000,9.870000,9.760000,9.860000,8.729558,108739700
2012-12-03,9.930000,9.940000,9.780000,9.800000,8.676439,99872800
2012-12-04,9.790000,9.910000,9.770000,9.910000,8.773828,144124500
2012-12-05,9.970000,10.560000,9.950000,10.460000,9.270126,463491000
2012-12-06,10.510000,10.580000,10.290000,10.460000,9.270126,176607900
2012-12-07,10.560000,10.680000,10.480000,10.640000,9.429648,192055100
2012-12-10,10.600000,10.630000,10.460000,10.570000,9.367613,148065200
2012-12-11,10.640000,10.710000,10.500000,10.510000,9.314438,159121300
2012-12-12,10.590000,10.700000,10.510000,10.610000,9.403060,166819300
2012-12-13,10.590000,10.660000,10.510000,10.540000,9.341026,106232100
2012-12-14,10.550000,10.600000,10.520000,10.580000,9.376473,91707200
2012-12-17,10.650000,11.000000,10.640000,11.000000,9.748699,170087700
2012-12-18,11.240000,11.360000,11.050000,11.360000,10.067746,255238400
2012-12-19,11.400000,11.490000,11.170000,11.190000,9.917084,193013700
2012-12-20,11.100000,11.520000,11.080000,11.520000,10.209547,184449000
2012-12-21,11.200000,11.350000,11.120000,11.290000,10.005706,244892300
2012-12-24,11.270000,11.290000,11.210000,11.250000,9.970259,50657100
2012-12-26,11.290000,11.630000,11.270000,11.540000,10.227268,146097900
2012-12-27,11.660000,11.690000,11.230000,11.470000,10.165235,210411400
2012-12-28,11.320000,11.490000,11.270000,11.360000,10.067746,131872200
2012-12-31,11.370000,11.650000,11.300000,11.610000,10.289309,170837500
2013-01-02,12.050000,12.150000,11.900000,12.030000,10.661530,236021400
2013-01-03,12.010000,12.050000,11.880000,11.960000,10.599492,157149700
2013-01-04,11.970000,12.110000,11.930000,12.110000,10.732428,132601900
2013-01-07,12.150000,12.200000,12.000000,12.090000,10.714706,201403500
2013-01-08,12.090000,12.100000,11.890000,11.980000,10.617216,168461100
2013-01-09,11.870000,12.000000,11.330000,11.430000,10.129784,335692000
2013-01-10,11.610000,11.810000,11.540000,11.780000,10.439968,199964900
2013-01-11,11.700000,11.720000,11.510000,11.630000,10.307034,146136700
2013-01-14,11.610000,11.630000,11.380000,11.470000,10.165235,110032900
2013-01-15,11.380000,11.620000,11.300000,11.550000,10.236134,126058300
2013-01-16,11.580000,11.790000,11.470000,11.780000,10.439968,164579300
2013-01-17,11.690000,11.700000,11.170000,11.280000,9.996845,323622200
2013-01-18,11.260000,11.330000,11.020000,11.140000,9.872770,179971800
2013-01-22,11.120000,11.360000,11.090000,11.350000,10.058883,137242700
2013-01-23,11.380000,11.440000,11.230000,11.420000,10.120918,121638200
2013-01-24,11.450000,11.670000,11.420000,11.530000,10.218407,127870800
2013-01-25,11.690000,11.720000,11.510000,11.620000,10.298169,100171600
2013-01-28,11.640000,11.670000,11.430000,11.480000,10.174092,91304200
2013-01-29,11.420000,11.580000,11.400000,11.490000,10.182957,96824100
2013-01-30,11.490000,11.540000,11.350000,11.380000,10.085469,89130200
2013-01-31,11.320000,11.360000,11.220000,11.320000,10.032295,97024700
2013-02-01,11.410000,11.730000,11.370000,11.710000,10.377929,161141300
2013-02-04,11.580000,11.690000,11.460000,11.480000,10.174092,139733000
2013-02-05,11.590000,11.980000,11.560000,11.880000,10.528593,187785900
2013-02-06,11.730000,11.970000,11.730000,11.930000,10.572907,173626800
2013-02-07,11.970000,11.980000,11.730000,11.840000,10.493142,173209900
2013-02-08,11.860000,11.900000,11.720000,11.760000,10.422244,145321100
2013-02-11,11.730000,11.900000,11.670000,11.860000,10.510868,103510800
2013-02-12,11.870000,12.340000,11.780000,12.250000,10.856505,232173900
2013-02-13,12.350000,12.420000,12.050000,12.170000,10.785603,192742500
2013-02-14,12.090000,12.270000,12.070000,12.130000,10.750153,144104800
2013-02-15,12.210000,12.210000,11.970000,12.030000,10.661530,158242700
2013-02-19,12.100000,12.310000,12.060000,12.190000,10.803329,170783400
2013-02-20,12.180000,12.290000,11.750000,11.800000,10.457694,193466400
2013-02-21,11.730000,11.730000,11.350000,11.420000,10.120918,235532400
2013-02-22,11.620000,11.640000,11.260000,11.440000,10.138647,179268200
2013-02-25,11.600000,11.610000,10.980000,11.030000,9.775282,206893900
2013-02-26,11.120000,11.220000,11.030000,11.130000,9.863910,173039600
2013-02-27,11.150000,11.360000,11.100000,11.300000,10.023578,147145400
2013-02-28,11.330000,11.370000,11.200000,11.230000,9.961482,143546700
2013-03-01,11.130000,11.550000,11.020000,11.340000,10.059058,189050700
2013-03-04,11.270000,11.450000,11.220000,11.410000,10.121152,116436000
2013-03-05,11.560000,11.710000,11.530000,11.550000,10.245336,135869700
2013-03-06,11.770000,12.020000,11.760000,11.920000,10.573543,182557500
2013-03-07,12.000000,12.280000,11.980000,12.260000,10.875137,212403800
2013-03-08,12.420000,12.440000,12.020000,12.070000,10.706597,209777100
2013-03-11,12.080000,12.220000,12.020000,12.150000,10.777564,106427800
2013-03-12,12.110000,12.180000,11.910000,12.010000,10.653378,128134700
2013-03-13,12.040000,12.110000,11.980000,12.060000,10.697728,86216800
2013-03-14,12.120000,12.190000,12.100000,12.110000,10.742081,115440000
2013-03-15,12.520000,12.660000,12.350000,12.570000,11.150121,319019100
2013-03-18,12.290000,12.680000,12.260000,12.560000,11.141250,189783300
2013-03-19,12.790000,12.940000,12.590000,12.710000,11.274307,242939600
2013-03-20,12.790000,12.890000,12.710000,12.780000,11.336398,219121700
2013-03-21,12.710000,12.840000,12.550000,12.570000,11.150121,154529400
2013-03-22,12.620000,12.670000,12.480000,12.560000,11.141250,101974400
2013-03-25,12.680000,12.720000,12.320000,12.400000,10.999324,154320200
2013-03-26,12.450000,12.500000,12.150000,12.280000,10.892878,135654700
2013-03-27,12.140000,12.280000,12.120000,12.230000,10.848526,107177200
2013-03-28,12.240000,12.280000,12.110000,12.180000,10.804173,92013900
2013-04-01,12.150000,12.280000,12.100000,12.150000,10.777564,86281600
2013-04-02,12.240000,12.250000,12.140000,12.150000,10.777564,102626000
2013-04-03,12.120000,12.140000,11.720000,11.810000,10.475968,199765800
2013-04-04,11.810000,11.990000,11.720000,11.940000,10.591282,117831400
2013-04-05,11.670000,12.010000,11.640000,11.970000,10.617893,141061900
2013-04-08,12.000000,12.210000,11.910000,12.210000,10.830787,101419200
2013-04-09,12.250000,12.350000,12.210000,12.250000,10.866267,132365800
2013-04-10,12.310000,12.400000,12.260000,12.320000,10.928358,105853900
2013-04-11,12.310000,12.330000,12.160000,12.270000,10.884007,100241900
2013-04-12,12.150000,12.250000,12.070000,12.170000,10.795302,88191700
2013-04-15,12.190000,12.320000,11.970000,11.980000,10.626766,176504300
2013-04-16,12.210000,12.360000,12.080000,12.280000,10.892878,147641900
2013-04-17,11.910000,12.020000,11.450000,11.700000,10.378392,335408600
2013-04-18,11.610000,11.650000,11.230000,11.440000,10.147763,220290500
2013-04-19,11.560000,11.690000,11.430000,11.660000,10.342913,119792000
2013-04-22,11.680000,11.750000,11.570000,11.720000,10.396133,88532300
2013-04-23,11.920000,12.160000,11.900000,12.070000,10.706597,176816000
2013-04-24,12.140000,12.370000,12.120000,12.310000,10.919490,120624900
2013-04-25,12.390000,12.540000,12.360000,12.440000,11.034806,118694600
2013-04-26,12.340000,12.460000,12.290000,12.420000,11.017066,83093200
2013-04-29,12.450000,12.480000,12.370000,12.380000,10.981585,65432400
2013-04-30,12.390000,12.400000,12.200000,12.310000,10.919490,89362100
2013-05-01,12.200000,12.270000,12.080000,12.140000,10.768692,88417800
2013-05-02,12.170000,12.210000,12.050000,12.190000,10.813044,76530500
2013-05-03,12.360000,12.410000,12.210000,12.240000,10.857396,94322600
2013-05-06,12.390000,12.890000,12.360000,12.880000,11.425102,265062800
2013-05-07,12.920000,13.110000,12.760000,12.900000,11.442842,218248100
2013-05-08,12.850000,13.180000,12.840000,13.020000,11.549291,149755400
2013-05-09,13.050000,13.060000,12.870000,12.910000,11.451714,112952300
2013-05-10,12.940000,13.040000,12.890000,13.020000,11.549291,87625100
2013-05-13,12.980000,13.100000,12.950000,12.980000,11.513806,94295600
2013-05-14,13.040000,13.360000,13.020000,13.340000,11.833142,154128100
2013-05-15,13.290000,13.550000,13.290000,13.440000,11.921845,139728300
2013-05-16,13.410000,13.550000,13.320000,13.360000,11.850883,117977000
2013-05-17,13.500000,13.520000,13.390000,13.430000,11.912977,107335600
2013-05-20,13.390000,13.600000,13.390000,13.510000,11.983942,88941700
2013-05-21,13.530000,13.560000,13.360000,13.440000,11.921845,111810300
2013-05-22,13.490000,13.730000,13.170000,13.310000,11.806530,174531500
2013-05-23,12.930000,13.420000,12.820000,13.210000,11.717826,190522000
2013-05-24,13.170000,13.260000,13.120000,13.240000,11.744439,83452600
2013-05-28,13.490000,13.510000,13.310000,13.350000,11.842014,133553000
2013-05-29,13.310000,13.560000,13.270000,13.480000,11.957328,126397300
2013-05-30,13.500000,13.930000,13.430000,13.830000,12.267793,153383400
2013-05-31,13.910000,13.990000,13.650000,13.660000,12.116997,160176100
2013-06-03,13.690000,13.730000,13.210000,13.550000,12.019422,197168200
2013-06-04,13.510000,13.670000,13.310000,13.360000,11.850883,130055400
2013-06-05,13.290000,13.450000,12.970000,13.090000,11.620080,185778900
2013-06-06,13.080000,13.240000,12.850000,13.200000,11.717725,142361900
2013-06-07,13.330000,13.390000,13.150000,13.380000,11.877515,121057300
2013-06-10,13.490000,13.550000,13.260000,13.300000,11.806498,104648500
2013-06-11,13.110000,13.280000,13.070000,13.120000,11.646711,106369100
2013-06-12,13.240000,13.250000,12.970000,13.060000,11.593450,117289400
2013-06-13,13.000000,13.260000,12.970000,13.210000,11.726604,103636400
2013-06-14,13.230000,13.240000,13.030000,13.070000,11.602326,101380700
2013-06-17,13.170000,13.260000,13.130000,13.210000,11.726604,115441500
2013-06-18,13.220000,13.340000,13.200000,13.270000,11.779867,67257600
2013-06-19,13.290000,13.400000,13.170000,13.190000,11.708852,103850000
2013-06-20,13.080000,13.140000,12.800000,12.890000,11.442536,185741100
2013-06-21,12.990000,13.000000,12.390000,12.690000,11.264997,196004700
2013-06-24,12.400000,12.450000,12.130000,12.300000,10.918790,159762500
2013-06-25,12.610000,12.770000,12.430000,12.670000,11.247244,132844500
2013-06-26,12.840000,12.850000,12.680000,12.760000,11.327138,105282000
2013-06-27,12.840000,13.030000,12.780000,13.010000,11.549065,124616300
2013-06-28,12.970000,13.000000,12.840000,12.860000,11.415906,90297100
2013-07-01,12.950000,13.100000,12.920000,12.930000,11.478048,83146300
2013-07-02,12.950000,13.100000,12.800000,12.900000,11.451413,83708600
2013-07-03,12.820000,12.840000,12.730000,12.830000,11.389277,37971700
2013-07-05,12.990000,13.080000,12.910000,13.060000,11.593450,80758500
2013-07-08,13.110000,13.370000,13.080000,13.280000,11.788743,107441200
2013-07-09,13.370000,13.530000,13.250000,13.530000,12.010670,106067300
2013-07-10,13.510000,13.530000,13.310000,13.370000,11.868640,104353400
2013-07-11,13.540000,13.580000,13.330000,13.510000,11.992914,93756500
2013-07-12,13.540000,13.800000,13.470000,13.780000,12.232597,123958400
2013-07-15,13.930000,13.940000,13.760000,13.880000,12.321367,90765200
2013-07-16,13.930000,14.020000,13.770000,13.920000,12.356874,146041900
2013-07-17,14.060000,14.440000,14.040000,14.310000,12.703082,249674500
2013-07-18,14.400000,14.850000,14.400000,14.760000,13.102551,221796400
2013-07-19,14.760000,14.760000,14.600000,14.750000,13.093673,136196600
2013-07-22,14.740000,14.990000,14.650000,14.920000,13.244584,112416800
2013-07-23,14.980000,15.030000,14.860000,14.940000,13.262337,113736000
2013-07-24,15.000000,15.000000,14.680000,14.710000,13.058165,117771100
2013-07-25,14.620000,14.850000,14.540000,14.830000,13.164691,89243300
2013-07-26,14.700000,14.760000,14.620000,14.730000,13.075919,73777800
2013-07-29,14.650000,14.700000,14.450000,14.520000,12.889501,88616700
2013-07-30,14.580000,14.630000,14.460000,14.520000,12.889501,71675200
2013-07-31,14.580000,14.850000,14.570000,14.600000,12.960518,128182500
2013-08-01,14.850000,14.970000,14.820000,14.950000,13.271215,108554200
2013-08-02,14.880000,14.910000,14.780000,14.840000,13.173566,83367400
2013-08-05,14.770000,14.840000,14.700000,14.800000,13.138059,61711900
2013-08-06,14.740000,14.760000,14.630000,14.640000,12.996028,84249800
2013-08-07,14.430000,14.570000,14.250000,14.530000,12.898378,128693600
2013-08-08,14.680000,14.700000,14.440000,14.610000,12.969394,88544100
2013-08-09,14.560000,14.610000,14.400000,14.450000,12.827361,72897900
2013-08-12,14.360000,14.470000,14.320000,14.410000,12.791850,60867500
2013-08-13,14.470000,14.620000,14.330000,14.510000,12.880623,75777900
2013-08-14,14.550000,14.750000,14.540000,14.600000,12.960518,78553700
2013-08-15,14.460000,14.470000,14.310000,14.320000,12.711959,99238900
2013-08-16,14.290000,14.470000,14.210000,14.420000,12.800730,104959000
2013-08-19,14.370000,14.380000,14.130000,14.150000,12.561047,98384600
2013-08-20,14.180000,14.380000,13.980000,14.290000,12.685327,114332500
2013-08-21,14.260000,14.480000,14.200000,14.340000,12.729713,91680600
2013-08-22,14.470000,14.600000,14.400000,14.570000,12.933885,76348300
2013-08-23,14.590000,14.690000,14.510000,14.570000,12.933885,67699200
2013-08-26,14.530000,14.700000,14.490000,14.490000,12.862868,68938900
2013-08-27,14.260000,14.410000,14.100000,14.110000,12.525538,122534200
2013-08-28,14.070000,14.250000,13.990000,14.120000,12.534415,96473600
2013-08-29,14.140000,14.300000,14.120000,14.170000,12.578800,76691500
2013-08-30,14.230000,14.250000,14.070000,14.120000,12.534415,73233400
2013-09-03,14.300000,14.380000,14.180000,14.250000,12.649821,74628700
2013-09-04,14.210000,14.400000,14.210000,14.320000,12.720888,71132500
2013-09-05,14.410000,14.550000,14.360000,14.370000,12.765303,71229200
2013-09-06,14.470000,14.500000,14.270000,14.360000,12.756418,75513100
2013-09-09,14.410000,14.490000,14.370000,14.480000,12.863020,53447300
2013-09-10,14.520000,14.690000,14.520000,14.610000,12.978502,93180300
2013-09-11,14.560000,14.680000,14.520000,14.650000,13.014033,81098900
2013-09-12,14.650000,14.680000,14.460000,14.480000,12.863020,63355900
2013-09-13,14.460000,14.550000,14.450000,14.490000,12.871902,56793400
2013-09-16,14.610000,14.680000,14.530000,14.530000,12.907435,65276500
2013-09-17,14.530000,14.620000,14.400000,14.550000,12.925202,73686100
2013-09-18,14.530000,14.820000,14.490000,14.710000,13.067333,127092600
2013-09-19,14.800000,14.830000,14.580000,14.610000,12.978502,79710700
2013-09-20,14.650000,14.660000,14.440000,14.440000,12.827483,145174800
2013-09-23,14.310000,14.320000,14.090000,14.140000,12.560986,127283100
2013-09-24,14.180000,14.250000,14.010000,14.090000,12.516569,96912800
2013-09-25,14.120000,14.240000,14.030000,14.140000,12.560986,86546100
2013-09-26,14.190000,14.220000,13.980000,14.080000,12.507684,89352900
2013-09-27,13.990000,14.030000,13.880000,13.900000,12.347786,79156000
2013-09-30,13.690000,13.930000,13.600000,13.800000,12.258955,104439900
2013-10-01,13.850000,13.920000,13.810000,13.900000,12.347786,57631000
2013-10-02,13.810000,14.100000,13.790000,14.060000,12.489921,89186300
2013-10-03,14.070000,14.100000,13.830000,14.000000,12.436621,95269000
2013-10-04,14.020000,14.080000,13.960000,14.050000,12.481037,63495400
2013-10-07,13.910000,13.950000,13.800000,13.810000,12.267837,64822700
2013-10-08,13.830000,13.900000,13.680000,13.690000,12.161236,92746200
2013-10-09,13.720000,13.930000,13.690000,13.840000,12.294486,96012800
2013-10-10,14.030000,14.250000,14.010000,14.230000,12.640936,102305800
2013-10-11,14.240000,14.280000,14.110000,14.190000,12.605402,83422000
2013-10-14,14.060000,14.390000,14.050000,14.350000,12.747537,78367500
2013-10-15,14.390000,14.430000,14.210000,14.240000,12.649820,102099300
2013-10-16,14.320000,14.610000,14.320000,14.560000,12.934083,153481000
2013-10-17,14.450000,14.660000,14.410000,14.660000,13.022918,94090800
2013-10-18,14.680000,14.720000,14.530000,14.630000,12.996269,96986400
2013-10-21,14.530000,14.590000,14.470000,14.520000,12.898554,91280600
2013-10-22,14.550000,14.630000,14.450000,14.520000,12.898554,102836000
2013-10-23,14.450000,14.480000,14.170000,14.210000,12.623171,108529700
2013-10-24,14.120000,14.200000,14.070000,14.170000,12.587634,92566100
2013-10-25,14.150000,14.270000,14.140000,14.260000,12.667586,58592400
2013-10-28,14.290000,14.320000,14.210000,14.230000,12.640936,62328000
2013-10-29,14.260000,14.290000,14.060000,14.150000,12.569869,79563100
2013-10-30,14.190000,14.290000,14.150000,14.170000,12.587634,76624200
2013-10-31,14.140000,14.160000,13.960000,13.970000,12.409972,105713400
2013-11-01,14.000000,14.100000,13.960000,14.020000,12.454388,75610400
2013-11-04,14.090000,14.120000,14.000000,14.040000,12.472154,53063200
2013-11-05,13.990000,14.020000,13.900000,13.930000,12.374437,71809700
2013-11-06,13.990000,14.020000,13.910000,13.960000,12.401086,66712900
2013-11-07,14.000000,14.030000,13.800000,13.800000,12.258955,80775000
2013-11-08,13.860000,14.320000,13.840000,14.320000,12.720888,158227300
2013-11-11,14.270000,14.420000,14.240000,14.400000,12.791951,66357400
2013-11-12,14.330000,14.460000,14.260000,14.320000,12.720888,69498300
2013-11-13,14.260000,14.640000,14.200000,14.640000,13.005152,128018500
2013-11-14,14.680000,14.820000,14.610000,14.800000,13.147287,128999400
2013-11-15,14.790000,14.950000,14.770000,14.920000,13.253883,105475300
2013-11-18,14.980000,15.170000,14.860000,14.920000,13.253883,145554400
2013-11-19,14.980000,15.300000,14.970000,15.200000,13.502615,161505600
2013-11-20,15.250000,15.270000,15.080000,15.140000,13.449315,107174900
2013-11-21,15.220000,15.600000,15.200000,15.590000,13.849064,142053600
2013-11-22,15.700000,15.790000,15.600000,15.640000,13.893481,110331100
2013-11-25,15.670000,15.980000,15.660000,15.810000,14.044496,153765500
2013-11-26,15.840000,15.970000,15.810000,15.880000,14.106679,114833700
2013-11-27,15.870000,15.940000,15.760000,15.830000,14.062263,75503600
2013-11-29,15.840000,15.920000,15.790000,15.820000,14.053381,44288400
2013-12-02,15.840000,15.970000,15.700000,15.730000,13.973430,92987400
2013-12-03,15.640000,15.790000,15.390000,15.540000,13.804648,106450300
2013-12-04,15.390000,15.730000,15.360000,15.630000,13.893536,96678100
2013-12-05,15.610000,15.640000,15.360000,15.430000,13.715755,95230500
2013-12-06,15.610000,15.720000,15.460000,15.560000,13.831315,92203100
2013-12-09,15.620000,15.670000,15.560000,15.580000,13.849092,50167200
2013-12-10,15.520000,15.680000,15.510000,15.560000,13.831315,67486300
2013-12-11,15.550000,15.550000,15.180000,15.250000,13.555755,117565000
2013-12-12,15.260000,15.350000,15.120000,15.250000,13.555755,76113900
2013-12-13,15.280000,15.330000,15.130000,15.180000,13.493532,61575600
2013-12-16,15.220000,15.340000,15.200000,15.240000,13.546865,71467000
2013-12-17,15.240000,15.300000,15.140000,15.180000,13.493532,74247300
2013-12-18,15.280000,15.710000,15.060000,15.690000,13.946872,152929300
2013-12-19,15.660000,15.790000,15.600000,15.750000,14.000208,97776100
2013-12-20,15.750000,15.870000,15.600000,15.600000,13.866871,131956000
2013-12-23,15.720000,15.790000,15.690000,15.690000,13.946872,52565800
2013-12-24,15.720000,15.750000,15.670000,15.700000,13.955760,21770400
2013-12-26,15.740000,15.750000,15.640000,15.650000,13.911316,48803600
2013-12-27,15.670000,15.700000,15.580000,15.670000,13.929094,40049300
2013-12-30,15.640000,15.690000,15.520000,15.540000,13.813537,56218800
2013-12-31,15.600000,15.620000,15.510000,15.570000,13.840203,57188900
2014-01-02,15.690000,16.160000,15.680000,16.100000,14.311323,148709900
2014-01-03,16.270000,16.500000,16.230000,16.410000,14.586881,129921800
2014-01-06,16.629999,16.730000,16.559999,16.660000,14.809108,114431300
2014-01-07,16.770000,16.790001,16.450001,16.500000,14.666881,110605100
2014-01-08,16.670000,16.690001,16.520000,16.580000,14.737992,101036400
2014-01-09,16.670000,16.930000,16.610001,16.830000,14.960218,100947200
2014-01-10,16.750000,16.790001,16.610001,16.770000,14.906882,87454100
2014-01-13,16.790001,16.799999,16.400000,16.430000,14.604661,90025400
2014-01-14,16.540001,16.770000,16.530001,16.770000,14.906882,97786600
2014-01-15,17.230000,17.420000,17.110001,17.150000,15.244671,329333100
2014-01-16,17.090000,17.139999,16.990000,17.080000,15.182446,163613100
2014-01-17,17.200001,17.219999,16.990000,17.010000,15.120220,96232200
2014-01-21,17.080000,17.160000,16.870001,17.010000,15.120220,118269200
2014-01-22,17.080000,17.150000,17.000000,17.150000,15.244671,68114400
2014-01-23,17.070000,17.090000,16.740000,16.860001,14.986887,123765900
2014-01-24,16.670000,16.719999,16.450001,16.450001,14.622435,112899300
2014-01-27,16.370001,16.540001,16.059999,16.309999,14.497992,134872600
2014-01-28,16.450001,16.760000,16.370001,16.730000,14.871330,92891300
2014-01-29,16.549999,16.850000,16.490000,16.680000,14.826885,130026900
2014-01-30,16.809999,16.990000,16.770000,16.930000,15.049109,91028200
2014-01-31,16.719999,16.980000,16.610001,16.750000,14.889108,139432100
2014-02-03,16.770000,16.879999,16.299999,16.350000,14.533549,159981200
2014-02-04,16.490000,16.559999,16.260000,16.350000,14.533549,125337000
2014-02-05,16.309999,16.450001,16.150000,16.400000,14.577993,110576200
2014-02-06,16.450001,16.730000,16.440001,16.690001,14.835775,110029100
2014-02-07,16.820000,16.879999,16.629999,16.820000,14.951333,122571100
2014-02-10,16.709999,16.730000,16.600000,16.719999,14.862439,95792500
2014-02-11,16.730000,16.920000,16.639999,16.879999,15.004663,92617500
2014-02-12,16.870001,16.910000,16.650000,16.750000,14.889108,96948900
2014-02-13,16.650000,16.820000,16.629999,16.750000,14.889108,95756900
2014-02-14,16.740000,16.760000,16.650000,16.700001,14.844665,100684300
2014-02-18,16.700001,16.740000,16.469999,16.469999,14.640210,121778600
2014-02-19,16.379999,16.450001,16.180000,16.200001,14.400210,137734500
2014-02-20,16.219999,16.360001,16.180000,16.299999,14.489100,107425900
2014-02-21,16.290001,16.490000,16.250000,16.290001,14.480212,106236900
2014-02-24,16.299999,16.629999,16.299999,16.530001,14.693550,102909600
2014-02-25,16.500000,16.559999,16.320000,16.340000,14.524656,81457000
2014-02-26,16.360001,16.400000,16.129999,16.330000,14.515771,89831600
2014-02-27,16.270000,16.490000,16.209999,16.490000,14.657994,71314500
2014-02-28,16.490000,16.650000,16.350000,16.530001,14.693550,126252100
2014-03-03,16.299999,16.410000,16.190001,16.299999,14.489100,87526800
2014-03-04,16.480000,16.740000,16.430000,16.730000,14.871330,100849900
2014-03-05,16.790001,17.309999,16.780001,17.250000,15.342730,207180000
2014-03-06,17.420000,17.629999,17.309999,17.350000,15.431675,138078900
2014-03-07,17.540001,17.590000,17.250000,17.330000,15.413886,109547100
2014-03-10,17.270000,17.469999,17.250000,17.469999,15.538405,81732700
2014-03-11,17.510000,17.520000,17.250000,17.270000,15.360518,90183400
2014-03-12,17.180000,17.330000,17.070000,17.280001,15.369414,83309200
2014-03-13,17.340000,17.469999,17.070000,17.160000,15.262684,100875700
2014-03-14,17.080000,17.219999,16.760000,16.799999,14.942482,131297200
2014-03-17,16.980000,17.170000,16.969999,17.110001,15.218205,79942200
2014-03-18,17.139999,17.219999,17.070000,17.190001,15.289363,67402400
2014-03-19,17.160000,17.490000,17.120001,17.440001,15.511722,105006500
2014-03-20,17.440001,18.000000,17.430000,17.920000,15.938651,167048700
2014-03-21,18.030001,18.030001,17.559999,17.559999,15.618451,155721000
2014-03-24,17.620001,17.650000,17.299999,17.370001,15.449464,118500000
2014-03-25,17.490000,17.580000,17.200001,17.209999,15.307150,98348600
2014-03-26,17.379999,17.400000,17.180000,17.180000,15.280466,97573700
2014-03-27,17.280001,17.490000,16.830000,17.010000,15.129265,175139500
2014-03-28,17.090000,17.150000,16.850000,16.980000,15.102584,79909500
2014-03-31,17.150000,17.270000,17.120001,17.200001,15.298260,62115800
2014-04-01,17.280001,17.400000,17.260000,17.340000,15.422777,57423800
2014-04-02,17.350000,17.379999,17.129999,17.230000,15.324940,65349000
2014-04-03,17.209999,17.240000,17.030001,17.150000,15.253791,56534500
2014-04-04,17.209999,17.219999,16.700001,16.719999,14.871327,110409600
2014-04-07,16.690001,16.700001,16.190001,16.379999,14.568922,129464900
2014-04-08,16.370001,16.500000,16.250000,16.440001,14.622287,75769700
2014-04-09,16.549999,16.629999,16.350000,16.620001,14.782390,83096400
2014-04-10,16.620001,16.620001,16.100000,16.120001,14.337672,98390900
2014-04-11,15.860000,16.129999,15.620000,15.770000,14.026369,133757100
2014-04-14,16.049999,16.219999,15.780000,16.000000,14.230937,99249400
2014-04-15,16.090000,16.410000,15.960000,16.389999,14.577814,134956600
2014-04-16,16.200001,16.219999,15.780000,16.129999,14.346562,172948900
2014-04-17,16.139999,16.250000,15.930000,16.150000,14.364355,104765500
2014-04-21,16.150000,16.170000,16.030001,16.090000,14.310985,51280500
2014-04-22,16.090000,16.340000,16.040001,16.290001,14.488873,77888900
2014-04-23,16.299999,16.400000,16.230000,16.370001,14.560030,52425600
2014-04-24,16.430000,16.500000,16.209999,16.340000,14.533345,73910900
2014-04-25,16.100000,16.230000,15.930000,15.950000,14.186466,84617700
2014-04-28,15.330000,15.410000,14.860000,14.950000,13.297031,344935200
2014-04-29,15.040000,15.300000,14.910000,15.240000,13.554969,155495000
2014-04-30,15.260000,15.270000,15.130000,15.140000,13.466024,82359700
2014-05-01,15.140000,15.220000,15.030000,15.090000,13.421553,68368300
2014-05-02,15.180000,15.290000,15.100000,15.250000,13.563864,73562900
2014-05-05,15.080000,15.130000,15.020000,15.080000,13.412659,51669100
2014-05-06,15.030000,15.030000,14.720000,14.730000,13.101357,96268300
2014-05-07,14.860000,14.920000,14.750000,14.800000,13.163619,91733000
2014-05-08,14.850000,15.040000,14.800000,14.930000,13.279243,65232700
2014-05-09,14.950000,14.990000,14.670000,14.740000,13.110250,86751600
2014-05-12,14.790000,15.100000,14.790000,15.070000,13.403763,70669900
2014-05-13,15.040000,15.100000,14.940000,15.030000,13.368187,58469100
2014-05-14,14.990000,15.020000,14.810000,14.840000,13.199194,52431900
2014-05-15,14.820000,14.830000,14.390000,14.550000,12.941257,104193000
2014-05-16,14.510000,14.540000,14.370000,14.510000,12.905683,80476100
2014-05-19,14.430000,14.700000,14.380000,14.670000,13.047992,51034700
2014-05-20,14.650000,14.690000,14.480000,14.530000,12.923473,60108200
2014-05-21,14.590000,14.710000,14.500000,14.610000,12.994626,64808600
2014-05-22,14.580000,14.720000,14.550000,14.710000,13.083568,51929400
2014-05-23,14.710000,14.810000,14.650000,14.720000,13.092463,51648900
2014-05-27,15.000000,15.310000,14.980000,15.220000,13.537180,125398900
2014-05-28,15.270000,15.280000,15.030000,15.140000,13.466024,72481700
2014-05-29,15.120000,15.210000,15.100000,15.150000,13.474916,39423000
2014-05-30,15.120000,15.230000,15.070000,15.140000,13.466024,45787100
2014-06-02,15.160000,15.280000,15.050000,15.260000,13.572758,46374000
2014-06-03,15.200000,15.280000,15.110000,15.210000,13.528285,49025400
2014-06-04,15.190000,15.260000,15.150000,15.210000,13.528285,39757300
2014-06-05,15.280000,15.480000,15.220000,15.430000,13.723961,60300500
2014-06-06,15.450000,15.650000,15.430000,15.590000,13.866272,73930500
2014-06-09,15.600000,15.880000,15.600000,15.840000,14.088626,78647900
2014-06-10,15.780000,15.940000,15.730000,15.920000,14.159782,49852900
2014-06-11,15.690000,15.820000,15.550000,15.590000,13.866272,73729300
2014-06-12,15.570000,15.660000,15.380000,15.420000,13.715068,66173200
2014-06-13,15.460000,15.550000,15.330000,15.440000,13.732852,61588100
2014-06-16,15.300000,15.310000,15.180000,15.280000,13.590548,55425400
2014-06-17,15.270000,15.620000,15.260000,15.590000,13.866272,58011600
2014-06-18,15.630000,15.690000,15.440000,15.650000,13.919635,70220300
2014-06-19,15.660000,15.670000,15.500000,15.550000,13.830691,40953900
2014-06-20,15.630000,15.630000,15.440000,15.450000,13.750592,54765300
2014-06-23,15.470000,15.650000,15.380000,15.640000,13.919693,58492200
2014-06-24,15.560000,15.700000,15.440000,15.490000,13.786194,73262500
2014-06-25,15.450000,15.490000,15.280000,15.470000,13.768394,71766400
2014-06-26,15.440000,15.530000,15.270000,15.410000,13.714993,68519600
2014-06-27,15.380000,15.420000,15.310000,15.330000,13.643790,58149200
2014-06-30,15.310000,15.450000,15.290000,15.370000,13.679392,47274500
2014-07-01,15.380000,15.650000,15.380000,15.600000,13.884092,74193500
2014-07-02,15.780000,16.030001,15.760000,15.850000,14.106596,87685800
2014-07-03,16.070000,16.230000,16.000000,16.030001,14.266796,70582300
2014-07-07,15.990000,16.000000,15.830000,15.940000,14.186694,62437100
2014-07-08,15.820000,15.830000,15.520000,15.580000,13.866293,73343400
2014-07-09,15.620000,15.690000,15.540000,15.600000,13.884092,46415800
2014-07-10,15.330000,15.530000,15.250000,15.440000,13.741692,61458500
2014-07-11,15.390000,15.430000,15.300000,15.380000,13.688293,56849400
2014-07-14,15.620000,15.670000,15.520000,15.570000,13.857393,59181700
2014-07-15,15.750000,15.850000,15.660000,15.810000,14.070993,99946700
2014-07-16,15.660000,15.660000,15.430000,15.510000,13.803992,123711700
2014-07-17,15.450000,15.480000,15.130000,15.200000,13.528090,114839900
2014-07-18,15.270000,15.500000,15.250000,15.490000,13.786194,74859200
2014-07-21,15.420000,15.550000,15.360000,15.520000,13.812893,61802200
2014-07-22,15.590000,15.620000,15.470000,15.520000,13.812893,58331100
2014-07-23,15.520000,15.630000,15.510000,15.520000,13.812893,47253300
2014-07-24,15.560000,15.640000,15.550000,15.620000,13.901894,46549800
2014-07-25,15.590000,15.630000,15.550000,15.590000,13.875193,35627200
2014-07-28,15.590000,15.610000,15.460000,15.500000,13.795092,39313000
2014-07-29,15.520000,15.530000,15.340000,15.340000,13.652692,51480500
2014-07-30,15.430000,15.670000,15.310000,15.580000,13.866293,83243100
2014-07-31,15.440000,15.550000,15.250000,15.250000,13.572592,70677300
2014-08-01,15.180000,15.390000,14.840000,14.980000,13.332290,115978900
2014-08-04,15.070000,15.120000,14.980000,15.050000,13.394590,51954700
2014-08-05,15.010000,15.200000,14.900000,15.000000,13.350089,65071500
2014-08-06,15.140000,15.360000,15.140000,15.200000,13.528090,95977900
2014-08-07,15.440000,15.440000,15.090000,15.120000,13.456892,80058300
2014-08-08,15.080000,15.200000,14.990000,15.200000,13.528090,54495000
2014-08-11,15.260000,15.270000,15.150000,15.220000,13.545892,41545100
2014-08-12,15.180000,15.300000,15.150000,15.210000,13.536991,33674400
2014-08-13,15.250000,15.290000,15.200000,15.250000,13.572592,34394600
2014-08-14,15.260000,15.320000,15.260000,15.320000,13.634892,29934600
2014-08-15,15.340000,15.410000,15.140000,15.220000,13.545892,61535500
2014-08-18,15.280000,15.450000,15.270000,15.450000,13.750592,54968600
2014-08-19,15.520000,15.650000,15.440000,15.450000,13.750592,44825500
2014-08-20,15.410000,15.630000,15.370000,15.520000,13.812893,57825000
2014-08-21,15.690000,16.219999,15.620000,16.160000,14.382496,177294400
2014-08-22,16.160000,16.290001,16.049999,16.129999,14.355792,107641800
2014-08-25,16.270000,16.400000,16.200001,16.290001,14.498197,89396500
2014-08-26,16.340000,16.459999,16.320000,16.330000,14.533797,73323400
2014-08-27,16.370001,16.389999,16.139999,16.200001,14.418096,63061800
2014-08-28,16.100000,16.100000,15.990000,16.010000,14.248995,62170400
2014-08-29,16.049999,16.139999,16.020000,16.090000,14.320194,50106600
2014-09-02,16.139999,16.280001,16.059999,16.270000,14.480397,59400400
2014-09-03,16.270000,16.280001,16.040001,16.100000,14.373266,67418900
2014-09-04,16.100000,16.270000,16.040001,16.110001,14.382195,56378600
2014-09-05,16.049999,16.070000,15.900000,16.020000,14.301847,80974900
2014-09-08,16.190001,16.370001,16.150000,16.350000,14.596456,99411200
2014-09-09,16.250000,16.260000,16.100000,16.139999,14.408977,82428900
2014-09-10,16.160000,16.400000,16.129999,16.360001,14.605382,75656100
2014-09-11,16.320000,16.629999,16.299999,16.570000,14.792859,106598100
2014-09-12,16.620001,16.830000,16.610001,16.790001,14.989263,116306800
2014-09-15,16.799999,16.930000,16.620001,16.740000,14.944631,87306900
2014-09-16,16.670000,16.840000,16.670000,16.709999,14.917844,65017200
2014-09-17,16.709999,16.930000,16.680000,16.770000,14.971407,82902700
2014-09-18,16.879999,17.150000,16.870001,17.040001,15.212449,111923200
2014-09-19,17.150000,17.170000,16.879999,16.950001,15.132103,88455000
2014-09-22,17.090000,17.170000,16.990000,17.030001,15.203522,109276700
2014-09-23,17.049999,17.200001,17.030001,17.049999,15.221375,91921900
2014-09-24,17.120001,17.190001,16.969999,17.180000,15.337434,86396100
2014-09-25,17.160000,17.180000,16.850000,16.850000,15.042829,104522500
2014-09-26,16.910000,17.049999,16.889999,17.030001,15.203522,66785900
2014-09-29,16.910000,17.049999,16.879999,17.010000,15.185668,68038300
2014-09-30,17.080000,17.110001,16.969999,17.049999,15.221375,82217400
2014-10-01,17.070000,17.090000,16.799999,16.820000,15.016047,91235900
2014-10-02,16.860001,16.990000,16.629999,16.879999,15.069612,118018800
2014-10-03,17.110001,17.299999,17.059999,17.290001,15.435642,110840600
2014-10-06,17.370001,17.410000,17.219999,17.290001,15.435642,66212100
2014-10-07,17.180000,17.200001,16.879999,16.879999,15.069612,91396300
2014-10-08,16.879999,17.120001,16.719999,17.120001,15.283872,101266800
2014-10-09,17.040001,17.110001,16.549999,16.590000,14.810714,121363100
2014-10-10,16.520000,16.770000,16.360001,16.480000,14.712510,129552700
2014-10-13,16.480000,16.670000,16.400000,16.400000,14.641091,92674100
2014-10-14,16.510000,16.629999,16.360001,16.520000,14.748219,97451900
2014-10-15,16.230000,16.240000,15.430000,15.760000,14.069732,216591800
2014-10-16,15.610000,16.250000,15.520000,16.080000,14.355413,148199400
2014-10-17,16.250000,16.410000,16.160000,16.209999,14.471467,94339200
2014-10-20,16.200001,16.330000,16.160000,16.260000,14.516107,76510700
2014-10-21,16.430000,16.610001,16.309999,16.600000,14.819640,78287300
2014-10-22,16.590000,16.700001,16.370001,16.400000,14.641091,85199800
2014-10-23,16.580000,16.730000,16.520000,16.600000,14.819640,68436600
2014-10-24,16.629999,16.719999,16.559999,16.719999,14.926768,41951400
2014-10-27,16.680000,16.690001,16.500000,16.590000,14.810714,51500000
2014-10-28,16.620001,16.799999,16.610001,16.799999,14.998189,71850800
2014-10-29,16.770000,17.020000,16.709999,16.990000,15.167816,99875700
2014-10-30,16.959999,17.120001,16.840000,17.030001,15.203522,72579100
2014-10-31,17.170000,17.219999,17.100000,17.160000,15.319584,82788900
2014-11-03,17.180000,17.350000,17.100000,17.270000,15.417783,64050700
2014-11-04,17.219999,17.299999,17.020000,17.209999,15.364217,53515400
2014-11-05,17.320000,17.370001,17.209999,17.340000,15.480276,58608200
2014-11-06,17.340000,17.400000,17.280001,17.360001,15.498131,57339200
2014-11-07,17.309999,17.379999,17.219999,17.360001,15.498131,53907800
2014-11-10,17.360001,17.400000,17.299999,17.370001,15.507061,54261100
2014-11-11,17.370001,17.459999,17.299999,17.320000,15.462420,62236000
2014-11-12,17.240000,17.299999,17.070000,17.290001,15.435642,48669100
2014-11-13,17.290001,17.299999,17.120001,17.219999,15.373150,50586300
2014-11-14,17.170000,17.250000,17.100000,17.139999,15.301726,41144600
2014-11-17,17.059999,17.139999,16.969999,17.090000,15.257090,43393300
2014-11-18,17.070000,17.219999,17.059999,17.139999,15.301726,39490700
2014-11-19,17.150000,17.150000,17.010000,17.059999,15.230305,49441600
2014-11-20,16.959999,17.010000,16.830000,17.000000,15.176739,49652100
2014-11-21,17.150000,17.190001,17.059999,17.120001,15.283872,63000000
2014-11-24,17.160000,17.280001,17.080000,17.180000,15.337434,52785700
2014-11-25,17.230000,17.260000,17.080000,17.100000,15.266014,44786300
2014-11-26,17.120001,17.150000,17.040001,17.110001,15.274941,27310300
2014-11-28,17.070000,17.150000,17.030001,17.040001,15.212449,27834900
2014-12-01,16.920000,16.940001,16.730000,16.790001,14.989263,61173100
2014-12-02,16.870001,17.150000,16.860001,17.150000,15.310656,62945200
2014-12-03,17.100000,17.299999,17.059999,17.290001,15.480777,70104200
2014-12-04,17.240000,17.340000,17.129999,17.209999,15.409141,49412800
2014-12-05,17.410000,17.709999,17.350000,17.680000,15.829965,131824000
2014-12-08,17.660000,17.870001,17.510000,17.660000,15.812057,101035100
2014-12-09,17.180000,17.590000,17.170000,17.559999,15.722517,95939400
2014-12-10,17.480000,17.680000,17.370001,17.379999,15.561355,103611100
2014-12-11,17.440001,17.650000,17.440001,17.469999,15.641935,80173200
2014-12-12,17.469999,17.469999,17.129999,17.129999,15.337515,88886700
2014-12-15,17.299999,17.309999,16.760000,16.850000,15.086814,101305300
2014-12-16,16.740000,17.190001,16.590000,16.719999,14.970414,96112000
2014-12-17,16.870001,17.270000,16.820000,17.260000,15.453914,92164100
2014-12-18,17.469999,17.530001,17.340000,17.530001,15.695657,79334000
2014-12-19,17.490000,17.700001,17.490000,17.620001,15.776242,105588200
2014-12-22,17.650000,17.730000,17.549999,17.709999,15.856824,70969300
2014-12-23,17.830000,17.990000,17.780001,17.930000,16.053801,94405200
2014-12-24,17.969999,18.100000,17.920000,17.980000,16.098568,35091300
2014-12-26,18.020000,18.049999,17.950001,17.980000,16.098568,34362500
2014-12-29,17.969999,18.190001,17.910000,18.110001,16.214966,58370900
2014-12-30,18.040001,18.180000,18.010000,18.129999,16.232870,41433500
2014-12-31,18.190001,18.209999,17.889999,17.889999,16.017988,57819600
2015-01-02,17.990000,18.030001,17.680000,17.900000,16.026943,48951100
2015-01-05,17.790001,17.809999,17.290001,17.379999,15.561355,105605500
2015-01-06,17.420000,17.440001,16.780001,16.860001,15.095765,144912400
2015-01-07,17.139999,17.180000,16.870001,16.940001,15.167395,104603800
2015-01-08,17.160000,17.340000,17.100000,17.290001,15.480777,73388500
2015-01-09,17.379999,17.379999,16.950001,16.980000,15.203212,84144600
2015-01-12,17.020000,17.030001,16.660000,16.680000,14.934602,92762500
2015-01-13,16.820000,16.889999,16.320000,16.450001,14.728671,100845400
2015-01-14,16.000000,16.219999,15.770000,16.040001,14.361572,164779800
2015-01-15,15.590000,15.760000,15.150000,15.200000,13.609470,193241300
2015-01-16,15.160000,15.400000,14.970000,15.380000,13.770636,149802000
2015-01-20,15.590000,15.630000,15.200000,15.260000,13.663193,123402800
2015-01-21,15.280000,15.570000,15.150000,15.410000,13.797496,101054200
2015-01-22,15.550000,16.190001,15.430000,16.090000,14.406340,183042100
2015-01-23,16.040001,16.190001,15.730000,15.730000,14.084012,103376900
2015-01-26,15.720000,15.930000,15.700000,15.850000,14.191455,69969300
2015-01-27,15.550000,15.790000,15.480000,15.630000,13.994473,86184200
2015-01-28,15.720000,15.730000,15.180000,15.200000,13.609470,105359800
2015-01-29,15.310000,15.490000,15.200000,15.430000,13.815403,76095800
2015-01-30,15.230000,15.470000,15.150000,15.150000,13.564700,99844600
2015-02-02,15.270000,15.490000,15.120000,15.460000,13.842264,101586700
2015-02-03,15.620000,15.930000,15.610000,15.890000,14.227269,105159400
2015-02-04,15.790000,16.000000,15.750000,15.790000,14.137732,83848100
2015-02-05,15.980000,16.090000,15.900000,15.970000,14.298897,92264700
2015-02-06,16.299999,16.750000,16.219999,16.490000,14.764484,160832300
2015-02-09,16.350000,16.500000,16.250000,16.350000,14.639134,95532900
2015-02-10,16.559999,16.620001,16.350000,16.420000,14.701809,100322800
2015-02-11,16.330000,16.450001,16.209999,16.360001,14.648088,99924400
2015-02-12,16.410000,16.730000,16.370001,16.670000,14.925651,116394100
2015-02-13,16.730000,16.790001,16.540001,16.610001,14.871926,93632700
2015-02-17,16.520000,16.680000,16.370001,16.629999,14.889835,93350600
2015-02-18,16.549999,16.559999,16.240000,16.299999,14.594365,84057400
2015-02-19,16.209999,16.379999,16.080000,16.209999,14.513781,83604300
2015-02-20,16.139999,16.430000,16.010000,16.379999,14.665993,89763600
2015-02-23,16.320000,16.320000,16.100000,16.200001,14.504830,87623700
2015-02-24,16.270000,16.549999,16.250000,16.379999,14.665993,74109600
2015-02-25,16.370001,16.500000,16.320000,16.490000,14.764484,57201000
2015-02-26,16.420000,16.440001,15.900000,16.040001,14.361572,161100700
2015-02-27,15.780000,15.880000,15.620000,15.810000,14.155639,130448200
2015-03-02,15.790000,16.030001,15.720000,16.010000,14.334712,71402400
2015-03-03,16.030001,16.150000,15.960000,16.040001,14.361572,65689800
2015-03-04,15.960000,15.980000,15.760000,15.840000,14.226848,78441600
2015-03-05,15.920000,16.030001,15.750000,16.000000,14.370553,69510000
2015-03-06,16.000000,16.620001,16.000000,16.219999,14.568146,163207200
2015-03-09,16.309999,16.330000,16.120001,16.170000,14.523240,72912700
2015-03-10,16.040001,16.129999,15.790000,15.790000,14.181940,85633600
2015-03-11,15.920000,16.160000,15.870000,16.110001,14.469353,85910100
2015-03-12,16.049999,16.209999,15.900000,16.090000,14.451387,126376300
2015-03-13,16.080000,16.150000,15.940000,16.090000,14.451387,88581900
2015-03-16,16.110001,16.219999,15.850000,16.129999,14.487312,63406500
2015-03-17,16.070000,16.120001,15.960000,16.090000,14.451387,67315000
2015-03-18,16.010000,16.100000,15.910000,15.980000,14.352592,86387600
2015-03-19,15.960000,15.970000,15.610000,15.610000,14.020270,109169200
2015-03-20,15.700000,15.930000,15.640000,15.840000,14.226848,99867700
2015-03-23,15.820000,15.880000,15.720000,15.720000,14.119067,73773500
2015-03-24,15.730000,15.800000,15.610000,15.610000,14.020270,77011000
2015-03-25,15.630000,15.650000,15.400000,15.410000,13.840640,88541500
2015-03-26,15.390000,15.540000,15.260000,15.420000,13.849620,76741500
2015-03-27,15.480000,15.490000,15.270000,15.310000,13.750825,73140800
2015-03-30,15.420000,15.610000,15.400000,15.520000,13.939438,70835300
2015-03-31,15.500000,15.520000,15.380000,15.390000,13.822674,61381700
2015-04-01,15.420000,15.460000,15.250000,15.410000,13.840640,73153900
2015-04-02,15.430000,15.620000,15.430000,15.540000,13.957400,50443500
2015-04-06,15.390000,15.600000,15.340000,15.510000,13.930456,51189500
2015-04-07,15.530000,15.650000,15.450000,15.460000,13.885549,50057800
2015-04-08,15.510000,15.740000,15.500000,15.610000,14.020270,71732500
2015-04-09,15.630000,15.760000,15.530000,15.710000,14.110087,44935600
2015-04-10,15.690000,15.790000,15.600000,15.720000,14.119067,43817700
2015-04-13,15.780000,15.860000,15.740000,15.800000,14.190924,49191200
2015-04-14,15.880000,15.950000,15.710000,15.820000,14.208884,84385400
2015-04-15,15.700000,15.850000,15.590000,15.640000,14.047216,124479100
2015-04-16,15.640000,15.940000,15.580000,15.790000,14.181940,105591000
2015-04-17,15.710000,15.750000,15.500000,15.560000,13.975366,88994300
2015-04-20,15.620000,15.690000,15.560000,15.570000,13.984346,53649400
2015-04-21,15.600000,15.640000,15.430000,15.500000,13.921474,64033100
2015-04-22,15.550000,15.830000,15.490000,15.740000,14.137033,73092800
2015-04-23,15.720000,15.800000,15.680000,15.690000,14.092123,50292200
2015-04-24,15.710000,15.750000,15.610000,15.640000,14.047216,40766100
2015-04-27,15.630000,15.760000,15.560000,15.560000,13.975366,73523400
2015-04-28,15.580000,15.710000,15.500000,15.650000,14.056199,58080100
2015-04-29,15.600000,16.040001,15.570000,15.980000,14.352592,134499400
2015-04-30,16.000000,16.049999,15.800000,15.930000,14.307684,78313900
2015-05-01,16.000000,16.150000,15.920000,16.110001,14.469353,78171400
2015-05-04,16.139999,16.450001,16.120001,16.440001,14.765741,76592300
2015-05-05,16.420000,16.610001,16.330000,16.350000,14.684911,106148700
2015-05-06,16.360001,16.490000,16.080000,16.290001,14.631021,96426500
2015-05-07,16.230000,16.330000,16.090000,16.240000,14.586114,73794800
2015-05-08,16.320000,16.459999,16.219999,16.450001,14.774726,86333700
2015-05-11,16.450001,16.590000,16.430000,16.490000,14.810653,56246000
2015-05-12,16.459999,16.480000,16.350000,16.430000,14.756763,59627100
2015-05-13,16.440001,16.520000,16.360001,16.469999,14.792686,47330600
2015-05-14,16.530001,16.590000,16.450001,16.520000,14.837594,55395700
2015-05-15,16.520000,16.520000,16.299999,16.350000,14.684911,54937800
2015-05-18,16.309999,16.540001,16.309999,16.510000,14.828613,51059900
2015-05-19,16.590000,16.780001,16.580000,16.770000,15.062134,89115500
2015-05-20,16.780001,16.850000,16.629999,16.740000,15.035195,67684000
2015-05-21,16.709999,16.750000,16.559999,16.730000,15.026210,52056600
2015-05-22,16.719999,16.799999,16.700001,16.750000,15.044172,47032900
2015-05-26,16.730000,16.730000,16.430000,16.500000,14.819632,100048200
2015-05-27,16.559999,16.750000,16.540001,16.740000,15.035195,70026700
2015-05-28,16.719999,16.730000,16.580000,16.670000,14.972322,60970000
2015-05-29,16.660000,16.670000,16.469999,16.500000,14.819632,74266200
2015-06-01,16.580000,16.639999,16.469999,16.549999,14.864537,62941600
2015-06-02,16.520000,16.760000,16.500000,16.719999,15.017226,65513200
2015-06-03,16.670000,17.020000,16.670000,16.930000,15.251451,89614900
2015-06-04,16.870001,16.980000,16.719999,16.780001,15.116322,61025500
2015-06-05,17.040001,17.350000,16.969999,17.190001,15.485673,119087400
2015-06-08,17.270000,17.330000,17.049999,17.080000,15.386579,69749600
2015-06-09,17.049999,17.350000,17.000000,17.309999,15.593773,82104900
2015-06-10,17.389999,17.620001,17.360001,17.590000,15.846015,102643100
2015-06-11,17.620001,17.680000,17.440001,17.490000,15.755926,77191500
2015-06-12,17.450001,17.580000,17.360001,17.490000,15.755926,53149400
2015-06-15,17.330000,17.500000,17.250000,17.469999,15.737907,68053400
2015-06-16,17.459999,17.559999,17.370001,17.549999,15.809976,47291200
2015-06-17,17.590000,17.600000,17.299999,17.370001,15.647825,88712100
2015-06-18,17.350000,17.400000,17.219999,17.379999,15.656836,97599900
2015-06-19,17.280001,17.389999,17.120001,17.170000,15.467654,83395400
2015-06-22,17.360001,17.530001,17.350000,17.469999,15.737907,58477700
2015-06-23,17.559999,17.719999,17.559999,17.670000,15.918082,63865700
2015-06-24,17.530001,17.690001,17.450001,17.490000,15.755926,59079500
2015-06-25,17.570000,17.620001,17.350000,17.370001,15.647825,59772200
2015-06-26,17.480000,17.520000,17.350000,17.410000,15.683860,63080800
2015-06-29,17.129999,17.250000,16.860001,16.889999,15.215414,98604200
2015-06-30,17.080000,17.129999,16.850000,17.020000,15.332529,89039800
2015-07-01,17.250000,17.309999,17.090000,17.219999,15.512700,62317400
2015-07-02,17.160000,17.209999,16.889999,17.030001,15.341533,64736500
2015-07-06,16.780001,17.010000,16.709999,16.940001,15.260460,58726900
2015-07-07,16.900000,16.930000,16.340000,16.690001,15.035246,115450500
2015-07-08,16.420000,16.500000,16.219999,16.250000,14.638868,83033000
2015-07-09,16.530001,16.719999,16.450001,16.480000,14.846064,81534400
2015-07-10,16.799999,16.840000,16.660000,16.700001,15.044257,72965300
2015-07-13,16.969999,17.049999,16.900000,17.020000,15.332529,67934300
2015-07-14,16.930000,17.150000,16.860001,17.129999,15.431623,69999800
2015-07-15,17.530001,17.850000,17.490000,17.680000,15.927091,173099900
2015-07-16,17.910000,18.070000,17.860001,17.950001,16.170324,117054300
2015-07-17,17.959999,18.160000,17.889999,18.100000,16.305450,96894900
2015-07-20,18.150000,18.230000,18.080000,18.120001,16.323463,71980100
2015-07-21,18.110001,18.170000,18.020000,18.080000,16.287434,63732800
2015-07-22,18.030001,18.480000,18.030001,18.450001,16.620750,110327000
2015-07-23,18.389999,18.430000,18.080000,18.180000,16.377514,103650100
2015-07-24,18.180000,18.230000,17.840000,17.900000,16.125278,86364300
2015-07-27,17.660000,17.780001,17.500000,17.670000,15.918082,93231900
2015-07-28,17.790001,17.889999,17.600000,17.879999,16.107264,82166800
2015-07-29,17.950001,18.200001,17.920000,18.160000,16.359501,96388600
2015-07-30,18.200001,18.290001,18.049999,18.129999,16.332474,65667900
2015-07-31,18.030001,18.059999,17.860001,17.879999,16.107264,67176900
2015-08-03,17.910000,17.969999,17.639999,17.770000,16.008165,62376800
2015-08-04,17.790001,17.930000,17.709999,17.799999,16.035194,69741500
2015-08-05,17.930000,18.049999,17.799999,17.870001,16.098255,65228600
2015-08-06,17.910000,17.980000,17.770000,17.809999,16.044207,47594700
2015-08-07,17.920000,18.070000,17.600000,17.750000,15.990152,71020700
2015-08-10,17.870001,18.049999,17.860001,18.040001,16.251398,65791200
2015-08-11,17.850000,17.969999,17.719999,17.790001,16.026190,65868600
2015-08-12,17.620001,17.650000,17.020000,17.520000,15.782950,141600100
2015-08-13,17.559999,17.690001,17.440001,17.620001,15.873042,67456200
2015-08-14,17.570000,17.700001,17.540001,17.700001,15.945107,52710300
2015-08-17,17.610001,17.809999,17.559999,17.770000,16.008165,42310000
2015-08-18,17.719999,17.900000,17.650000,17.690001,15.936098,50360700
2015-08-19,17.549999,17.690001,17.440001,17.459999,15.728898,78540500
2015-08-20,17.190001,17.200001,16.719999,16.719999,15.062270,149185400
2015-08-21,16.200001,16.660000,16.100000,16.100000,14.503742,148874300
2015-08-24,15.020000,15.980000,14.600000,15.290000,13.774052,214649500
2015-08-25,16.200001,16.200001,15.250000,15.260000,13.747025,194377000
2015-08-26,15.810000,16.059999,15.340000,16.059999,14.467709,174208500
2015-08-27,16.379999,16.450001,16.090000,16.440001,14.810030,124185400
2015-08-28,16.400000,16.440001,16.200001,16.360001,14.737964,75899300
2015-08-31,16.330000,16.379999,16.180000,16.340000,14.719945,66695200
2015-09-01,15.950000,16.049999,15.460000,15.580000,14.035299,119064000
2015-09-02,15.820000,15.860000,15.570000,15.850000,14.324500,74820400
2015-09-03,15.970000,16.190001,15.870000,15.940000,14.405839,77175800
2015-09-04,15.790000,15.860000,15.500000,15.650000,14.143746,104539500
2015-09-08,15.960000,16.160000,15.900000,16.160000,14.604663,73960200
2015-09-09,16.370001,16.459999,15.830000,15.900000,14.369687,70466100
2015-09-10,15.870000,16.110001,15.810000,16.040001,14.496216,71110200
2015-09-11,15.990000,16.059999,15.900000,16.040001,14.496216,54287700
2015-09-14,15.970000,16.070000,15.900000,15.960000,14.423910,50640900
2015-09-15,16.040001,16.389999,16.010000,16.309999,14.740225,62327100
2015-09-16,16.350000,16.389999,16.090000,16.330000,14.758304,83776400
2015-09-17,16.290001,16.480000,15.780000,15.860000,14.333536,119088200
2015-09-18,15.680000,15.710000,15.500000,15.560000,14.062411,136531200
2015-09-21,15.670000,15.750000,15.570000,15.700000,14.188935,79096200
2015-09-22,15.490000,15.580000,15.450000,15.570000,14.071448,92235200
2015-09-23,15.600000,15.850000,15.580000,15.720000,14.207011,78117500
2015-09-24,15.540000,15.620000,15.400000,15.550000,14.053372,99520100
2015-09-25,15.880000,16.020000,15.810000,15.890000,14.360651,88655000
2015-09-28,15.790000,15.820000,15.380000,15.470000,13.981073,91324300
2015-09-29,15.500000,15.530000,15.250000,15.350000,13.872622,79829400
2015-09-30,15.550000,15.600000,15.320000,15.580000,14.080485,71347100
2015-10-01,15.520000,15.640000,15.360000,15.550000,14.053372,71516800
2015-10-02,15.080000,15.380000,14.630000,15.380000,13.899734,181838400
2015-10-05,15.450000,15.790000,15.440000,15.690000,14.179896,75315300
2015-10-06,15.680000,15.820000,15.570000,15.690000,14.179896,67473700
2015-10-07,15.780000,15.930000,15.570000,15.750000,14.234126,66655600
2015-10-08,15.720000,15.780000,15.510000,15.750000,14.234126,79056900
2015-10-09,15.750000,15.820000,15.500000,15.580000,14.080485,76667100
2015-10-12,15.600000,15.620000,15.430000,15.520000,14.026261,50725800
2015-10-13,15.450000,15.590000,15.400000,15.520000,14.026261,73689800
2015-10-14,15.770000,15.920000,15.550000,15.640000,14.134710,122272400
2015-10-15,15.810000,16.280001,15.720000,16.190001,14.631778,127028800
2015-10-16,16.290001,16.290001,16.030001,16.120001,14.568515,66989500
2015-10-19,16.000000,16.209999,15.980000,16.139999,14.586588,62953500
2015-10-20,16.160000,16.290001,16.100000,16.200001,14.640813,50797800
2015-10-21,16.260000,16.290001,15.900000,15.900000,14.369687,64440400
2015-10-22,16.000000,16.200001,16.000000,16.160000,14.604663,74116600
2015-10-23,16.290001,16.549999,16.250000,16.520000,14.930013,82285800
2015-10-26,16.520000,16.549999,16.340000,16.510000,14.920975,67702800
2015-10-27,16.400000,16.469999,16.299999,16.400000,14.821565,56159300
2015-10-28,16.450001,17.309999,16.450001,17.280001,15.616869,147720100
2015-10-29,17.160000,17.440001,16.969999,17.090000,15.445155,95542300
2015-10-30,17.180000,17.180000,16.760000,16.780001,15.164991,87645800
2015-11-02,16.900000,17.139999,16.870001,17.059999,15.418039,56948200
2015-11-03,17.010000,17.260000,16.990000,17.180000,15.526492,66127100
2015-11-04,17.299999,17.309999,16.959999,17.010000,15.372854,78728400
2015-11-05,17.030001,17.370001,17.030001,17.309999,15.643979,85505500
2015-11-06,17.840000,18.090000,17.760000,17.950001,16.222387,158037500
2015-11-09,18.030001,18.080000,17.559999,17.680000,15.978374,129920700
2015-11-10,17.629999,17.940001,17.559999,17.850000,16.132008,59905800
2015-11-11,17.990000,17.990000,17.680000,17.750000,16.041637,59235000
2015-11-12,17.580000,17.629999,17.350000,17.370001,15.698206,77850900
2015-11-13,17.129999,17.309999,17.090000,17.200001,15.544567,103574900
2015-11-16,17.129999,17.459999,17.010000,17.430000,15.752430,70384300
2015-11-17,17.500000,17.600000,17.340000,17.420000,15.743390,70488600
2015-11-18,17.430000,17.870001,17.430000,17.840000,16.122965,85708300
2015-11-19,17.780001,17.850000,17.620001,17.690001,15.987406,51829700
2015-11-20,17.809999,17.830000,17.590000,17.650000,15.951259,56288300
2015-11-23,17.620001,17.730000,17.459999,17.469999,15.788581,50362900
2015-11-24,17.260000,17.570000,17.250000,17.469999,15.788581,58724200
2015-11-25,17.510000,17.570000,17.410000,17.440001,15.761465,34939000
2015-11-27,17.459999,17.500000,17.330000,17.480000,15.797613,22937500
2015-11-30,17.480000,17.580000,17.420000,17.430000,15.752430,61893700
2015-12-01,17.520000,17.809999,17.480000,17.809999,16.095861,74351800
2015-12-02,17.879999,17.889999,17.549999,17.620001,15.968972,76919000
2015-12-03,17.680000,17.770000,17.250000,17.299999,15.678960,95810100
2015-12-04,17.440001,17.830000,17.379999,17.799999,16.132109,103021700
2015-12-07,17.790001,17.799999,17.440001,17.540001,15.896472,81633300
2015-12-08,17.389999,17.459999,17.129999,17.190001,15.579268,84873500
2015-12-09,17.110001,17.379999,16.870001,17.100000,15.497697,82418100
2015-12-10,17.150000,17.410000,16.959999,17.200001,15.588333,68395000
2015-12-11,16.969999,17.059999,16.639999,16.730000,15.162370,91503900
2015-12-14,16.760000,16.889999,16.500000,16.799999,15.225810,121121200
2015-12-15,17.020000,17.490000,16.990000,17.420000,15.787718,99737200
2015-12-16,17.650000,17.780001,17.230000,17.750000,16.086796,171576700
2015-12-17,17.799999,17.830000,17.299999,17.299999,15.678960,97265700
2015-12-18,17.190001,17.270000,16.760000,16.760000,15.189559,136737800
2015-12-21,16.980000,17.030001,16.770000,16.969999,15.379878,65150300
2015-12-22,17.049999,17.110001,16.850000,17.080000,15.479576,56173500
2015-12-23,17.160000,17.340000,17.100000,17.340000,15.715212,65770700
2015-12-24,17.320000,17.379999,17.219999,17.270000,15.651771,29369400
2015-12-28,17.219999,17.230000,16.980000,17.129999,15.524892,41777500
2015-12-29,17.250000,17.350000,17.160000,17.280001,15.660836,45670400
2015-12-30,17.200001,17.240000,17.040001,17.049999,15.452384,35066400
2015-12-31,17.010000,17.070000,16.830000,16.830000,15.252998,47153000
2016-01-04,16.450001,16.490000,16.250000,16.430000,14.890483,114888000
2016-01-05,16.520000,16.590000,16.230000,16.430000,14.890483,66670000
2016-01-06,16.190001,16.290001,16.020000,16.080000,14.573277,102760800
2016-01-07,15.730000,15.900000,15.440000,15.500000,14.047625,116255900
2016-01-08,15.940000,15.940000,15.160000,15.200000,13.775734,124782400
2016-01-11,15.260000,15.370000,14.940000,15.310000,13.875427,104611700
2016-01-12,15.540000,15.580000,15.060000,15.310000,13.875427,100023500
2016-01-13,15.470000,15.520000,14.850000,14.900000,13.503843,119413000
2016-01-14,15.010000,15.200000,14.650000,14.990000,13.585414,125920000
2016-01-15,14.410000,14.660000,14.130000,14.460000,13.105075,172296100
2016-01-19,14.690000,14.790000,14.010000,14.240000,12.905687,185727400
2016-01-20,13.790000,14.000000,13.270000,13.690000,12.407225,250537600
2016-01-21,13.670000,13.840000,13.250000,13.360000,12.108146,188976000
2016-01-22,13.650000,13.720000,13.470000,13.560000,12.289406,169999800
2016-01-25,13.540000,13.550000,12.940000,12.960000,11.745626,186419100
2016-01-26,13.070000,13.350000,13.040000,13.310000,12.062830,124246900
2016-01-27,13.200000,13.730000,13.190000,13.360000,12.108146,124095800
2016-01-28,13.590000,13.710000,13.260000,13.530000,12.262217,110996200
2016-01-29,13.660000,14.150000,13.590000,14.140000,12.815058,159984100
2016-02-01,14.050000,14.090000,13.800000,13.960000,12.651923,105739400
2016-02-02,13.740000,13.750000,13.130000,13.230000,11.990326,147101200
2016-02-03,13.280000,13.290000,12.520000,13.030000,11.809068,257664600
2016-02-04,12.890000,13.590000,12.890000,13.250000,12.008452,179394400
2016-02-05,13.320000,13.390000,12.890000,12.950000,11.736565,125842800
2016-02-08,12.670000,12.700000,12.130000,12.270000,11.120279,221363600
2016-02-09,11.990000,12.430000,11.960000,12.200000,11.056838,247349000
2016-02-10,12.420000,12.540000,11.910000,11.980000,10.857453,227530000
2016-02-11,11.460000,11.550000,10.990000,11.160000,10.114288,375088700
2016-02-12,11.480000,12.030000,11.400000,11.950000,10.830265,245388400
2016-02-16,12.380000,12.390000,12.110000,12.250000,11.102153,194306700
2016-02-17,12.570000,12.690000,12.470000,12.560000,11.383106,221859400
2016-02-18,12.710000,12.740000,12.100000,12.240000,11.093090,161539400
2016-02-19,12.220000,12.240000,11.980000,12.130000,10.993399,121045600
2016-02-22,12.130000,12.540000,12.130000,12.540000,11.364981,88865500
2016-02-23,12.470000,12.480000,12.100000,12.160000,11.020586,104498700
2016-02-24,11.960000,12.150000,11.650000,12.130000,10.993399,159552800
2016-02-25,12.140000,12.330000,12.090000,12.320000,11.165594,103054600
2016-02-26,12.490000,12.950000,12.400000,12.700000,11.509991,160314400
2016-02-29,12.700000,12.860000,12.510000,12.520000,11.346854,123661100
2016-03-01,12.640000,13.210000,12.620000,13.190000,11.954076,153558200
2016-03-02,13.200000,13.510000,13.130000,13.410000,12.199705,139622500
2016-03-03,13.380000,13.550000,13.250000,13.500000,12.281584,105082700
2016-03-04,13.760000,13.890000,13.490000,13.540000,12.317972,171410900
2016-03-07,13.450000,13.620000,13.370000,13.530000,12.308875,97650300
2016-03-08,13.400000,13.470000,13.050000,13.060000,11.881295,125894800
2016-03-09,13.170000,13.270000,13.000000,13.140000,11.954075,92253800
2016-03-10,13.230000,13.400000,13.000000,13.270000,12.072341,123016200
2016-03-11,13.440000,13.840000,13.370000,13.790000,12.545409,120400600
2016-03-14,13.720000,13.740000,13.490000,13.640000,12.408948,87746800
2016-03-15,13.510000,13.600000,13.390000,13.570000,12.345268,80404000
2016-03-16,13.510000,13.810000,13.090000,13.310000,12.108729,149645400
2016-03-17,13.220000,13.480000,13.050000,13.400000,12.190609,122212300
2016-03-18,13.680000,13.880000,13.550000,13.790000,12.545409,146616200
2016-03-21,13.800000,14.030000,13.720000,13.840000,12.590898,104695700
2016-03-22,13.670000,13.840000,13.630000,13.760000,12.518118,83252100
2016-03-23,13.770000,13.830000,13.600000,13.620000,12.390752,95789700
2016-03-24,13.410000,13.690000,13.270000,13.680000,12.445337,94836500
2016-03-28,13.730000,13.740000,13.540000,13.620000,12.390752,54498500
2016-03-29,13.540000,13.540000,13.260000,13.420000,12.208803,101606800
2016-03-30,13.490000,13.660000,13.460000,13.480000,12.263387,85897000
2016-03-31,13.490000,13.710000,13.450000,13.520000,12.299778,79592100
2016-04-01,13.470000,13.650000,13.320000,13.560000,12.336169,73130900
2016-04-04,13.540000,13.650000,13.410000,13.510000,12.290681,59709600
2016-04-05,13.300000,13.340000,13.160000,13.190000,11.999563,78445900
2016-04-06,13.200000,13.300000,13.110000,13.270000,12.072341,62558500
2016-04-07,13.150000,13.210000,12.750000,12.850000,11.690248,105704500
2016-04-08,13.030000,13.140000,12.860000,12.880000,11.717540,76548100
2016-04-11,12.920000,13.090000,12.880000,12.970000,11.799417,79411500
2016-04-12,13.000000,13.330000,12.930000,13.270000,12.072341,100791600
2016-04-13,13.550000,13.850000,13.530000,13.790000,12.545409,138647200
2016-04-14,13.710000,14.280000,13.700000,14.140000,12.863821,179383300
2016-04-15,14.270000,14.290000,13.950000,14.000000,12.736458,87958700
2016-04-18,13.850000,14.240000,13.820000,14.170000,12.891110,81998200
2016-04-19,14.260000,14.540000,14.240000,14.450000,13.145843,107153600
2016-04-20,14.560000,14.940000,14.530000,14.930000,13.582520,115628700
2016-04-21,14.930000,15.140000,14.750000,14.900000,13.555228,121589000
2016-04-22,14.870000,15.140000,14.870000,15.110000,13.746275,83456600
2016-04-25,15.020000,15.140000,14.810000,14.960000,13.609815,70489500
2016-04-26,15.020000,15.140000,14.800000,15.090000,13.728082,84812400
2016-04-27,15.020000,15.300000,14.980000,15.020000,13.664397,115789000
2016-04-28,14.920000,15.080000,14.760000,14.790000,13.455158,78639300
2016-04-29,14.730000,14.850000,14.430000,14.560000,13.245915,122128100
2016-05-02,14.580000,14.780000,14.400000,14.770000,13.436961,68882800
2016-05-03,14.510000,14.510000,14.150000,14.360000,13.063965,110549000
2016-05-04,14.090000,14.270000,14.000000,14.130000,12.854724,99269700
2016-05-05,14.150000,14.320000,14.000000,14.050000,12.781945,73145900
2016-05-06,13.830000,14.140000,13.800000,14.110000,12.836528,76595100
2016-05-09,14.080000,14.190000,13.910000,13.990000,12.727361,55399600
2016-05-10,14.080000,14.330000,14.050000,14.300000,13.009382,59870500
2016-05-11,14.250000,14.500000,14.190000,14.200000,12.918406,68088900
2016-05-12,14.300000,14.470000,14.050000,14.140000,12.863821,72567100
2016-05-13,14.150000,14.370000,13.870000,13.880000,12.627288,86193900
2016-05-16,13.820000,14.020000,13.800000,13.930000,12.672774,57848600
2016-05-17,13.890000,14.130000,13.820000,14.010000,12.745554,76273800
2016-05-18,14.020000,14.750000,14.010000,14.690000,13.364182,150748500
2016-05-19,14.600000,14.870000,14.430000,14.530000,13.218625,106156900
2016-05-20,14.640000,14.700000,14.430000,14.520000,13.209526,81214000
2016-05-23,14.540000,14.600000,14.400000,14.470000,13.164039,66303200
2016-05-24,14.600000,14.750000,14.530000,14.680000,13.355088,96183700
2016-05-25,14.830000,15.150000,14.830000,14.920000,13.573422,123498700
2016-05-26,14.980000,14.990000,14.690000,14.700000,13.373279,65356600
2016-05-27,14.760000,14.880000,14.690000,14.880000,13.537032,62411300
2016-05-31,15.030000,15.050000,14.730000,14.790000,13.455158,85635900
2016-06-01,14.600000,14.900000,14.450000,14.860000,13.564697,62612100
2016-06-02,14.950000,14.980000,14.770000,14.940000,13.637724,64327300
2016-06-03,14.460000,14.500000,14.190000,14.420000,13.163051,148600900
2016-06-06,14.440000,14.700000,14.370000,14.520000,13.254335,80949300
2016-06-07,14.540000,14.600000,14.340000,14.350000,13.099154,67447100
2016-06-08,14.350000,14.460000,14.300000,14.430000,13.172177,58292900
2016-06-09,14.320000,14.320000,14.080000,14.190000,12.953098,74814900
2016-06-10,13.980000,14.000000,13.750000,13.830000,12.624480,90725700
2016-06-13,13.640000,13.910000,13.580000,13.600000,12.414528,71925000
2016-06-14,13.560000,13.730000,13.170000,13.260000,12.104164,85377800
2016-06-15,13.380000,13.660000,13.280000,13.340000,12.177190,100659100
2016-06-16,13.230000,13.330000,13.020000,13.310000,12.149805,90152000
2016-06-17,13.380000,13.530000,13.280000,13.400000,12.231961,89022300
2016-06-20,13.740000,13.850000,13.510000,13.540000,12.359755,89874000
2016-06-21,13.620000,13.650000,13.450000,13.620000,12.432783,73810800
2016-06-22,13.600000,13.780000,13.590000,13.610000,12.423655,77980500
2016-06-23,13.840000,14.050000,13.820000,14.040000,12.816173,82494600
2016-06-24,13.050000,13.440000,12.970000,13.000000,11.866828,231499200
2016-06-27,12.770000,12.770000,12.050000,12.180000,11.118305,250847700
2016-06-28,12.570000,12.720000,12.350000,12.700000,11.592979,150136300
2016-06-29,13.070000,13.220000,12.920000,13.190000,12.040267,118484000
2016-06-30,13.370000,13.380000,13.070000,13.270000,12.113291,125773900
2016-07-01,13.190000,13.270000,13.020000,13.100000,11.958111,88888100
2016-07-05,12.930000,12.940000,12.630000,12.740000,11.629492,98246500
2016-07-06,12.520000,12.920000,12.450000,12.860000,11.739030,94983300
2016-07-07,12.870000,13.110000,12.840000,13.010000,11.875956,101100300
2016-07-08,13.280000,13.320000,13.110000,13.170000,12.022011,92698900
2016-07-11,13.290000,13.400000,13.200000,13.210000,12.058523,67267300
2016-07-12,13.410000,13.600000,13.400000,13.540000,12.359755,89070600
2016-07-13,13.500000,13.580000,13.320000,13.440000,12.268473,74595600
2016-07-14,13.730000,13.780000,13.640000,13.650000,12.460169,97852100
2016-07-15,13.780000,13.790000,13.520000,13.660000,12.469296,78652500
2016-07-18,13.840000,14.230000,13.820000,14.110000,12.880071,187187100
2016-07-19,14.060000,14.370000,14.030000,14.260000,13.016999,96940100
2016-07-20,14.350000,14.430000,14.260000,14.400000,13.144792,79277900
2016-07-21,14.430000,14.470000,14.260000,14.270000,13.026125,65376300
2016-07-22,14.260000,14.400000,14.180000,14.380000,13.126536,46604800
2016-07-25,14.310000,14.390000,14.280000,14.370000,13.117409,46420800
2016-07-26,14.320000,14.550000,14.310000,14.530000,13.263463,60205600
2016-07-27,14.570000,14.700000,14.450000,14.630000,13.354745,100986000
2016-07-28,14.570000,14.690000,14.460000,14.680000,13.400388,72049500
2016-07-29,14.560000,14.700000,14.480000,14.490000,13.226950,63276500
2016-08-01,14.520000,14.600000,14.260000,14.330000,13.080894,61460900
2016-08-02,14.280000,14.450000,14.090000,14.130000,12.898329,83776300
2016-08-03,14.110000,14.480000,14.100000,14.480000,13.217818,65305400
2016-08-04,14.480000,14.540000,14.360000,14.480000,13.217818,46176600
2016-08-05,14.750000,15.060000,14.750000,15.050000,13.738133,120947800
2016-08-08,15.080000,15.170000,14.920000,15.130000,13.811162,71960300
2016-08-09,15.110000,15.190000,15.070000,15.190000,13.865931,49973300
2016-08-10,15.160000,15.180000,14.780000,14.810000,13.519054,79080700
2016-08-11,14.830000,14.970000,14.750000,14.880000,13.582952,68945400
2016-08-12,14.770000,14.910000,14.700000,14.910000,13.610339,63031300
2016-08-15,14.970000,15.030000,14.950000,15.020000,13.710751,48592100
2016-08-16,14.970000,15.190000,14.930000,15.170000,13.847673,80307500
2016-08-17,15.160000,15.240000,15.080000,15.150000,13.829415,93407300
2016-08-18,15.110000,15.240000,15.060000,15.160000,13.838545,62804300
2016-08-19,15.130000,15.250000,15.050000,15.220000,13.893318,59834800
2016-08-22,15.200000,15.250000,15.120000,15.180000,13.856802,60877100
2016-08-23,15.260000,15.410000,15.260000,15.350000,14.011984,67817900
2016-08-24,15.370000,15.500000,15.360000,15.400000,14.057625,65484900
2016-08-25,15.420000,15.540000,15.400000,15.530000,14.176294,67714400
2016-08-26,15.610000,15.900000,15.580000,15.790000,14.413630,126886300
2016-08-29,15.810000,16.010000,15.780000,15.840000,14.459271,120144900
2016-08-30,15.840000,16.230000,15.800000,16.190001,14.778765,121280600
2016-08-31,16.209999,16.240000,15.880000,16.139999,14.801693,127664300
2016-09-01,16.150000,16.150000,15.750000,15.980000,14.654958,128812600
2016-09-02,15.940000,16.059999,15.820000,16.000000,14.673301,100997300
2016-09-06,16.049999,16.059999,15.700000,15.780000,14.471543,96542200
2016-09-07,15.720000,15.850000,15.650000,15.700000,14.398174,63310300
2016-09-08,15.770000,15.940000,15.680000,15.860000,14.544909,69292700
2016-09-09,15.910000,16.150000,15.740000,15.740000,14.434859,135182500
2016-09-12,15.650000,15.940000,15.480000,15.900000,14.581592,109724000
2016-09-13,15.670000,15.860000,15.550000,15.720000,14.416516,89317600
2016-09-14,15.670000,15.840000,15.560000,15.630000,14.333980,75528100
2016-09-15,15.640000,15.750000,15.580000,15.670000,14.370664,67322600
2016-09-16,15.660000,15.680000,15.480000,15.490000,14.205586,90926200
2016-09-19,15.550000,15.780000,15.550000,15.590000,14.297297,66186400
2016-09-20,15.740000,15.760000,15.510000,15.600000,14.306467,68210400
2016-09-21,15.710000,15.830000,15.390000,15.650000,14.352321,95464600
2016-09-22,15.690000,15.710000,15.500000,15.600000,14.306467,75611300
2016-09-23,15.530000,15.670000,15.500000,15.520000,14.233100,51604400
2016-09-26,15.400000,15.440000,15.020000,15.090000,13.838756,94972100
2016-09-27,15.010000,15.340000,14.810000,15.290000,14.022172,81992600
2016-09-28,15.360000,15.390000,15.150000,15.380000,14.104710,66076400
2016-09-29,15.380000,15.500000,15.060000,15.160000,13.902950,78997700
2016-09-30,15.260000,15.730000,15.170000,15.650000,14.352321,119428700
2016-10-03,15.590000,15.730000,15.500000,15.630000,14.333980,69873100
2016-10-04,15.700000,16.049999,15.670000,15.800000,14.489882,98501500
2016-10-05,15.960000,16.230000,15.960000,16.110001,14.774179,86056900
2016-10-06,16.170000,16.230000,16.040001,16.219999,14.875055,75886700
2016-10-07,16.190001,16.250000,15.980000,16.129999,14.792520,99605400
2016-10-10,16.219999,16.400000,16.180000,16.299999,14.948421,64158500
2016-10-11,16.260000,16.330000,16.020000,16.110001,14.774179,77374000
2016-10-12,16.090000,16.240000,16.010000,16.030001,14.700812,67165800
2016-10-13,16.090000,16.090000,15.600000,15.830000,14.517396,78637000
2016-10-14,16.150000,16.230000,15.940000,16.000000,14.673301,108865700
2016-10-17,16.170000,16.200001,15.900000,16.049999,14.719154,101795500
2016-10-18,16.190001,16.270000,16.110001,16.260000,14.911741,71433100
2016-10-19,16.299999,16.530001,16.280001,16.469999,15.104326,97969000
2016-10-20,16.450001,16.629999,16.410000,16.559999,15.186864,88081200
2016-10-21,16.459999,16.670000,16.400000,16.670000,15.287744,77954900
2016-10-24,16.750000,16.799999,16.610001,16.770000,15.379455,68244800
2016-10-25,16.709999,16.820000,16.680000,16.719999,15.333597,49350300
2016-10-26,16.639999,16.870001,16.620001,16.870001,15.471165,58730400
2016-10-27,16.950001,17.100000,16.860001,16.910000,15.507842,97937300
2016-10-28,16.950001,16.980000,16.500000,16.680000,15.296917,115123600
2016-10-31,16.680000,16.730000,16.500000,16.500000,15.131841,70387600
2016-11-01,16.559999,16.750000,16.330000,16.610001,15.232722,88587100
2016-11-02,16.459999,16.559999,16.280001,16.480000,15.113500,119202000
2016-11-03,16.480000,16.670000,16.450001,16.480000,15.113500,69690400
2016-11-04,16.530001,16.709999,16.350000,16.549999,15.177694,82437400
2016-11-07,16.860001,17.040001,16.850000,17.010000,15.599553,91581900
2016-11-08,16.820000,17.110001,16.709999,17.000000,15.590381,95842800
2016-11-09,17.660000,18.049999,17.400000,17.969999,16.479952,319516900
2016-11-10,18.260000,18.990000,18.250000,18.760000,17.204441,304986400
2016-11-11,18.639999,19.030001,18.629999,19.020000,17.442884,212952500
2016-11-14,19.410000,20.200001,19.400000,20.080000,18.414993,320959900
2016-11-15,19.790001,20.180000,19.600000,20.160000,18.488359,190293100
2016-11-16,19.780001,19.959999,19.680000,19.750000,18.112352,126734500
2016-11-17,19.760000,20.219999,19.700001,20.080000,18.414993,167979200
2016-11-18,20.059999,20.139999,19.870001,20.000000,18.341621,120620200
2016-11-21,20.100000,20.350000,20.010000,20.330000,18.644262,117479100
2016-11-22,20.330000,20.469999,20.120001,20.299999,18.616749,104771800
2016-11-23,20.420000,20.660000,20.200001,20.559999,18.855192,110801300
2016-11-25,20.620001,20.879999,20.500000,20.860001,19.130320,62610400
2016-11-28,20.670000,20.850000,20.250000,20.299999,18.616749,108651200
2016-11-29,20.379999,20.540001,20.250000,20.290001,18.607582,114216800
2016-11-30,20.770000,21.190001,20.719999,21.120001,19.440617,191699600
2016-12-01,21.420000,21.940001,21.340000,21.500000,19.790401,199233900
2016-12-02,21.490000,21.500000,21.020000,21.230000,19.541870,128468700
2016-12-05,21.469999,21.870001,21.459999,21.840000,20.103363,130377300
2016-12-06,22.090000,22.160000,21.719999,22.160000,20.397919,120789200
2016-12-07,22.190001,22.570000,21.950001,22.570000,20.775318,168005200
2016-12-08,22.790001,23.240000,22.690001,22.950001,21.125107,182693900
2016-12-09,22.950001,23.170000,22.780001,23.090000,21.253967,130590400
2016-12-12,23.000000,23.250000,22.540001,22.610001,20.812136,136986000
2016-12-13,22.799999,22.879999,22.290001,22.610001,20.812136,118204100
2016-12-14,22.309999,23.299999,22.209999,22.670000,20.867367,225340900
2016-12-15,22.900000,23.389999,22.799999,23.160000,21.318403,162025800
2016-12-16,23.160000,23.320000,22.650000,22.660000,20.858164,147497700
2016-12-19,22.600000,22.719999,22.330000,22.480000,20.692467,97508900
2016-12-20,22.629999,22.830000,22.610001,22.709999,20.904186,83879500
2016-12-21,22.719999,22.719999,22.469999,22.629999,20.830540,61079100
2016-12-22,22.600000,22.730000,22.469999,22.540001,20.747702,67123500
2016-12-23,22.510000,22.650000,22.430000,22.600000,20.802933,38187800
2016-12-27,22.709999,22.740000,22.540001,22.610001,20.812136,39988600
2016-12-28,22.620001,22.670000,22.260000,22.330000,20.554401,52652900
2016-12-29,22.330000,22.389999,21.770000,22.000000,20.250641,79188400
2016-12-30,22.020000,22.260000,21.950001,22.100000,20.342693,72605900
2017-01-03,22.600000,22.680000,22.200001,22.530001,20.738499,99298100
2017-01-04,22.719999,22.959999,22.600000,22.950001,21.125107,76875100
2017-01-05,22.820000,22.930000,22.350000,22.680000,20.876570,86826400
2017-01-06,22.780001,22.850000,22.559999,22.680000,20.876570,66281500
2017-01-09,22.510000,22.709999,22.400000,22.549999,20.756905,75901500
2017-01-10,22.590000,23.139999,22.540001,22.940001,21.115896,100977700
2017-01-11,22.940001,23.070000,22.719999,23.070000,21.235556,92385600
2017-01-12,23.010000,23.120001,22.610001,22.920000,21.097486,120474200
2017-01-13,23.209999,23.410000,22.799999,23.010000,21.180328,161930900
2017-01-17,22.680000,22.790001,22.010000,22.049999,20.296663,152495900
2017-01-18,22.299999,22.650000,22.100000,22.629999,20.830540,124366000
2017-01-19,22.730000,22.809999,22.410000,22.530001,20.738499,75990800
2017-01-20,22.660000,22.930000,22.520000,22.639999,20.839748,102564900
2017-01-23,22.620001,22.760000,22.420000,22.559999,20.766111,61385600
2017-01-24,22.610001,23.100000,22.480000,22.950001,21.125107,98508700
2017-01-25,23.320000,23.420000,23.100000,23.370001,21.511707,99753300
2017-01-26,23.410000,23.549999,23.280001,23.440001,21.576136,84146400
2017-01-27,23.430000,23.450001,23.280001,23.360001,21.502501,54590200
2017-01-30,23.200001,23.200001,22.709999,22.950001,21.125107,91561200
2017-01-31,22.770000,23.030001,22.500000,22.639999,20.839748,91044300
2017-02-01,22.969999,23.219999,22.820000,22.889999,21.069872,103630900
2017-02-02,22.740000,22.790001,22.510000,22.719999,20.913389,88679100
2017-02-03,23.150000,23.350000,22.950001,23.290001,21.438065,116035100
2017-02-06,23.150000,23.379999,23.070000,23.120001,21.281582,92228400
2017-02-07,23.280001,23.290001,22.860001,22.900000,21.079075,87982900
2017-02-08,22.730000,22.730000,22.450001,22.670000,20.867367,102264500
2017-02-09,22.760000,23.150000,22.639999,23.120001,21.281582,102634200
2017-02-10,23.190001,23.240000,22.959999,23.080000,21.244762,90548300
2017-02-13,23.170000,23.540001,23.170000,23.400000,21.539316,105342500
2017-02-14,23.400000,24.170000,23.330000,24.059999,22.146835,139711400
2017-02-15,24.340000,24.770000,24.110001,24.580000,22.625488,151233300
2017-02-16,24.540001,24.620001,24.299999,24.580000,22.625488,98144500
2017-02-17,24.280001,24.580000,24.200001,24.520000,22.570263,85789200
2017-02-21,24.590000,24.799999,24.580000,24.780001,22.809586,78571500
2017-02-22,24.610001,24.950001,24.540001,24.790001,22.818790,81531900
2017-02-23,24.790001,24.889999,24.510000,24.580000,22.625488,85846000
2017-02-24,24.120001,24.350000,24.020000,24.230000,22.303322,97074400
2017-02-27,24.200001,24.660000,24.190001,24.570000,22.616280,69129100
2017-02-28,24.480000,24.700001,24.420000,24.680000,22.717537,90242000
2017-03-01,25.370001,25.610001,25.219999,25.500000,23.543882,143947500
2017-03-02,25.680000,25.799999,25.200001,25.230000,23.294590,99824600
2017-03-03,25.299999,25.650000,25.299999,25.440001,23.488483,92456100
2017-03-06,25.330000,25.350000,25.080000,25.250000,23.313057,75660400
2017-03-07,25.219999,25.360001,25.100000,25.209999,23.276127,64053700
2017-03-08,25.600000,25.770000,25.219999,25.260000,23.322292,105314600
2017-03-09,25.350000,25.530001,25.230000,25.350000,23.405388,78984600
2017-03-10,25.620001,25.620001,25.090000,25.309999,23.368456,86998800
2017-03-13,25.299999,25.410000,25.129999,25.299999,23.359224,56886200
2017-03-14,25.190001,25.340000,25.049999,25.320000,23.377689,63182700
2017-03-15,25.389999,25.549999,24.959999,25.180000,23.248428,114662700
2017-03-16,25.240000,25.490000,25.190001,25.219999,23.285358,70306200
2017-03-17,25.219999,25.270000,24.830000,24.860001,22.952974,105222400
2017-03-20,24.580000,24.760000,24.420000,24.440001,22.565195,87287500
2017-03-21,24.500000,24.559999,22.950001,23.020000,21.254128,259545800
2017-03-22,22.650000,23.180000,22.450001,22.940001,21.180260,167984400
2017-03-23,23.040001,23.490000,22.910000,23.070000,21.300285,111666800
2017-03-24,23.200001,23.350000,22.760000,23.120001,21.346453,113499100
2017-03-27,22.280001,23.049999,22.160000,23.030001,21.263357,119513500
2017-03-28,23.010000,23.670000,23.000000,23.480000,21.678835,95761700
2017-03-29,23.510000,23.650000,23.309999,23.350000,21.558807,67204500
2017-03-30,23.379999,23.980000,23.330000,23.870001,22.038919,79189200
2017-03-31,23.830000,23.969999,23.590000,23.590000,21.780397,77158300
2017-04-03,23.650000,23.750000,23.080000,23.590000,21.780397,88076600
2017-04-04,23.200001,23.510000,23.200001,23.440001,21.641903,75244400
2017-04-05,23.770000,23.879999,23.150000,23.170000,21.392618,97453300
2017-04-06,23.170000,23.459999,22.959999,23.260000,21.475714,82975200
2017-04-07,23.030001,23.340000,22.930000,23.160000,21.383385,79519400
2017-04-10,23.129999,23.280001,22.910000,23.020000,21.254128,63254700
2017-04-11,22.830000,22.950001,22.580000,22.920000,21.161793,94206700
2017-04-12,22.879999,22.940001,22.610001,22.650000,20.912508,76556300
2017-04-13,22.559999,22.959999,22.340000,22.340000,20.626286,88061800
2017-04-17,22.360001,22.830000,22.260000,22.809999,21.060232,85053200
2017-04-18,23.110001,23.150000,22.379999,22.709999,20.967903,146488400
2017-04-19,22.920000,23.150000,22.680000,22.740000,20.995602,101771800
2017-04-20,22.959999,23.170000,22.820000,23.070000,21.300285,103802600
2017-04-21,23.030001,23.080000,22.590000,22.709999,20.967903,127235400
2017-04-24,23.240000,23.850000,23.240000,23.629999,21.817329,138638900
2017-04-25,23.990000,24.350000,23.910000,23.980000,22.140480,131531100
2017-04-26,24.000000,24.190001,23.860001,23.889999,22.057384,95172200
2017-04-27,23.900000,23.930000,23.459999,23.650000,21.835793,80024200
2017-04-28,23.570000,23.719999,23.320000,23.340000,21.549576,69384900
2017-05-01,23.520000,23.770000,23.350000,23.610001,21.798864,72382900
2017-05-02,23.610001,23.670000,23.330000,23.530001,21.725002,60262600
2017-05-03,23.370001,23.780001,23.340000,23.770000,21.946589,64272800
2017-05-04,23.980000,24.049999,23.730000,23.850000,22.020451,68133400
2017-05-05,23.980000,23.990000,23.600000,23.740000,21.918894,56678800
2017-05-08,23.750000,24.059999,23.750000,23.959999,22.122013,56016500
2017-05-09,24.030001,24.309999,23.870001,23.980000,22.140480,61622000
2017-05-10,23.910000,24.170000,23.870001,24.150000,22.297440,48495300
2017-05-11,24.100000,24.230000,23.840000,24.070000,22.223572,68350800
2017-05-12,23.920000,24.000000,23.750000,24.000000,22.158947,62589000
2017-05-15,24.059999,24.139999,23.980000,24.059999,22.214342,50688800
2017-05-16,24.070000,24.170000,23.940001,23.990000,22.149717,55774800
2017-05-17,23.370001,23.450001,22.459999,22.570000,20.838644,190353300
2017-05-18,22.610001,23.000000,22.500000,22.740000,20.995602,108444100
2017-05-19,22.910000,23.299999,22.870001,23.049999,21.281824,89566700
2017-05-22,23.190001,23.240000,22.820000,23.040001,21.272589,74839400
2017-05-23,23.030001,23.500000,22.840000,23.389999,21.595741,79020000
2017-05-24,23.440001,23.469999,23.219999,23.360001,21.568045,58823200
2017-05-25,23.410000,23.580000,23.219999,23.250000,21.466482,60443500
2017-05-26,23.230000,23.420000,23.170000,23.240000,21.457249,50399500
2017-05-30,23.129999,23.209999,22.879999,22.910000,21.152559,61307900
2017-05-31,22.780001,22.799999,22.090000,22.410000,20.758873,138636300
2017-06-01,22.480000,22.639999,22.299999,22.629999,20.962664,69725100
2017-06-02,22.270000,22.590000,22.160000,22.450001,20.795933,79722300
2017-06-05,22.440001,22.700001,22.389999,22.410000,20.758873,51590300
2017-06-06,22.200001,22.410000,22.070000,22.230000,20.592138,71735600
2017-06-07,22.299999,22.620001,22.270000,22.600000,20.934879,66429700
2017-06-08,22.620001,23.209999,22.600000,22.969999,21.277618,93685900
2017-06-09,23.219999,23.670000,23.209999,23.670000,21.926041,108254300
2017-06-12,23.820000,24.040001,23.730000,23.780001,22.027935,85829900
2017-06-13,23.950001,24.110001,23.660000,23.770000,22.018671,68047300
2017-06-14,23.549999,23.809999,23.200001,23.760000,22.009409,102352400
2017-06-15,23.549999,23.950001,23.469999,23.540001,21.805620,69707500
2017-06-16,23.559999,23.620001,23.370001,23.430000,21.703722,57745800
2017-06-19,23.610001,24.000000,23.600000,23.910000,22.148355,58587800
2017-06-20,23.910000,23.990000,23.480000,23.490000,21.759300,59693500
2017-06-21,23.500000,23.570000,23.070000,23.129999,21.425821,72432800
2017-06-22,23.120001,23.200001,22.900000,22.930000,21.240561,64763300
2017-06-23,23.110001,23.110001,22.740000,22.820000,21.138668,85399600
2017-06-26,22.910000,23.139999,22.730000,22.889999,21.203512,61307800
2017-06-27,23.100000,23.600000,23.000000,23.270000,21.555511,88257800
2017-06-28,23.530001,23.959999,23.530001,23.879999,22.120567,119049300
2017-06-29,24.580000,24.670000,24.040001,24.320000,22.528151,150501200
2017-06-30,24.620001,24.620001,24.170000,24.260000,22.472572,84005200
2017-07-03,24.459999,24.910000,24.440001,24.680000,22.861624,58129700
2017-07-05,24.799999,24.950001,24.620001,24.920000,23.083942,76172500
2017-07-06,24.900000,25.110001,24.690001,24.709999,22.889416,84465400
2017-07-07,24.920000,25.000000,24.650000,24.830000,23.000574,54478800
2017-07-10,24.719999,24.990000,24.639999,24.889999,23.056156,54632800
2017-07-11,24.879999,24.910000,24.459999,24.600000,22.787521,69410600
2017-07-12,24.420000,24.600000,24.299999,24.350000,22.555937,68708700
2017-07-13,24.430000,24.629999,24.370001,24.620001,22.806049,55533400
2017-07-14,24.200001,24.320000,23.820000,24.209999,22.426249,92625400
2017-07-17,24.219999,24.219999,23.930000,24.020000,22.250250,81522000
2017-07-18,23.910000,24.059999,23.610001,23.900000,22.139095,107981400
2017-07-19,24.049999,24.200001,23.809999,24.059999,22.287308,74140100
2017-07-20,24.020000,24.120001,23.830000,23.940001,22.176144,62793500
2017-07-21,23.840000,23.959999,23.660000,23.799999,22.046461,65922500
2017-07-24,23.740000,24.030001,23.730000,23.910000,22.148355,51382700
2017-07-25,24.250000,24.670000,24.240000,24.480000,22.676359,86154700
2017-07-26,24.670000,24.670000,24.139999,24.209999,22.426249,65704700
2017-07-27,24.260000,24.450001,24.030001,24.110001,22.333624,62902100
2017-07-28,24.049999,24.209999,23.959999,24.030001,22.259516,50143400
2017-07-31,24.120001,24.299999,24.090000,24.120001,22.342888,62272000
2017-08-01,24.290001,24.490000,24.270000,24.450001,22.648571,52782500
2017-08-02,24.440001,24.590000,24.260000,24.590000,22.778255,55317100
2017-08-03,24.549999,24.600000,24.320000,24.370001,22.574467,53210600
2017-08-04,24.680000,25.080000,24.650000,24.969999,23.130259,105206600
2017-08-07,25.010000,25.049999,24.900000,24.959999,23.120993,41860900
2017-08-08,24.950001,25.350000,24.820000,24.900000,23.065416,73399300
2017-08-09,24.600000,24.770000,24.459999,24.740000,22.917206,56910400
2017-08-10,24.580000,24.580000,24.090000,24.120001,22.342888,78023700
2017-08-11,24.070000,24.240000,23.799999,23.860001,22.102043,68157400
2017-08-14,24.230000,24.490000,24.170000,24.420000,22.620783,54989500
2017-08-15,24.750000,24.850000,24.450001,24.469999,22.667093,45143200
2017-08-16,24.540001,24.620001,24.080000,24.190001,22.407728,59188900
2017-08-17,24.070000,24.170000,23.620001,23.639999,21.898251,78969300
2017-08-18,23.559999,23.900000,23.450001,23.620001,21.879725,60461200
2017-08-21,23.580000,23.639999,23.139999,23.379999,21.657406,70124800
2017-08-22,23.600000,23.889999,23.570000,23.830000,22.074253,59228600
2017-08-23,23.610001,23.969999,23.590000,23.760000,22.009409,39825500
2017-08-24,23.930000,23.940001,23.680000,23.840000,22.083513,39178700
2017-08-25,23.889999,24.070000,23.750000,23.770000,22.018671,43511900
2017-08-28,23.840000,23.900000,23.570000,23.719999,21.972357,37155000
2017-08-29,23.219999,23.700001,23.120001,23.580000,21.842670,60897200
2017-08-30,23.730000,24.040001,23.559999,23.870001,22.224409,58412900
2017-08-31,24.030001,24.040001,23.780001,23.889999,22.243027,62362400
2017-09-01,23.900000,24.180000,23.799999,24.090000,22.429239,56233900
2017-09-05,23.830000,23.830000,23.230000,23.309999,21.703012,108605400
2017-09-06,23.490000,23.580000,23.209999,23.410000,21.796114,64188900
2017-09-07,23.379999,23.410000,22.750000,22.969999,21.386454,103501200
2017-09-08,22.930000,23.230000,22.850000,22.889999,21.311966,68365000
2017-09-11,23.219999,23.410000,23.080000,23.360001,21.749567,73741000
2017-09-12,23.459999,24.030001,23.450001,23.950001,22.298891,99658500
2017-09-13,23.920000,24.350000,23.870001,24.330000,22.652693,86339800
2017-09-14,24.379999,24.540001,24.200001,24.240000,22.568897,70051000
2017-09-15,24.209999,24.410000,24.150000,24.379999,22.699244,85937600
2017-09-18,24.420000,24.770000,24.410000,24.700001,22.997187,68076400
2017-09-19,24.700001,24.990000,24.620001,24.860001,23.146154,56218100
2017-09-20,24.879999,25.240000,24.670000,25.059999,23.332365,82289900
2017-09-21,25.049999,25.280001,24.920000,25.160000,23.425472,57864000
2017-09-22,25.010000,25.070000,24.850000,25.020000,23.295122,61446000
2017-09-25,24.940001,25.080000,24.580000,24.760000,23.053051,62361700
2017-09-26,24.830000,24.959999,24.690001,24.809999,23.099600,53012700
2017-09-27,25.309999,25.639999,25.180000,25.410000,23.658239,92877400
2017-09-28,25.590000,25.639999,25.340000,25.450001,23.695482,64991400
2017-09-29,25.410000,25.480000,25.309999,25.340000,23.593061,66232600
2017-10-02,25.459999,25.650000,25.389999,25.620001,23.853762,54001400
2017-10-03,25.750000,25.930000,25.620001,25.860001,24.077219,55946900
2017-10-04,25.860001,25.950001,25.700001,25.709999,23.937555,53402800
2017-10-05,25.770000,26.230000,25.660000,26.129999,24.328604,62636900
2017-10-06,26.250000,26.299999,26.040001,26.209999,24.403086,53900600
2017-10-09,26.260000,26.270000,25.760000,25.850000,24.067905,55172500
2017-10-10,25.830000,25.950001,25.709999,25.930000,24.142391,46133800
2017-10-11,25.930000,25.930000,25.650000,25.830000,24.049280,51652300
2017-10-12,25.870001,25.930000,25.340000,25.450001,23.695482,71770000
2017-10-13,25.379999,26.000000,25.120001,25.830000,24.049280,104196900
2017-10-16,25.870001,26.330000,25.870001,26.240000,24.431017,71927200
2017-10-17,26.370001,26.430000,26.110001,26.200001,24.393778,48644400
2017-10-18,26.340000,26.549999,26.330000,26.480000,24.654472,55382500
2017-10-19,26.200001,26.590000,26.150000,26.580000,24.747576,54542700
2017-10-20,27.040001,27.180000,26.900000,27.170000,25.296906,83764700
2017-10-23,27.219999,27.430000,27.090000,27.160000,25.287596,69607700
2017-10-24,27.350000,27.840000,27.340000,27.680000,25.771746,90346500
2017-10-25,27.889999,27.920000,27.340000,27.629999,25.725189,81265300
2017-10-26,27.690001,27.980000,27.680000,27.740000,25.827608,55342500
2017-10-27,27.680000,27.959999,27.620001,27.799999,25.883472,58856700
2017-10-30,27.650000,27.760000,27.459999,27.600000,25.697258,51357600
2017-10-31,27.639999,27.719999,27.340000,27.389999,25.501736,50311200
2017-11-01,27.639999,27.730000,27.360001,27.530001,25.632086,46527700
2017-11-02,27.510000,27.940001,27.280001,27.870001,25.948650,59692000
2017-11-03,27.730000,27.820000,27.620001,27.820000,25.902094,37816100
2017-11-06,27.740000,27.820000,27.620001,27.750000,25.836918,37261000
2017-11-07,27.740000,27.770000,27.020000,27.180000,25.306211,68342100
2017-11-08,26.959999,26.959999,26.490000,26.790001,24.943102,83128200
2017-11-09,26.490000,26.660000,26.120001,26.490000,24.663782,95448600
2017-11-10,26.590000,26.740000,26.459999,26.510000,24.682405,61105300
2017-11-13,26.260000,26.480000,26.139999,26.400000,24.579987,55902200
2017-11-14,26.260000,26.350000,26.080000,26.240000,24.431017,61596800
2017-11-15,25.990000,26.930000,25.809999,26.790001,24.943102,98274900
2017-11-16,26.910000,27.049999,26.740000,26.760000,24.915173,54565200
2017-11-17,26.510000,26.730000,26.440001,26.620001,24.784817,48420700
2017-11-20,26.740000,26.840000,26.540001,26.740000,24.896545,46328800
2017-11-21,26.799999,26.860001,26.690001,26.730000,24.887236,57749100
2017-11-22,26.770000,26.900000,26.590000,26.660000,24.822065,38103200
2017-11-24,26.719999,26.740000,26.570000,26.590000,24.756887,14273600
2017-11-27,26.520000,26.920000,26.510000,26.590000,24.756887,44828600
2017-11-28,26.620001,27.700001,26.570000,27.639999,25.734501,99765000
2017-11-29,28.020000,28.490000,27.840000,28.280001,26.330381,119728400
2017-11-30,28.620001,28.719999,28.080000,28.170000,26.339729,122131900
2017-12-01,28.250000,28.510000,27.500000,28.100000,26.274279,137774800
2017-12-04,28.850000,29.309999,28.820000,29.059999,27.171904,145661700
2017-12-05,29.100000,29.299999,28.850000,28.930000,27.050352,91349800
2017-12-06,28.730000,28.969999,28.570000,28.639999,26.779192,74593800
2017-12-07,28.889999,28.969999,28.370001,28.780001,26.910099,80706100
2017-12-08,29.020000,29.090000,28.760000,29.049999,27.162552,60991300
2017-12-11,29.030001,29.170000,28.900000,28.940001,27.059704,54001900
2017-12-12,29.320000,29.500000,28.910000,29.320000,27.415014,76017200
2017-12-13,29.309999,29.440001,28.830000,28.840000,26.966200,79980600
2017-12-14,29.059999,29.180000,28.709999,28.730000,26.863344,60615800
2017-12-15,28.910000,29.180000,28.740000,29.040001,27.153204,129859400
2017-12-18,29.290001,29.500000,29.270000,29.480000,27.564617,70548600
2017-12-19,29.600000,29.639999,29.370001,29.450001,27.536564,67984100
2017-12-20,29.760000,29.840000,29.450001,29.480000,27.564617,81271200
2017-12-21,29.590000,29.980000,29.580000,29.820000,27.882523,72953200
2017-12-22,29.980000,30.030001,29.620001,29.879999,27.938625,54203000
2017-12-26,29.740000,29.940001,29.580000,29.780001,27.845123,42371200
2017-12-27,29.660000,29.730000,29.600000,29.730000,27.798374,35111800
2017-12-28,29.730000,29.820000,29.660000,29.799999,27.863823,37914900
2017-12-29,29.850000,29.879999,29.520000,29.520000,27.602016,40672000
2018-01-02,29.750000,29.900000,29.610001,29.900000,27.957329,57121600
2018-01-03,29.900000,29.940001,29.690001,29.799999,27.863823,57865700
2018-01-04,29.969999,30.440001,29.879999,30.190001,28.228485,76512500
2018-01-05,30.370001,30.420000,30.049999,30.330000,28.359392,56445200
2018-01-08,30.230000,30.270000,30.049999,30.120001,28.163034,42914800
2018-01-09,30.200001,30.540001,30.129999,30.270000,28.303289,69479100
2018-01-10,30.370001,30.730000,30.309999,30.549999,28.565096,63532800
2018-01-11,30.660000,30.690001,30.450001,30.660000,28.667950,59318300
2018-01-12,30.879999,31.200001,30.770000,31.190001,29.163519,66371600
2018-01-16,31.740000,31.790001,31.030001,31.240000,29.210262,104467900
2018-01-17,31.000000,31.290001,30.340000,31.180000,29.154165,124382900
2018-01-18,31.330000,31.709999,31.209999,31.480000,29.434673,76463800
2018-01-19,31.580000,31.740000,31.459999,31.719999,29.659077,66491000
2018-01-22,31.670000,31.940001,31.580000,31.940001,29.864784,53848800
2018-01-23,31.860001,32.130001,31.790001,31.920000,29.846085,56531400
2018-01-24,32.009998,32.209999,31.820000,32.090000,30.005039,81585000
2018-01-25,32.240002,32.250000,31.930000,32.090000,30.005039,62265800
2018-01-26,32.110001,32.200001,31.950001,32.200001,30.107893,52699900
2018-01-29,32.250000,32.450001,32.180000,32.279999,30.182695,59126500
2018-01-30,31.950001,32.200001,31.850000,31.879999,29.808685,60555800
2018-01-31,32.049999,32.290001,31.950001,32.000000,29.920889,65734100
2018-02-01,32.000000,32.500000,31.959999,32.500000,30.388403,62367400
2018-02-02,32.439999,32.669998,31.860001,31.950001,29.874136,96971900
2018-02-05,31.120001,31.980000,29.150000,30.260000,28.293940,155908300
2018-02-06,29.410000,31.290001,29.299999,31.200001,29.172863,165878400
2018-02-07,31.120001,31.740000,30.860001,31.250000,29.219618,101180500
2018-02-08,31.309999,31.379999,29.730000,29.740000,27.807726,128981300
2018-02-09,30.170000,30.610001,29.129999,30.330000,28.359392,143071100
2018-02-12,30.620001,31.440001,30.540001,31.120001,29.098061,95055100
2018-02-13,31.040001,31.400000,30.760000,31.180000,29.154165,76727300
2018-02-14,31.170000,32.029999,31.059999,32.000000,29.920889,97251500
2018-02-15,32.389999,32.470001,31.870001,32.209999,30.117243,68117400
2018-02-16,32.000000,32.259998,31.920000,31.969999,29.892838,62137800
2018-02-20,31.959999,32.160000,31.750000,31.930000,29.855433,58573900
2018-02-21,31.799999,32.369999,31.770000,31.870001,29.799330,72210300
2018-02-22,31.990000,32.139999,31.590000,31.690001,29.631029,64749700
2018-02-23,31.799999,32.060001,31.760000,32.029999,29.948938,53626300
2018-02-26,32.169998,32.439999,32.049999,32.419998,30.313593,61796300
2018-02-27,32.320000,32.849998,32.320000,32.330002,30.229448,69235500
2018-02-28,32.490002,32.770000,32.090000,32.099998,30.014387,72044000
2018-03-01,32.070000,32.349998,31.360001,31.480000,29.545122,90547100
2018-03-02,31.120001,31.690001,30.629999,31.629999,29.685902,82739100
2018-03-05,31.350000,32.349998,31.170000,32.130001,30.155170,70543100
2018-03-06,32.299999,32.320000,31.950001,32.110001,30.136396,50832600
2018-03-07,31.700001,32.230000,31.580000,32.180000,30.202093,52763900
2018-03-08,32.189999,32.270000,31.809999,32.200001,30.220867,53139800
2018-03-09,32.470001,32.730000,32.400002,32.720001,30.708908,73905800
2018-03-12,32.689999,33.049999,32.639999,32.840000,30.821533,60322800
2018-03-13,32.970001,32.990002,32.299999,32.360001,30.371035,63347500
2018-03-14,32.549999,32.549999,31.930000,32.139999,30.164555,58011400
2018-03-15,32.290001,32.340000,31.930000,32.099998,30.127012,41964200
2018-03-16,32.110001,32.570000,32.080002,32.169998,30.192707,83447600
2018-03-19,32.130001,32.220001,31.680000,31.980000,30.014389,57363200
2018-03-20,32.060001,32.200001,31.879999,31.980000,30.014389,44784500
2018-03-21,32.000000,32.450001,31.680000,31.870001,29.911150,64546300
2018-03-22,31.440001,31.490000,30.420000,30.549999,28.672281,110271900
2018-03-23,30.690001,30.709999,29.049999,29.170000,27.377106,115740200
2018-03-26,29.889999,30.559999,29.650000,30.440001,28.569044,83297000
2018-03-27,30.650000,30.670000,29.209999,29.520000,27.705589,85821800
2018-03-28,29.790001,29.959999,29.010000,29.389999,27.583582,79396100
2018-03-29,29.570000,30.139999,29.309999,29.990000,28.146700,65678300
2018-04-02,29.799999,30.059999,28.750000,29.309999,27.508497,86644200
2018-04-03,29.540001,29.650000,29.100000,29.590000,27.771286,69698700
2018-04-04,29.000000,29.969999,28.950001,29.879999,28.043461,66640800
2018-04-05,30.180000,30.549999,30.120001,30.320000,28.456419,55765500
2018-04-06,30.010000,30.290001,29.370001,29.629999,27.808826,79687600
2018-04-09,29.820000,30.629999,29.760000,29.870001,28.034079,65917500
2018-04-10,30.480000,30.580000,30.230000,30.480000,28.606585,60540500
2018-04-11,30.150000,30.240000,29.889999,29.900000,28.062235,62211500
2018-04-12,30.219999,30.799999,30.170000,30.650000,28.766134,57989100
2018-04-13,31.129999,31.170000,29.559999,29.799999,27.968380,99254500
2018-04-16,30.080000,30.370001,29.469999,29.930000,28.090387,110588900
2018-04-17,30.170000,30.370001,29.879999,30.040001,28.193634,83475900
2018-04-18,30.030001,30.219999,29.500000,29.530001,27.714975,79743200
2018-04-19,29.549999,30.240000,29.540001,30.180000,28.325026,80902600
2018-04-20,30.260000,30.530001,30.129999,30.260000,28.400108,65554600
2018-04-23,30.270000,30.400000,30.120001,30.320000,28.456419,50686300
2018-04-24,30.459999,30.860001,30.000000,30.190001,28.334408,81486800
2018-04-25,30.090000,30.340000,29.799999,30.139999,28.287485,65893500
2018-04-26,30.040001,30.280001,29.990000,30.070000,28.221786,45936700
2018-04-27,29.990000,30.209999,29.969999,30.150000,28.296867,47411200
2018-04-30,30.270000,30.430000,29.920000,29.920000,28.081005,55153900
2018-05-01,29.920000,29.959999,29.620001,29.950001,28.109163,52871700
2018-05-02,29.950001,30.070000,29.559999,29.580000,27.761906,68234600
2018-05-03,29.510000,29.520000,28.430000,29.200001,27.405258,110672700
2018-05-04,28.990000,29.420000,28.820000,29.299999,27.499111,58281900
2018-05-07,29.440001,29.790001,29.330000,29.639999,27.818216,46765200
2018-05-08,29.770000,30.129999,29.670000,29.930000,28.090387,65119800
2018-05-09,30.100000,30.790001,30.080000,30.719999,28.831831,72266500
2018-05-10,30.610001,31.070000,30.420000,30.889999,28.991386,54773200
2018-05-11,30.910000,31.030001,30.809999,30.920000,29.019541,42024800
2018-05-14,31.040001,31.230000,31.030001,31.120001,29.207249,41791600
2018-05-15,30.920000,31.360001,30.850000,31.219999,29.301102,64433500
2018-05-16,31.180000,31.250000,31.020000,31.059999,29.150936,43590100
2018-05-17,31.040001,31.080000,30.670000,30.809999,28.916300,45981500
2018-05-18,30.770000,30.790001,30.230000,30.260000,28.400108,58641700
2018-05-21,30.520000,30.680000,30.480000,30.549999,28.672281,34983300
2018-05-22,30.600000,31.139999,30.540001,30.889999,28.991386,61103000
2018-05-23,30.709999,30.760000,30.080000,30.440001,28.569044,73893100
2018-05-24,30.400000,30.410000,29.830000,30.209999,28.353180,62146200
2018-05-25,30.010000,30.190001,29.879999,30.160000,28.306252,44166700
2018-05-29,29.760000,29.799999,28.700001,28.959999,27.180008,135895000
2018-05-30,29.290001,29.600000,29.160000,29.490000,27.677437,79435300
2018-05-31,29.200001,29.260000,28.830000,29.040001,27.366451,97509300
2018-06-01,29.490000,29.660000,29.309999,29.400000,27.705708,64796600
2018-06-04,29.549999,29.590000,29.330000,29.400000,27.705708,43777000
2018-06-05,29.309999,29.340000,29.059999,29.120001,27.441841,47690800
2018-06-06,29.290001,30.049999,29.280001,30.040001,28.308826,74995800
2018-06-07,30.200001,30.309999,29.889999,30.090000,28.355938,68402700
2018-06-08,30.010000,30.049999,29.809999,30.010000,28.280550,49572900
2018-06-11,30.129999,30.410000,30.059999,30.059999,28.327669,46732800
2018-06-12,30.170000,30.270000,29.750000,29.900000,28.176891,49644600
2018-06-13,29.980000,30.360001,29.700001,29.840000,28.120346,68900200
2018-06-14,30.040001,30.049999,29.379999,29.500000,27.799942,77863200
2018-06-15,29.250000,29.410000,28.870001,29.280001,27.592619,105079500
2018-06-18,28.940001,29.500000,28.809999,29.400000,27.705708,52644100
2018-06-19,29.040001,29.370001,28.950001,29.260000,27.573772,65466200
2018-06-20,29.420000,29.500000,29.180000,29.240000,27.554926,52256500
2018-06-21,29.209999,29.450001,29.000000,29.290001,27.602043,68322600
2018-06-22,29.459999,29.520000,28.990000,28.990000,27.319330,76079200
2018-06-25,28.860001,28.910000,28.260000,28.480000,26.838722,73616400
2018-06-26,28.520000,28.670000,28.010000,28.540001,26.895266,56369300
2018-06-27,28.510000,28.850000,28.240000,28.240000,26.612555,61764400
2018-06-28,28.400000,28.840000,28.299999,28.670000,27.017773,71292100
2018-06-29,29.090000,29.170000,28.180000,28.190001,26.565435,102307600
2018-07-02,28.080000,28.280001,27.830000,28.280001,26.650249,52534300
2018-07-03,28.330000,28.430000,27.740000,27.780001,26.179064,40599000
2018-07-05,27.950001,28.080000,27.809999,27.920000,26.310995,44506800
2018-07-06,27.809999,28.150000,27.629999,28.030001,26.414660,39424900
2018-07-09,28.230000,29.090000,28.219999,29.049999,27.375874,61758900
2018-07-10,29.219999,29.330000,28.750000,28.830000,27.168554,58858400
2018-07-11,28.670000,28.910000,28.620001,28.680000,27.027201,50218900
2018-07-12,28.900000,28.969999,28.660000,28.770000,27.112015,51700700
2018-07-13,28.620001,28.690001,28.219999,28.549999,26.904690,75178000
2018-07-16,28.780001,29.850000,28.730000,29.780001,28.063805,129172000
2018-07-17,29.889999,30.200001,29.580000,30.010000,28.280550,87778900
2018-07-18,29.920000,30.290001,29.840000,30.129999,28.393635,59109200
2018-07-19,29.930000,30.020000,29.639999,29.670000,27.960146,59260600
2018-07-20,29.620001,30.160000,29.459999,30.129999,28.393635,80432700
2018-07-23,30.139999,30.850000,30.129999,30.750000,28.977903,74080200
2018-07-24,30.850000,31.110001,30.650000,30.830000,29.053295,64761500
2018-07-25,30.700001,31.110001,30.670000,31.070000,29.279467,57644100
2018-07-26,31.190001,31.209999,30.889999,30.940001,29.156958,46215000
2018-07-27,30.990000,31.139999,30.799999,31.059999,29.270041,57198900
2018-07-30,31.139999,31.450001,31.129999,31.309999,29.505632,58721000
2018-07-31,31.360001,31.420000,30.820000,30.879999,29.100412,64066000
2018-08-01,31.219999,31.549999,31.170000,31.250000,29.449093,69070700
2018-08-02,30.980000,31.309999,30.870001,31.280001,29.477362,46427200
2018-08-03,31.180000,31.510000,31.160000,31.510000,29.694107,50153800
2018-08-06,31.450001,31.590000,31.320000,31.520000,29.703531,41261500
2018-08-07,31.549999,31.799999,31.490000,31.510000,29.694107,43946200
2018-08-08,31.510000,31.910000,31.480000,31.799999,29.967392,43689600
2018-08-09,31.730000,31.790001,31.549999,31.600000,29.778921,38219100
2018-08-10,31.230000,31.330000,30.900000,31.190001,29.392555,55679800
2018-08-13,31.080000,31.120001,30.450001,30.480000,28.723465,63960600
2018-08-14,30.610001,30.900000,30.420000,30.790001,29.015602,42521200
2018-08-15,30.480000,30.620001,30.160000,30.360001,28.610382,59747900
2018-08-16,30.559999,30.840000,30.520000,30.719999,28.949631,44015400
2018-08-17,30.660000,30.860001,30.549999,30.740000,28.968481,39843500
2018-08-20,30.690001,30.930000,30.650000,30.870001,29.090990,40011000
2018-08-21,30.910000,31.250000,30.830000,31.020000,29.232346,53510600
2018-08-22,30.920000,31.090000,30.879999,30.980000,29.194651,33062900
2018-08-23,30.940001,30.980000,30.740000,30.840000,29.062719,38259100
2018-08-24,30.940001,31.080000,30.850000,30.889999,29.109838,43585000
2018-08-27,31.030001,31.490000,30.990000,31.309999,29.505632,47729300
2018-08-28,31.360001,31.410000,31.190001,31.270000,29.467939,38539000
2018-08-29,31.240000,31.309999,31.070000,31.139999,29.345428,46401800
2018-08-30,31.020000,31.150000,30.950001,31.010000,29.222923,47358900
2018-08-31,30.879999,30.950001,30.620001,30.930000,29.147533,49266000
2018-09-04,30.910000,31.160000,30.820000,31.139999,29.345428,44745600
2018-09-05,31.070000,31.240000,30.969999,31.180000,29.383125,48516700
2018-09-06,31.049999,31.110001,30.730000,30.850000,29.212677,42666000
2018-09-07,31.000000,31.120001,30.629999,30.860001,29.222147,49103800
2018-09-10,30.879999,31.000000,30.750000,30.820000,29.184271,34156200
2018-09-11,30.719999,30.900000,30.700001,30.850000,29.212677,53071000
2018-09-12,30.879999,30.959999,30.379999,30.430000,28.814970,59482300
2018-09-13,30.530001,30.670000,30.080000,30.139999,28.540361,59219500
2018-09-14,30.129999,30.389999,30.110001,30.370001,28.758154,33743900
2018-09-17,30.340000,30.490000,30.150000,30.280001,28.672930,35026600
2018-09-18,30.330000,30.400000,30.129999,30.209999,28.606644,49921700
2018-09-19,30.129999,31.200001,30.129999,31.000000,29.354717,92666300
2018-09-20,31.299999,31.370001,31.139999,31.190001,29.534637,83357400
2018-09-21,31.340000,31.370001,30.969999,31.030001,29.383125,85992100
2018-09-24,30.980000,31.200001,30.660000,30.740000,29.108515,45587700
2018-09-25,30.850000,31.040001,30.600000,30.670000,29.042231,40949900
2018-09-26,30.709999,30.740000,30.059999,30.129999,28.530890,57882400
2018-09-27,30.240000,30.309999,29.930000,29.940001,28.350971,45879700
2018-09-28,29.650000,29.850000,29.420000,29.459999,27.896450,74707600
2018-10-01,29.680000,29.940001,29.540001,29.650000,28.076365,53900900
2018-10-02,29.580000,29.719999,29.270000,29.580000,28.010082,42940300
2018-10-03,29.809999,30.180000,29.719999,30.000000,28.407787,61080300
2018-10-04,30.170000,30.790001,30.139999,30.430000,28.814970,72325700
2018-10-05,30.600000,30.650000,30.049999,30.230000,28.625580,51931000
2018-10-08,30.049999,30.420000,29.910000,30.270000,28.663460,47471600
2018-10-09,30.030001,30.190001,29.870001,29.980000,28.388853,58868600
2018-10-10,29.980000,30.129999,29.209999,29.240000,27.688126,88454400
2018-10-11,28.889999,29.250000,28.260000,28.360001,26.854832,111417300
2018-10-12,28.990000,29.040001,27.730000,28.459999,26.949526,102279200
2018-10-15,28.490000,28.620001,27.639999,27.920000,26.438181,114636100
2018-10-16,28.240000,28.580000,27.900000,28.530001,27.015812,87887800
2018-10-17,28.370001,29.190001,28.160000,28.900000,27.366169,79068700
2018-10-18,28.670000,28.900000,28.139999,28.250000,26.750669,77369200
2018-10-19,28.139999,28.520000,27.969999,28.320000,26.816956,64305400
2018-10-22,28.320000,28.350000,27.309999,27.379999,25.926844,89942900
2018-10-23,26.389999,27.200001,26.110001,27.020000,25.585953,102392500
2018-10-24,26.860001,26.900000,26.080000,26.190001,24.800001,86386600
2018-10-25,26.379999,26.930000,26.180000,26.590000,25.178770,73780400
2018-10-26,26.330000,26.580000,25.879999,26.389999,24.989386,91103500
2018-10-29,26.690001,27.180000,26.290001,26.610001,25.197710,89367000
2018-10-30,26.760000,26.860001,26.320000,26.780001,25.358688,79004800
2018-10-31,27.100000,27.879999,27.059999,27.500000,26.040476,92296300
2018-11-01,27.770000,28.000000,27.610001,27.809999,26.334023,49827300
2018-11-02,28.010000,28.379999,27.520000,27.889999,26.409775,69010200
2018-11-05,27.950001,28.240000,27.889999,28.059999,26.570753,41103100
2018-11-06,28.020000,28.250000,27.740000,28.209999,26.712791,43514400
2018-11-07,28.420000,28.670000,28.139999,28.540001,27.025278,56679200
2018-11-08,28.500000,29.120001,28.430000,28.870001,27.337765,49421200
2018-11-09,28.750000,28.889999,28.379999,28.520000,27.006342,43270600
2018-11-12,28.379999,28.520000,27.639999,27.750000,26.277205,50307500
2018-11-13,27.750000,28.139999,27.690001,27.760000,26.286673,57423400
2018-11-14,27.950001,28.100000,26.780001,27.209999,25.765863,69213300
2018-11-15,27.139999,27.969999,26.879999,27.900000,26.419247,66174800
2018-11-16,27.690001,27.889999,27.420000,27.750000,26.277205,52456100
2018-11-19,27.780001,28.020000,27.540001,27.750000,26.277205,46000000
2018-11-20,27.420000,27.570000,26.969999,27.379999,25.926844,92330600
2018-11-21,27.590000,27.760000,27.250000,27.270000,25.822680,40364400
2018-11-23,27.080000,27.170000,26.879999,26.969999,25.538601,22974100
2018-11-26,27.180000,27.730000,27.100000,27.559999,26.097292,53210700
2018-11-27,27.430000,27.900000,27.389999,27.740000,26.267738,43617100
2018-11-28,27.879999,28.469999,27.559999,28.430000,26.921116,61388100
2018-11-29,28.180000,28.350000,27.969999,28.040001,26.551815,46824600
2018-11-30,27.940001,28.629999,27.870001,28.400000,26.892710,64284600
2018-12-03,28.990000,29.040001,28.360001,28.540001,27.025278,59908700
2018-12-04,28.320000,28.320000,26.730000,26.990000,25.557539,103565700
2018-12-06,26.230000,26.320000,25.530001,26.280001,25.024298,133294200
2018-12-07,26.150000,26.540001,25.299999,25.430000,24.214912,107477600
2018-12-10,25.180000,25.230000,24.290001,24.760000,23.576925,110166900
2018-12-11,25.209999,25.400000,24.530001,24.580000,23.405531,78545000
2018-12-12,24.870001,24.990000,24.370001,24.520000,23.348394,87191800
2018-12-13,24.660000,24.820000,24.280001,24.400000,23.234127,64860100
2018-12-14,24.180000,24.870001,24.120001,24.480000,23.310305,92762600
2018-12-17,24.260000,24.930000,24.160000,24.469999,23.300785,98602800
2018-12-18,24.670000,25.090000,24.309999,24.469999,23.300785,89046300
2018-12-19,24.450001,25.240000,24.070000,24.180000,23.024643,121887600
2018-12-20,23.850000,24.430000,23.760000,24.110001,22.957989,112594000
2018-12-21,23.910000,24.510000,23.260000,23.370001,22.253345,160800400
2018-12-24,22.760000,23.209999,22.660000,22.730000,21.643925,64859100
2018-12-26,22.910000,24.180000,22.690001,24.110001,22.957989,100877800
2018-12-27,23.780001,24.370001,23.389999,24.370001,23.205563,91575400
2018-12-28,24.590000,24.750000,24.260000,24.389999,23.224607,78693800
2018-12-31,24.570000,24.969999,24.370001,24.639999,23.462660,56257300
2019-01-02,24.080000,25.139999,24.010000,24.959999,23.767370,71836300
2019-01-03,24.940001,25.040001,24.450001,24.559999,23.386484,66599600
2019-01-04,25.100000,25.650000,25.030001,25.580000,24.357744,83829100
2019-01-07,25.559999,25.780001,25.290001,25.559999,24.338699,57016300
2019-01-08,25.719999,25.790001,25.090000,25.510000,24.291090,67339400
2019-01-09,25.670000,25.850000,25.389999,25.760000,24.529146,69707200
2019-01-10,25.559999,25.780001,25.420000,25.730000,24.500580,65235800
2019-01-11,25.530001,26.040001,25.459999,26.030001,24.786243,63476000
2019-01-14,25.770000,26.480000,25.610001,26.370001,25.109999,76715400
2019-01-15,26.209999,26.809999,26.049999,26.549999,25.281397,80625500
2019-01-16,28.129999,28.719999,27.860001,28.450001,27.090614,163131700
2019-01-17,28.340000,29.000000,28.090000,28.990000,27.604809,107428800
2019-01-18,29.020000,29.459999,28.709999,29.299999,27.899998,97928200
2019-01-22,28.980000,29.299999,28.889999,29.090000,27.700033,84861400
2019-01-23,29.219999,29.280001,28.620001,28.920000,27.538155,79425900
2019-01-24,28.750000,29.200001,28.740000,29.080000,27.690510,59492300
2019-01-25,29.280001,29.719999,29.139999,29.580000,28.166622,72182100
2019-01-28,29.320000,29.670000,29.290001,29.629999,28.214230,59963800
2019-01-29,29.540001,29.700001,29.340000,29.389999,27.985697,51451900
2019-01-30,29.420000,29.469999,28.950001,29.070000,27.680988,66475800
2019-01-31,28.750000,28.840000,27.980000,28.469999,27.109655,100201200
2019-02-01,28.600000,28.840000,28.309999,28.379999,27.023956,64244100
2019-02-04,28.469999,28.969999,28.420000,28.879999,27.500065,55195900
2019-02-05,28.850000,28.879999,28.570000,28.780001,27.404846,46622600
2019-02-06,28.670000,28.900000,28.540001,28.730000,27.357237,35606900
2019-02-07,28.540001,28.639999,27.900000,28.240000,26.890642,62289200
2019-02-08,28.150000,28.320000,27.860001,28.290001,26.938259,50031300
2019-02-11,28.340000,28.459999,28.209999,28.410000,27.052526,47724400
2019-02-12,28.620001,28.860001,28.580000,28.690001,27.319145,49178100
2019-02-13,28.870001,28.990000,28.660000,28.700001,27.328671,48951200
2019-02-14,28.360001,28.620001,28.110001,28.389999,27.033480,47756600
2019-02-15,28.760000,29.309999,28.670000,29.110001,27.719078,65867000
2019-02-19,28.930000,29.260000,28.750000,29.129999,27.738121,40841300
2019-02-20,29.100000,29.450001,29.010000,29.410000,28.004740,42806300
2019-02-21,29.330000,29.450001,29.110001,29.290001,27.890476,42754100
2019-02-22,29.049999,29.270000,28.959999,29.080000,27.690510,47887800
2019-02-25,29.120001,29.590000,29.120001,29.270000,27.871433,61227400
2019-02-26,29.020000,29.629999,28.959999,29.290001,27.890476,53153200
2019-02-27,29.299999,29.670000,29.209999,29.530001,28.119011,48128600
2019-02-28,29.500000,29.549999,29.010000,29.080000,27.831884,62358100
2019-03-01,29.330000,29.650000,29.209999,29.309999,28.052013,45771500
2019-03-04,29.330000,29.540001,28.770000,29.030001,27.784031,56893200
2019-03-05,29.020000,29.190001,28.700001,29.080000,27.831884,39932500
2019-03-06,29.010000,29.160000,28.799999,28.840000,27.602188,41672000
2019-03-07,28.670000,28.719999,28.260000,28.549999,27.324633,53908600
2019-03-08,28.059999,28.670000,28.010000,28.650000,27.420341,40860700
2019-03-11,28.700001,29.059999,28.700001,28.940001,27.697895,40709300
2019-03-12,29.000000,29.120001,28.889999,28.940001,27.697895,34450000
2019-03-13,29.049999,29.510000,28.980000,29.290001,28.032871,54683300
2019-03-14,29.309999,29.639999,29.240000,29.459999,28.195574,45219100
2019-03-15,29.440001,29.610001,29.260000,29.299999,28.042440,82346200
2019-03-18,29.379999,29.959999,29.330000,29.820000,28.540125,58568600
2019-03-19,30.010000,30.139999,29.540001,29.650000,28.377419,55455100
2019-03-20,29.620001,29.660000,28.600000,28.639999,27.410769,81689900
2019-03-21,28.450001,28.600000,28.040001,28.180000,26.970514,77444400
2019-03-22,27.910000,28.070000,26.709999,27.010000,25.850729,118851600
2019-03-25,26.910000,27.379999,26.610001,26.840000,25.688023,65568000
2019-03-26,27.150000,27.350000,26.879999,27.209999,26.042145,59878500
2019-03-27,27.090000,27.370001,26.950001,27.030001,25.869873,57621700
2019-03-28,27.200001,27.410000,27.020000,27.330000,26.156994,45872300
2019-03-29,27.549999,27.680000,27.299999,27.590000,26.405836,83446300
2019-04-01,27.900000,28.740000,27.850000,28.540001,27.315063,91751100
2019-04-02,28.469999,28.870001,28.350000,28.870001,27.630898,66694000
2019-04-03,29.070000,29.240000,28.700001,28.840000,27.602188,63110600
2019-04-04,28.850000,29.309999,28.840000,29.150000,27.898880,53712100
2019-04-05,29.320000,29.500000,28.980000,29.080000,27.831884,46383400
2019-04-08,28.889999,29.200001,28.870001,29.170000,27.918022,35272800
2019-04-09,29.000000,29.070000,28.740000,28.889999,27.650038,40535300
2019-04-10,28.900000,29.150000,28.750000,29.070000,27.822315,42669700
2019-04-11,29.250000,29.490000,28.990000,29.070000,27.822315,50440100
2019-04-12,29.559999,30.219999,29.559999,30.170000,28.875103,100192000
2019-04-15,30.100000,30.139999,29.660000,29.840000,28.559261,57438800
2019-04-16,29.299999,30.049999,29.000000,29.879999,28.597549,105168400
2019-04-17,29.830000,30.120001,29.459999,30.030001,28.741112,94831600
2019-04-18,29.950001,30.160000,29.820000,30.030001,28.741112,61796600
2019-04-22,29.930000,30.100000,29.780001,30.049999,28.760250,34763400
2019-04-23,29.990000,30.209999,29.920000,30.070000,28.779394,41889700
2019-04-24,29.950001,30.170000,29.850000,30.020000,28.731537,40078100
2019-04-25,29.910000,30.320000,29.900000,30.080000,28.788967,43243800
2019-04-26,30.170000,30.389999,30.049999,30.350000,29.047375,40627500
2019-04-29,30.430000,31.170000,30.410000,30.770000,29.449352,68408600
2019-04-30,30.799999,30.879999,30.410000,30.580000,29.267506,47764200
2019-05-01,30.559999,30.889999,30.180000,30.260000,28.961241,56161000
2019-05-02,30.260000,30.559999,30.150000,30.500000,29.190939,40634100
2019-05-03,30.660000,30.799999,30.500000,30.709999,29.391924,35256100
2019-05-06,30.110001,30.610001,30.070000,30.469999,29.162226,39882000
2019-05-07,30.160000,30.170000,29.629999,29.920000,28.635834,58528400
2019-05-08,29.730000,30.110001,29.670000,29.799999,28.520981,39903400
2019-05-09,29.420000,29.780001,29.280001,29.709999,28.434843,44173500
2019-05-10,29.459999,29.709999,29.190001,29.580000,28.310425,59649900
2019-05-13,28.959999,29.000000,28.049999,28.250000,27.037510,72547000
2019-05-14,28.360001,28.990000,28.209999,28.620001,27.391628,52216100
2019-05-15,28.100000,28.490000,28.010000,28.290001,27.075792,51973200
2019-05-16,28.459999,28.830000,28.430000,28.590000,27.362919,42791500
2019-05-17,28.250000,28.639999,28.219999,28.400000,27.181070,43772500
2019-05-20,28.400000,28.520000,28.240000,28.400000,27.181070,41717600
2019-05-21,28.570000,28.750000,28.450001,28.690001,27.458622,39258700
2019-05-22,28.510000,28.629999,28.350000,28.490000,27.267208,29177600
2019-05-23,28.129999,28.200001,27.500000,27.760000,26.568542,59772900
2019-05-24,27.930000,28.260000,27.860001,28.180000,26.970514,35524400
2019-05-28,28.049999,28.250000,27.879999,27.900000,26.702528,44273400
2019-05-29,27.530001,27.850000,27.379999,27.750000,26.558966,49818900
2019-05-30,27.770000,27.930000,26.980000,27.160000,25.994291,58649300
2019-05-31,26.500000,26.870001,26.480000,26.600000,25.458326,68304200
2019-06-03,26.590000,26.990000,26.400000,26.680000,25.534891,50109900
2019-06-04,27.180000,27.950001,27.139999,27.920000,26.721672,58426400
2019-06-05,27.840000,28.010000,27.459999,27.910000,26.712099,44874400
2019-06-06,27.760000,28.040001,27.540001,27.879999,26.827570,38633600
2019-06-07,27.750000,27.790001,27.420000,27.530001,26.490784,51317200
2019-06-10,27.860001,28.469999,27.840000,28.070000,27.010399,48305800
2019-06-11,28.379999,28.700001,28.139999,28.240000,27.173979,38691800
2019-06-12,28.200001,28.270000,27.860001,27.950001,26.894930,33528900
2019-06-13,27.969999,28.160000,27.809999,27.940001,26.885309,33404200
2019-06-14,27.910000,28.170000,27.780001,28.040001,26.981531,37322100
2019-06-17,28.010000,28.219999,27.790001,27.930000,26.875685,33410100
2019-06-18,28.020000,28.799999,27.830000,28.620001,27.539639,60170700
2019-06-19,28.700001,28.969999,28.299999,28.320000,27.250961,61953500
2019-06-20,28.590000,28.610001,27.850000,28.270000,27.202850,60887200
2019-06-21,28.190001,28.549999,28.080000,28.120001,27.058516,69444000
2019-06-24,28.080000,28.379999,27.889999,27.980000,26.923796,40046400
2019-06-25,28.020000,28.020000,27.379999,27.760000,26.712105,46901300
2019-06-26,27.940001,28.180000,27.850000,27.910000,26.856438,42312300
2019-06-27,28.080000,28.320000,28.059999,28.209999,27.145115,35575600
2019-06-28,29.010000,29.270000,28.730000,29.000000,27.905294,101856900
2019-07-01,29.480000,29.850000,29.250000,29.420000,28.309439,48029900
2019-07-02,29.340000,29.430000,28.930000,29.150000,28.049631,32263500
2019-07-03,29.190001,29.240000,28.930000,29.049999,27.953403,26642300
2019-07-05,29.360001,29.570000,29.150000,29.260000,28.155478,33092000
2019-07-08,29.010000,29.299999,28.940001,29.200001,28.097744,30924400
2019-07-09,28.969999,29.420000,28.940001,29.350000,28.242081,28750100
2019-07-10,29.170000,29.400000,28.959999,29.020000,27.924538,40574800
2019-07-11,29.100000,29.500000,29.030001,29.360001,28.251705,37376800
2019-07-12,29.440001,29.530001,29.360001,29.450001,28.338308,29632900
2019-07-15,29.500000,29.530001,29.080000,29.219999,28.116991,46462100
2019-07-16,29.170000,29.200001,28.860001,28.990000,27.895670,54920400
2019-07-17,29.100000,29.620001,29.000000,29.190001,28.088123,84958300
2019-07-18,29.280001,29.580000,29.180000,29.480000,28.367174,49468800
2019-07-19,29.540001,29.610001,29.379999,29.400000,28.290195,44863200
2019-07-22,29.290001,29.610001,29.280001,29.570000,28.453775,31224300
2019-07-23,29.750000,30.280001,29.700001,30.250000,29.108109,64030300
2019-07-24,30.070000,30.750000,30.040001,30.670000,29.512253,53171900
2019-07-25,30.740000,30.889999,30.209999,30.340000,29.194710,43251900
2019-07-26,30.570000,30.990000,30.420000,30.770000,29.608480,46978800
2019-07-29,30.719999,30.850000,30.490000,30.520000,29.367916,39176700
2019-07-30,30.209999,30.900000,30.150000,30.889999,29.723949,37598300
2019-07-31,30.830000,31.059999,30.590000,30.680000,29.521875,60607600
2019-08-01,30.549999,31.070000,29.360001,29.490000,28.376797,76913400
2019-08-02,29.360001,29.500000,28.910000,29.379999,28.270947,57492300
2019-08-05,28.530001,28.639999,27.709999,28.080000,27.020021,96207700
2019-08-06,28.410000,28.490000,27.690001,28.420000,27.347187,65115800
2019-08-07,27.610001,27.930000,27.120001,27.889999,26.837193,75388500
2019-08-08,28.110001,28.490000,28.070000,28.379999,27.308695,53141900
2019-08-09,28.270000,28.520000,27.969999,28.330000,27.260586,53499600
2019-08-12,27.830000,27.850000,27.459999,27.639999,26.596630,55674700
2019-08-13,27.570000,28.250000,27.379999,27.719999,26.673609,69919200
2019-08-14,26.940001,27.080000,26.280001,26.420000,25.422684,106591700
2019-08-15,26.580000,26.830000,26.209999,26.250000,25.259100,70192000
2019-08-16,26.530001,27.120001,26.440001,27.030001,26.009661,70841700
2019-08-19,27.639999,27.700001,27.139999,27.270000,26.240601,44964800
2019-08-20,27.020000,27.059999,26.700001,26.719999,25.711359,47665000
2019-08-21,26.930000,27.080000,26.790001,26.930000,25.913431,47785400
2019-08-22,27.090000,27.299999,26.959999,27.190001,26.163618,49353700
2019-08-23,26.950001,27.219999,26.260000,26.469999,25.470797,81880700
2019-08-26,26.700001,26.799999,26.490000,26.780001,25.769096,41499100
2019-08-27,26.860001,26.900000,26.280001,26.469999,25.470797,52517000
2019-08-28,26.219999,27.080000,26.209999,26.850000,25.836454,45897900
2019-08-29,27.000000,27.450001,26.920000,27.330000,26.298332,55432900
2019-08-30,27.500000,27.690001,27.350000,27.510000,26.471540,41326200
2019-09-03,27.209999,27.230000,26.610001,27.049999,26.028904,50743100
2019-09-04,27.320000,27.580000,27.160000,27.490000,26.452295,40862500
2019-09-05,27.850000,28.430000,27.799999,28.120001,27.236855,63413700
2019-09-06,28.020000,28.090000,27.570000,27.730000,26.859102,56054100
2019-09-09,28.000000,28.850000,27.969999,28.629999,27.730837,68629300
2019-09-10,28.889999,29.350000,28.809999,29.350000,28.428225,71066200
2019-09-11,29.370001,29.469999,28.900000,29.459999,28.534771,53982200
2019-09-12,29.219999,29.799999,28.910000,29.670000,28.738173,72943900
2019-09-13,30.000000,30.320000,29.870001,30.170000,29.222471,79657000
2019-09-16,29.680000,30.170000,29.639999,30.129999,29.183727,43391300
2019-09-17,29.850000,30.020000,29.590000,29.940001,28.999693,48284900
2019-09-18,29.770000,30.150000,29.549999,30.000000,29.057812,66640400
2019-09-19,30.000000,30.100000,29.750000,29.820000,28.883463,43035700
2019-09-20,29.969999,30.129999,29.570000,29.590000,28.660686,167269000
2019-09-23,29.309999,29.620001,29.170000,29.520000,28.592886,52048300
2019-09-24,29.600000,29.639999,28.740000,28.940001,28.031103,64806900
2019-09-25,28.780001,29.410000,28.780001,29.250000,28.331364,45807700
2019-09-26,29.209999,29.330000,29.049999,29.129999,28.215132,33198100
2019-09-27,29.410000,29.709999,29.209999,29.350000,28.428225,41336600
2019-09-30,29.490000,29.520000,29.080000,29.170000,28.253878,39191000
2019-10-01,29.440001,29.510000,28.410000,28.440001,27.546803,49434400
2019-10-02,28.200001,28.299999,27.809999,27.840000,26.965647,52293100
2019-10-03,27.760000,27.879999,27.160000,27.809999,26.936590,53015800
2019-10-04,27.850000,28.400000,27.840000,28.370001,27.479002,42641800
2019-10-07,28.330000,28.620001,28.180000,28.309999,27.420887,36742400
2019-10-08,27.870001,27.920000,27.459999,27.629999,26.762245,58201100
2019-10-09,27.830000,28.070000,27.750000,27.889999,27.014076,37511400
2019-10-10,28.040001,28.750000,28.040001,28.450001,27.556490,48239300
2019-10-11,28.990000,29.340000,28.860001,28.910000,28.002041,70008600
2019-10-14,28.740000,29.160000,28.730000,29.139999,28.224819,36040100
2019-10-15,29.340000,30.240000,29.110001,29.730000,28.796289,78656000
2019-10-16,30.370001,30.719999,30.150000,30.170000,29.222471,87131700
2019-10-17,30.299999,30.540001,30.000000,30.260000,29.309645,55575900
2019-10-18,30.129999,30.490000,30.100000,30.350000,29.396820,48872900
2019-10-21,30.670000,31.150000,30.629999,31.020000,30.045776,61087400
2019-10-22,30.969999,31.370001,30.750000,31.200001,30.220121,58662100
2019-10-23,31.129999,31.440001,31.090000,31.420000,30.433214,47771200
2019-10-24,31.450001,31.520000,31.200001,31.360001,30.375099,39491000
2019-10-25,31.360001,31.850000,31.340000,31.719999,30.723791,43702000
2019-10-28,31.969999,32.230000,31.740000,31.840000,30.840023,58790300
2019-10-29,31.940001,32.139999,31.809999,32.070000,31.062798,48266600
2019-10-30,32.009998,32.009998,31.530001,31.620001,30.626932,45262400
2019-10-31,31.410000,31.620001,30.820000,31.270000,30.287924,49430900
2019-11-01,31.700001,31.840000,31.370001,31.799999,30.801275,41985300
2019-11-04,32.240002,32.500000,32.099998,32.400002,31.382439,54228600
2019-11-05,32.509998,33.090000,32.500000,32.820000,31.789244,68785600
2019-11-06,32.759998,33.060001,32.669998,32.790001,31.760185,47524500
2019-11-07,33.110001,33.599998,33.009998,33.230000,32.186367,68310700
2019-11-08,33.070000,33.270000,32.930000,33.259998,32.215427,38724000
2019-11-11,33.029999,33.250000,32.970001,33.180000,32.137936,27784000
2019-11-12,33.130001,33.320000,32.990002,33.090000,32.050766,37282200
2019-11-13,32.720001,32.889999,32.480000,32.790001,31.760185,48887800
2019-11-14,32.689999,32.860001,32.490002,32.700001,31.673016,35554600
2019-11-15,32.919998,32.959999,32.700001,32.930000,31.895790,36398300
2019-11-18,32.860001,33.029999,32.750000,32.959999,31.924845,31133700
2019-11-19,33.119999,33.150002,32.820000,32.939999,31.905476,33183700
2019-11-20,32.790001,32.830002,32.419998,32.689999,31.663322,43612200
2019-11-21,32.779999,33.040001,32.630001,32.840000,31.808615,42787600
2019-11-22,32.959999,33.320000,32.939999,33.180000,32.137936,38783900
2019-11-25,33.330002,33.509998,33.259998,33.470001,32.418831,50238800
2019-11-26,33.380001,33.400002,33.119999,33.349998,32.302593,50626600
2019-11-27,33.490002,33.599998,33.310001,33.419998,32.370396,32097700
2019-11-29,33.369999,33.520000,33.240002,33.320000,32.273537,19503400
2019-12-02,33.450001,33.750000,33.340000,33.430000,32.380093,47158800
2019-12-03,32.869999,32.900002,32.549999,32.840000,31.808615,58745100
2019-12-04,33.080002,33.299999,32.849998,33.150002,32.108879,46637900
2019-12-05,33.160000,33.220001,33.000000,33.090000,32.225746,38304500
2019-12-06,33.680000,33.799999,33.570000,33.669998,32.790596,50908500
2019-12-09,33.500000,33.700001,33.439999,33.509998,32.634777,32974500
2019-12-10,33.400002,33.630001,33.299999,33.529999,32.654255,41960100
2019-12-11,33.480000,33.759998,33.480000,33.639999,32.761379,43107800
2019-12-12,33.779999,34.810001,33.680000,34.680000,33.774220,64942500
2019-12-13,34.689999,34.959999,34.349998,34.439999,33.540485,48539600
2019-12-16,34.950001,35.090000,34.700001,34.700001,33.793697,50777100
2019-12-17,34.849998,35.270000,34.740002,35.040001,34.124817,50840500
2019-12-18,35.110001,35.270000,35.049999,35.110001,34.192989,48757900
2019-12-19,35.150002,35.230000,34.889999,34.950001,34.037167,45409500
2019-12-20,35.240002,35.240002,34.910000,34.959999,34.046902,109395500
2019-12-23,35.040001,35.189999,34.950001,35.169998,34.251415,33995400
2019-12-24,35.189999,35.279999,35.119999,35.220001,34.300117,13805400
2019-12-26,35.320000,35.560001,35.290001,35.520000,34.592278,26992100
2019-12-27,35.700001,35.720001,35.259998,35.349998,34.426716,28111300
2019-12-30,35.570000,35.650002,35.090000,35.150002,34.231945,30705100
2019-12-31,35.029999,35.259998,34.970001,35.220001,34.300117,29630100
2020-01-02,35.349998,35.660000,35.290001,35.639999,34.709141,37614200
2020-01-03,34.980000,35.150002,34.759998,34.900002,33.988472,50357900
2020-01-06,34.410000,34.900002,34.369999,34.849998,33.939774,42185000
2020-01-07,34.700001,34.919998,34.529999,34.619999,33.715782,34149000
2020-01-08,34.570000,35.189999,34.549999,34.970001,34.056641,45311600
2020-01-09,35.299999,35.330002,34.939999,35.029999,34.115074,39861600
2020-01-10,35.000000,35.070000,34.660000,34.740002,33.832653,39730400
2020-01-13,34.840000,35.070000,34.660000,35.060001,34.144295,37956100
2020-01-14,35.299999,35.669998,35.110001,35.320000,34.397503,66719300
2020-01-15,34.770000,34.790001,34.340000,34.669998,33.764477,74745500
2020-01-16,34.900002,34.990002,34.599998,34.720001,33.813171,50368500
2020-01-17,34.919998,34.950001,34.599998,34.709999,33.803429,54156100
2020-01-21,34.419998,34.520000,34.220001,34.259998,33.365185,50811000
2020-01-22,34.369999,34.450001,34.230000,34.360001,33.462578,38879700
2020-01-23,34.090000,34.259998,33.730000,34.119999,33.228844,45717100
2020-01-24,34.119999,34.139999,33.270000,33.540001,32.663998,47797200
2020-01-27,32.570000,33.130001,32.470001,32.849998,31.992010,57096200
2020-01-28,33.020000,33.490002,32.950001,33.240002,32.371830,38834600
2020-01-29,33.330002,33.439999,32.980000,33.009998,32.147831,37414700
2020-01-30,32.700001,33.520000,32.669998,33.480000,32.605556,50542800
2020-01-31,33.070000,33.169998,32.650002,32.830002,31.972540,54845300
2020-02-03,33.000000,33.400002,32.919998,32.970001,32.108879,48508200
2020-02-04,33.560001,33.900002,33.529999,33.619999,32.741898,45061600
2020-02-05,34.099998,34.810001,34.070000,34.709999,33.803429,54604800
2020-02-06,34.939999,35.009998,34.599998,34.669998,33.764477,39511500
2020-02-07,34.320000,34.660000,34.240002,34.610001,33.706043,31263000
2020-02-10,34.439999,34.689999,34.380001,34.689999,33.783955,24373800
2020-02-11,34.849998,35.040001,34.759998,34.770000,33.861866,32476300
2020-02-12,35.080002,35.450001,34.779999,34.919998,34.007950,36656700
2020-02-13,34.759998,35.029999,34.549999,34.910000,33.998207,31775100
2020-02-14,34.880001,34.959999,34.700001,34.849998,33.939774,26447700
2020-02-18,34.770000,34.830002,34.009998,34.270000,33.374928,40318000
2020-02-19,34.450001,34.849998,34.410000,34.720001,33.813171,29632100
2020-02-20,34.459999,35.080002,34.459999,34.849998,33.939774,42604100
2020-02-21,34.529999,34.639999,34.139999,34.360001,33.462578,46675500
2020-02-24,33.180000,33.209999,32.520000,32.730000,31.875143,79159600
2020-02-25,32.689999,32.759998,30.840000,31.080000,30.268244,91586800
2020-02-26,31.389999,31.600000,30.559999,30.629999,29.829996,80012800
2020-02-27,29.549999,30.299999,28.910000,29.129999,28.369173,121148300
2020-02-28,28.000000,28.750000,27.700001,28.500000,27.755630,171263600
2020-03-02,28.350000,29.379999,27.440001,29.370001,28.602907,147776300
2020-03-03,29.370001,29.750000,27.620001,27.750000,27.025215,138698500
2020-03-04,28.250000,28.420000,27.400000,28.389999,27.648502,111239800
2020-03-05,27.240000,27.350000,26.400000,26.780001,26.246965,110878700
2020-03-06,25.469999,26.209999,25.100000,25.709999,25.198261,119121200
2020-03-09,22.230000,23.490000,21.510000,21.930000,21.493500,145196000
2020-03-10,23.250000,23.680000,21.590000,23.610001,23.140062,134863600
2020-03-11,22.840000,23.959999,22.260000,22.670000,22.218771,127347000
2020-03-12,20.590000,22.870001,20.150000,20.510000,20.101763,139552600
2020-03-13,22.190001,24.250000,21.480000,24.160000,23.679115,128357400
2020-03-16,19.850000,21.730000,19.580000,20.440001,20.033155,121688800
2020-03-17,21.059999,22.690001,20.030001,21.980000,21.542505,120065700
2020-03-18,20.270000,20.969999,19.700001,20.790001,20.376194,148272500
2020-03-19,20.260000,21.750000,19.000000,21.200001,20.778030,122461300
2020-03-20,21.760000,21.840000,19.559999,19.670000,19.278484,150910400
2020-03-23,19.260000,19.670000,17.950001,18.080000,17.720133,181898500
2020-03-24,19.420000,21.150000,19.010000,21.030001,20.611414,147882400
2020-03-25,21.709999,22.100000,20.410000,21.100000,20.680021,146991300
2020-03-26,21.309999,22.950001,21.170000,22.719999,22.267775,116111400
2020-03-27,21.680000,22.200001,21.100000,21.600000,21.170067,91522800
2020-03-30,21.650000,22.350000,21.270000,22.040001,21.601313,80449100
2020-03-31,21.820000,22.490000,20.959999,21.230000,20.807432,95213700
2020-04-01,19.930000,20.350000,19.510000,19.770000,19.376493,83961300
2020-04-02,19.650000,20.790001,19.590000,20.570000,20.160568,70007400
2020-04-03,20.400000,20.740000,19.680000,20.030001,19.631319,68293500
2020-04-06,21.030001,21.600000,20.809999,21.389999,20.964249,97766200
2020-04-07,22.799999,22.879999,21.850000,22.139999,21.699320,94560300
2020-04-08,22.410000,23.600000,22.410000,23.450001,22.983246,81212300
2020-04-09,24.070000,25.320000,24.049999,24.860001,24.365183,125414800
2020-04-13,24.780001,24.850000,23.780001,23.920000,23.443890,83164700
2020-04-14,24.500000,24.650000,23.100000,23.730000,23.257673,88991100
2020-04-15,22.160000,22.650000,21.910000,22.190001,21.748325,99082200
2020-04-16,22.150000,22.209999,21.090000,21.420000,20.993652,89213300
2020-04-17,22.340000,23.400000,22.309999,23.280001,22.816629,92800300
2020-04-20,22.570000,23.129999,22.180000,22.500000,22.052155,74446300
2020-04-21,21.900000,22.370001,21.500000,21.639999,21.209270,78871300
2020-04-22,22.160000,22.230000,21.750000,21.799999,21.366087,49759100
2020-04-23,21.959999,22.389999,21.850000,21.870001,21.434696,50614800
2020-04-24,22.110001,22.299999,21.670000,22.180000,21.738523,47675700
2020-04-27,22.520000,23.650000,22.450001,23.469999,23.002846,66916700
2020-04-28,24.450001,24.809999,23.850000,23.889999,23.414486,65504900
2020-04-29,24.910000,25.110001,24.510000,24.780001,24.286774,73493900
2020-04-30,24.209999,24.379999,23.850000,24.049999,23.571302,55244100
2020-05-01,23.379999,23.459999,22.809999,23.080000,22.620609,51772600
2020-05-04,22.700001,22.990000,22.430000,22.930000,22.473597,45886100
2020-05-05,23.480000,23.520000,22.620001,22.660000,22.208971,45691900
2020-05-06,23.000000,23.080000,22.230000,22.350000,21.905140,53874600
2020-05-07,22.660000,23.370001,22.610001,22.840000,22.385387,51884300
2020-05-08,23.469999,23.620001,23.250000,23.570000,23.100857,45250000
2020-05-11,23.110001,23.120001,22.559999,22.580000,22.130564,68951800
2020-05-12,22.709999,22.820000,21.850000,21.870001,21.434696,69588700
2020-05-13,21.660000,21.750000,20.719999,20.870001,20.454599,112113400
2020-05-14,20.290001,21.790001,20.100000,21.709999,21.277878,88359100
2020-05-15,21.400000,21.700001,21.230000,21.440001,21.013254,64484000
2020-05-18,22.420000,23.059999,22.070000,22.930000,22.473597,86699200
2020-05-19,22.660000,23.000000,22.190001,22.209999,21.767925,62179000
2020-05-20,22.680000,23.000000,22.639999,22.910000,22.453995,59789500
2020-05-21,22.809999,23.270000,22.780001,22.900000,22.444193,57726000
2020-05-22,22.930000,22.950001,22.459999,22.660000,22.208971,48107000
2020-05-26,23.750000,24.600000,23.700001,24.280001,23.796726,119485500
2020-05-27,26.070000,26.170000,24.969999,25.980000,25.462889,117672700
2020-05-28,26.080000,26.139999,24.790001,24.860001,24.365183,84340800
2020-05-29,24.420000,24.910000,24.059999,24.120001,23.639912,113923800
2020-06-01,24.280001,24.870001,24.049999,24.610001,24.120157,58375500
2020-06-02,24.959999,25.389999,24.559999,24.840000,24.345581,71118100
2020-06-03,25.500000,26.139999,25.389999,25.990000,25.472691,86744600
2020-06-04,25.709999,26.830000,25.570000,26.780001,26.430012,94545300
2020-06-05,28.950001,29.010000,27.879999,28.110001,27.742632,118767900
2020-06-08,28.590000,28.900000,28.139999,28.540001,28.167011,79598500
2020-06-09,27.719999,28.540001,27.549999,28.219999,27.851192,77773400
2020-06-10,27.969999,28.100000,26.510000,26.600000,26.252365,90415300
2020-06-11,24.980000,25.690001,23.680000,23.930000,23.617260,149875500
2020-06-12,25.030001,25.049999,24.040001,24.780001,24.456150,73729700
2020-06-15,23.760000,25.170000,23.690001,25.150000,24.821314,76538900
2020-06-16,26.180000,26.240000,24.860001,25.799999,25.462820,96796500
2020-06-17,25.900000,25.900000,24.920000,25.000000,24.673275,58349500
2020-06-18,24.700001,25.490000,24.580000,25.040001,24.712753,53419000
2020-06-19,25.440001,25.490000,24.490000,25.250000,24.920010,127563600
2020-06-22,24.889999,25.030001,24.610001,24.620001,24.298243,55484300
2020-06-23,25.010000,25.410000,24.760000,24.790001,24.466021,46108300
2020-06-24,24.540001,24.540001,23.680000,23.809999,23.498827,75437100
2020-06-25,23.700001,24.770000,23.549999,24.719999,24.396935,65031900
2020-06-26,24.090000,24.110001,23.020000,23.150000,22.847452,118139200
2020-06-29,23.410000,23.840000,23.100000,23.389999,23.084316,66269200
2020-06-30,23.200001,23.910000,23.100000,23.750000,23.439611,61716200
2020-07-01,24.030001,24.070000,23.230000,23.260000,22.956015,57379900
2020-07-02,23.840000,23.990000,23.219999,23.290001,22.985624,56000200
2020-07-06,23.820000,24.080000,23.459999,23.660000,23.350786,59589000
2020-07-07,23.379999,23.389999,22.900000,23.010000,22.709284,60645800
2020-07-08,23.030001,23.190001,22.700001,23.100000,22.798105,52922600
2020-07-09,22.940001,23.160000,22.389999,22.770000,22.472420,79385900
2020-07-10,22.709999,24.049999,22.680000,24.020000,23.706083,81142900
2020-07-13,24.370001,24.510000,23.860001,24.190001,23.873861,73598100
2020-07-14,23.889999,24.150000,23.450001,24.139999,23.824512,67423100
2020-07-15,24.760000,24.870001,24.280001,24.600000,24.278503,57384400
2020-07-16,23.750000,24.219999,23.540001,23.930000,23.617260,78067100
2020-07-17,23.879999,23.980000,23.200001,23.219999,22.916536,66659100
2020-07-20,23.190001,23.700001,23.110001,23.580000,23.271833,61114000
2020-07-21,23.709999,24.480000,23.690001,24.420000,24.100855,75546100
2020-07-22,24.240000,24.330000,23.969999,24.309999,23.992292,52193700
2020-07-23,24.520000,24.639999,24.110001,24.540001,24.219288,61047600
2020-07-24,24.559999,24.830000,24.270000,24.350000,24.031771,50217600
2020-07-27,24.219999,24.270000,23.879999,24.139999,23.824512,54721300
2020-07-28,24.129999,24.559999,24.080000,24.360001,24.041641,48406500
2020-07-29,24.360001,25.290001,24.190001,25.270000,24.939747,71393500
2020-07-30,24.719999,24.950001,24.350000,24.840000,24.515368,61755900
2020-07-31,24.930000,24.950001,24.459999,24.879999,24.554844,62039200
2020-08-03,25.030001,25.309999,24.690001,24.990000,24.663406,58284000
2020-08-04,24.959999,25.059999,24.860001,25.010000,24.683146,37985300
2020-08-05,25.320000,25.590000,25.250000,25.389999,25.058178,51695600
2020-08-06,25.450001,25.670000,25.280001,25.469999,25.137133,51999700
2020-08-07,25.340000,26.190001,25.260000,26.110001,25.768768,63354500
2020-08-10,26.309999,26.809999,26.209999,26.559999,26.212887,64051100
2020-08-11,27.280001,27.750000,26.780001,26.920000,26.568184,81441000
2020-08-12,27.480000,27.570000,26.410000,26.730000,26.380667,62024000
2020-08-13,26.490000,26.670000,26.139999,26.350000,26.005632,55955500
2020-08-14,26.059999,26.660000,25.920000,26.469999,26.124063,50931900
2020-08-17,26.309999,26.410000,25.840000,25.900000,25.561512,57518700
2020-08-18,25.870001,25.990000,25.459999,25.530001,25.196350,45850100
2020-08-19,25.660000,26.080000,25.389999,25.500000,25.166740,59856000
2020-08-20,25.160000,25.330000,25.020000,25.100000,24.771969,49403700
2020-08-21,24.980000,25.430000,24.900000,24.980000,24.653536,55010700
2020-08-24,25.219999,25.700001,25.040001,25.690001,25.354259,54579500
2020-08-25,26.040001,26.190001,25.730000,26.000000,25.660206,57304700
2020-08-26,25.940001,25.940001,25.540001,25.559999,25.225956,39478000
2020-08-27,25.490000,26.219999,25.440001,26.049999,25.709553,52934800
2020-08-28,26.400000,26.469999,25.990000,26.299999,25.956284,46466400
2020-08-31,26.090000,26.139999,25.690001,25.740000,25.403603,49416200
2020-09-01,25.580000,25.900000,25.400000,25.709999,25.373995,46152100
2020-09-02,25.530001,26.160000,25.490000,26.020000,25.679945,57300900
2020-09-03,26.200001,26.620001,25.459999,25.660000,25.501060,86192500
2020-09-04,26.260000,26.760000,25.799999,26.540001,26.375610,99621400
2020-09-08,26.139999,26.320000,25.389999,25.480000,25.322174,74978600
2020-09-09,25.639999,25.719999,25.230000,25.510000,25.351990,53822700
2020-09-10,25.700001,25.889999,25.080000,25.139999,24.984282,56609600
2020-09-11,25.219999,25.580000,25.090000,25.500000,25.342052,47708300
2020-09-14,25.670000,25.990000,25.540001,25.750000,25.590504,47802400
2020-09-15,25.770000,25.830000,25.190001,25.280001,25.123415,63820200
2020-09-16,25.280001,25.910000,25.049999,25.600000,25.441433,64598600
2020-09-17,25.129999,25.480000,25.100000,25.350000,25.192982,48862000
2020-09-18,25.150000,25.580000,25.100000,25.209999,25.053846,94055800
2020-09-21,24.570000,24.780001,24.030001,24.469999,24.318430,75218600
2020-09-22,24.270000,24.600000,23.809999,23.940001,23.791716,68665300
2020-09-23,24.100000,24.260000,23.260000,23.260000,23.115927,59950300
2020-09-24,23.379999,23.820000,22.950001,23.340000,23.195431,53570700
2020-09-25,23.280001,23.549999,23.129999,23.490000,23.344501,42111300
2020-09-28,23.879999,24.309999,23.790001,24.090000,23.940784,47996900
2020-09-29,23.980000,23.990000,23.530001,23.770000,23.622768,45695200
2020-09-30,23.780001,24.320000,23.770000,24.090000,23.940784,56226100
2020-10-01,24.270000,24.410000,23.860001,24.100000,23.950724,44782200
2020-10-02,23.639999,24.430000,23.570000,24.209999,24.060041,51682100
2020-10-05,24.520000,24.709999,24.379999,24.620001,24.467503,44396800
2020-10-06,24.920000,25.190001,24.280001,24.370001,24.219051,67541100
2020-10-07,24.629999,25.110001,24.600000,24.879999,24.725891,47648000
2020-10-08,24.950001,25.299999,24.809999,25.240000,25.083662,52080600
2020-10-09,25.340000,25.490000,25.040001,25.360001,25.202919,44511500
2020-10-12,25.299999,25.830000,25.240000,25.680000,25.520937,48362900
2020-10-13,25.639999,25.680000,24.840000,24.950001,24.795460,61186900
2020-10-14,24.350000,24.590000,23.590000,23.620001,23.473698,127563400
2020-10-15,23.590000,24.200001,23.480000,24.150000,24.000414,66832400
2020-10-16,24.200001,24.350000,23.940001,24.240000,24.089855,58357700
2020-10-19,24.299999,24.320000,23.690001,23.719999,23.573076,51377900
2020-10-20,23.889999,24.480000,23.879999,24.139999,23.990475,62476400
2020-10-21,24.219999,24.340000,24.010000,24.049999,23.901031,41564900
2020-10-22,24.049999,24.910000,24.000000,24.870001,24.715954,55402000
2020-10-23,25.240000,25.260000,24.709999,24.900000,24.745768,51007400
2020-10-26,24.469999,24.580000,24.150000,24.540001,24.387999,59450200
2020-10-27,24.290001,24.389999,23.809999,23.850000,23.702272,55009300
2020-10-28,23.410000,23.660000,23.120001,23.469999,23.324625,81942500
2020-10-29,23.360001,23.750000,23.120001,23.540001,23.394194,57490400
2020-10-30,23.490000,23.840000,23.240000,23.700001,23.553202,66453400
2020-11-02,23.889999,24.260000,23.469999,24.080000,23.930847,59756400
2020-11-03,24.580000,24.940001,24.510000,24.690001,24.537069,65106200
2020-11-04,23.889999,24.139999,23.270000,23.680000,23.533325,88845500
2020-11-05,23.900000,24.790001,23.860001,24.610001,24.457565,74722600
2020-11-06,24.930000,24.959999,24.230000,24.309999,24.159422,55454500
2020-11-09,26.600000,28.270000,26.299999,27.760000,27.588053,178378800
2020-11-10,27.490000,27.760000,27.180000,27.660000,27.488672,77694600
2020-11-11,27.750000,27.770000,27.120001,27.340000,27.170654,48360900
2020-11-12,26.840000,26.900000,26.309999,26.690001,26.524681,67912600
2020-11-13,26.879999,27.209999,26.760000,27.000000,26.832760,52421000
2020-11-16,27.860001,28.000000,27.180000,27.580000,27.409168,57396700
2020-11-17,27.250000,27.600000,27.010000,27.549999,27.379353,46402300
2020-11-18,27.629999,27.930000,26.959999,26.980000,26.812883,54416700
2020-11-19,26.930000,27.010000,26.650000,26.980000,26.812883,46423000
2020-11-20,26.740000,26.950001,26.629999,26.809999,26.643936,40538000
2020-11-23,27.110001,27.520000,27.059999,27.389999,27.220345,45421200
2020-11-24,27.930000,28.990000,27.920000,28.980000,28.800495,80387800
2020-11-25,28.709999,29.040001,28.480000,29.030001,28.850187,57249900
2020-11-27,28.969999,29.100000,28.809999,28.990000,28.810434,25971600
2020-11-30,28.719999,28.860001,28.100000,28.160000,27.985575,63567900
2020-12-01,28.740000,29.040001,28.670000,28.690001,28.512293,50307300
2020-12-02,28.690001,29.180000,28.530001,29.059999,28.880001,45257500
2020-12-03,28.940001,29.100000,28.629999,28.910000,28.910000,54013700
2020-12-04,29.200001,29.430000,29.000000,29.290001,29.290001,66188200
2020-12-07,28.900000,29.150000,28.690001,29.090000,29.090000,42197800
2020-12-08,28.860001,29.150000,28.770000,28.930000,28.930000,33869100
2020-12-09,29.250000,29.250000,28.750000,28.799999,28.799999,54886300
2020-12-10,28.629999,29.129999,28.469999,29.110001,29.110001,58859600
2020-12-11,28.680000,28.750000,28.299999,28.570000,28.570000,40538400
2020-12-14,28.920000,28.959999,28.139999,28.219999,28.219999,40267100
2020-12-15,28.350000,28.820000,28.250000,28.639999,28.639999,43717800
2020-12-16,28.799999,28.820000,28.440001,28.719999,28.719999,42463200
2020-12-17,28.709999,28.920000,28.530001,28.830000,28.830000,43182700
2020-12-18,28.889999,29.100000,28.570000,28.670000,28.670000,82817200
2020-12-21,29.100000,29.990000,28.730000,29.740000,29.740000,93397400
2020-12-22,29.780001,29.780001,29.170000,29.209999,29.209999,39054300
2020-12-23,29.389999,30.350000,29.330000,30.049999,30.049999,52537200
2020-12-24,30.270000,30.270000,29.740000,29.959999,29.959999,22632300
2020-12-28,30.230000,30.549999,29.990000,30.129999,30.129999,32861200
2020-12-29,30.170000,30.250000,29.930000,30.010000,30.010000,33291900
2020-12-30,30.000000,30.219999,29.940001,29.980000,29.980000,26370100
2020-12-31,30.010000,30.389999,29.900000,30.309999,30.309999,28716000