Date,Open,High,Low,Close,Adj Close,Volume
2011-01-03,62.630001,63.180000,62.529999,62.820000,46.553337,14894800
2011-01-04,63.130001,63.349998,62.750000,63.349998,46.946095,12346300
2011-01-05,63.410000,63.540001,62.950001,63.310001,46.916451,11837900
2011-01-06,63.430000,63.529999,62.900002,63.209999,46.842354,7606000
2011-01-07,63.200001,63.250000,62.560001,62.599998,46.390301,11084800
2011-01-10,62.290001,62.400002,62.000000,62.160000,46.064251,9775000
2011-01-11,62.220001,62.349998,62.000000,62.270000,46.145752,7372800
2011-01-12,62.450001,62.880001,62.320000,62.500000,46.316200,8312700
2011-01-13,62.560001,62.980000,62.349998,62.910000,46.620049,9489700
2011-01-14,62.950001,62.970001,62.250000,62.549999,46.353268,11274700
2011-01-18,62.220001,62.590000,62.009998,62.099998,46.019791,13944900
2011-01-19,62.049999,62.610001,62.009998,62.560001,46.360661,9596700
2011-01-20,62.730000,63.099998,62.540001,62.860001,46.582977,11518600
2011-01-21,63.250000,63.250000,62.459999,62.660000,46.434784,12932200
2011-01-24,62.560001,62.720001,62.160000,62.220001,46.108700,11373000
2011-01-25,60.889999,61.630001,60.709999,61.080002,45.263897,28056700
2011-01-26,61.180000,61.250000,60.599998,60.599998,44.908176,20262100
2011-01-27,60.639999,61.040001,60.599998,60.680000,44.967472,11219500
2011-01-28,60.910000,61.000000,60.000000,60.009998,44.470963,15298800
2011-01-31,60.160000,60.220001,59.689999,59.770000,44.293106,19056200
2011-02-01,59.700001,60.740002,59.700001,60.630001,44.930424,14780500
2011-02-02,60.459999,60.759998,60.279999,60.619999,44.923019,9994200
2011-02-03,60.660000,60.970001,60.590000,60.799999,45.056389,10078900
2011-02-04,60.939999,60.990002,60.650002,60.840000,45.086044,9725500
2011-02-07,60.880001,60.990002,60.650002,60.869999,45.108280,8217000
2011-02-08,60.939999,60.990002,60.750000,60.939999,45.160149,7867600
2011-02-09,60.930000,60.939999,60.639999,60.880001,45.115688,8541500
2011-02-10,60.639999,61.070000,60.419998,60.930000,45.152737,8627500
2011-02-11,60.740002,61.169998,60.509998,60.700001,44.982296,9630800
2011-02-14,60.689999,60.980000,60.650002,60.700001,44.982296,8130800
2011-02-15,60.599998,60.700001,60.480000,60.619999,44.923019,8572800
2011-02-16,60.610001,60.740002,60.500000,60.520000,44.848900,9426400
2011-02-17,60.369999,60.930000,60.330002,60.790001,45.048996,7133700
2011-02-18,60.889999,61.220001,60.549999,61.110001,45.286129,12393000
2011-02-22,60.680000,60.990002,60.450001,60.650002,44.945244,11050500
2011-02-23,60.759998,61.080002,60.369999,60.389999,44.752571,12100300
2011-02-24,60.470001,60.500000,60.029999,60.250000,44.648823,11766700
2011-02-25,59.919998,59.950001,59.360001,59.639999,44.596474,11863700
2011-02-28,59.930000,61.450001,59.770000,61.439999,45.942448,20031000
2011-03-01,61.250000,61.500000,60.599998,60.700001,45.389095,14035300
2011-03-02,60.500000,60.930000,60.360001,60.810001,45.471359,10264600
2011-03-03,61.119999,61.200001,60.810001,61.049999,45.650826,7802700
2011-03-04,61.290001,61.290001,60.340000,61.060001,45.658306,11432700
2011-03-07,61.090000,61.099998,60.299999,60.400002,45.164768,9584000
2011-03-08,60.480000,60.990002,60.340000,60.709999,45.396587,8881800
2011-03-09,60.740002,61.060001,60.320000,60.400002,45.164768,10082600
2011-03-10,60.139999,60.299999,59.400002,59.610001,44.574051,14852300
2011-03-11,59.240002,59.869999,59.110001,59.689999,44.633862,10426600
2011-03-14,59.490002,59.490002,58.919998,59.130001,44.215111,11775000
2011-03-15,58.790001,58.840000,58.020000,58.480000,43.729076,16016800
2011-03-16,58.570000,58.570000,57.500000,57.660000,43.115910,16995600
2011-03-17,58.209999,58.380001,57.900002,58.130001,43.467354,12456000
2011-03-18,58.560001,58.689999,58.099998,58.570000,43.796379,14371900
2011-03-21,58.669998,59.160000,58.669998,58.830002,43.990791,10692700
2011-03-22,58.799999,59.150002,58.700001,58.790001,43.960884,10151800
2011-03-23,58.720001,58.889999,58.500000,58.720001,43.908527,9899800
2011-03-24,58.980000,59.080002,58.730000,59.029999,44.140343,8655800
2011-03-25,59.009998,59.090000,58.650002,58.980000,44.102947,8077400
2011-03-28,58.980000,59.299999,58.980000,59.240002,44.297371,8382500
2011-03-29,58.980000,59.310001,58.930000,59.220001,44.282425,9280300
2011-03-30,59.340000,59.730000,59.240002,59.380001,44.402054,10736400
2011-03-31,59.209999,59.700001,59.209999,59.250000,44.304836,9680200
2011-04-01,59.630001,59.639999,59.060001,59.490002,44.484318,9908000
2011-04-04,59.500000,60.180000,59.459999,60.150002,44.977837,9415100
2011-04-05,59.750000,59.959999,59.480000,59.799999,44.716103,10557700
2011-04-06,59.700001,59.900002,59.599998,59.660000,44.611427,10011200
2011-04-07,59.720001,59.759998,59.250000,59.480000,44.476837,9232900
2011-04-08,59.730000,59.779999,59.310001,59.459999,44.461876,7853200
2011-04-11,59.540001,60.169998,59.500000,59.860001,44.760986,9845800
2011-04-12,59.660000,60.080002,59.660000,59.939999,44.820805,9208000
2011-04-13,59.660000,59.950001,59.509998,59.599998,44.566570,10509000
2011-04-14,59.549999,60.119999,59.490002,60.020000,44.880623,10436200
2011-04-15,60.240002,60.950001,59.980000,60.560001,45.284416,18608500
2011-04-18,60.450001,61.189999,60.099998,60.459999,45.209644,20034800
2011-04-19,62.000000,62.869999,61.799999,62.689999,46.877151,26083100
2011-04-20,63.209999,64.540001,63.180000,64.389999,48.148335,26732100
2011-04-21,63.810001,64.300003,63.770000,64.070000,47.909046,11688100
2011-04-25,63.650002,64.199997,63.509998,64.110001,47.938961,7226900
2011-04-26,64.070000,65.300003,64.070000,64.949997,48.567081,14500000
2011-04-27,63.450001,65.599998,63.400002,65.570000,49.030693,23777500
2011-04-28,65.389999,65.739998,64.930000,65.379997,48.888626,13091400
2011-04-29,65.589996,65.970001,65.400002,65.720001,49.142864,12100000
2011-05-02,65.919998,66.309998,65.809998,66.209999,49.509258,15456200
2011-05-03,66.110001,66.459999,66.010002,66.260002,49.546650,13105500
2011-05-04,66.000000,66.320000,65.370003,65.669998,49.105450,13408900
2011-05-05,65.449997,65.610001,64.800003,65.010002,48.611954,14925200
2011-05-06,65.250000,65.500000,65.120003,65.269997,48.806370,11904600
2011-05-09,65.110001,65.760002,65.070000,65.629997,49.075562,9003100
2011-05-10,65.610001,65.800003,65.279999,65.760002,49.172783,9693100
2011-05-11,66.320000,66.739998,65.809998,66.570000,49.778458,19986100
2011-05-12,66.040001,67.370003,65.820000,67.190002,50.242073,15622200
2011-05-13,67.089996,67.250000,65.949997,66.620003,49.815853,11700900
2011-05-16,66.410004,66.790001,66.190002,66.370003,49.628910,11513200
2011-05-17,66.230003,66.480003,65.860001,66.400002,49.651352,10784100
2011-05-18,66.169998,66.510002,65.940002,66.500000,49.726120,9028400
2011-05-19,66.529999,66.529999,65.849998,66.389999,49.643864,9685100
2011-05-20,66.250000,66.330002,65.279999,65.690002,49.120430,12367000
2011-05-23,65.190002,65.690002,65.080002,65.559998,49.023212,12020200
2011-05-24,65.739998,66.230003,65.500000,65.779999,49.187725,11017700
2011-05-25,66.290001,66.589996,66.070000,66.290001,49.569096,14767100
2011-05-26,65.589996,65.779999,65.279999,65.510002,49.410694,12044100
2011-05-27,65.790001,66.970001,65.599998,66.769997,50.361042,16385700
2011-05-31,67.309998,67.339996,66.989998,67.290001,50.753250,16473800
2011-06-01,67.019997,67.290001,66.459999,66.480003,50.142307,11003400
2011-06-02,66.440002,66.760002,66.279999,66.480003,50.142307,9582900
2011-06-03,65.839996,66.360001,65.800003,66.089996,49.848141,10364900
2011-06-06,65.870003,66.220001,65.839996,66.050003,49.817978,8397400
2011-06-07,66.000000,66.279999,65.500000,65.500000,49.403152,10426800
2011-06-08,65.489998,66.230003,65.180000,66.139999,49.885868,10020300
2011-06-09,66.330002,67.279999,66.169998,66.779999,50.368587,14054500
2011-06-10,66.489998,66.680000,66.089996,66.089996,49.848141,9312900
2011-06-13,66.320000,66.959999,66.260002,66.589996,50.225273,8146200
2011-06-14,66.949997,67.360001,66.750000,67.099998,50.609951,11389100
2011-06-15,67.000000,67.000000,65.709999,66.160004,49.900959,12623500
2011-06-16,65.699997,66.349998,65.470001,66.320000,50.021637,11683900
2011-06-17,66.629997,66.949997,66.190002,66.290001,49.999016,14336400
2011-06-20,66.080002,66.739998,66.070000,66.510002,50.164951,9309200
2011-06-21,66.519997,66.750000,66.160004,66.489998,50.149849,9811500
2011-06-22,66.470001,66.620003,66.050003,66.070000,49.833080,7988100
2011-06-23,65.540001,65.739998,64.690002,65.669998,49.531349,16234800
2011-06-24,65.570000,65.610001,64.830002,65.059998,49.071289,13186200
2011-06-27,65.290001,65.610001,65.000000,65.250000,49.214588,7199500
2011-06-28,65.589996,66.120003,65.379997,65.910004,49.712399,7724600
2011-06-29,66.230003,66.589996,65.930000,66.309998,50.014084,9227000
2011-06-30,66.419998,66.910004,66.250000,66.519997,50.172478,9747200
2011-07-01,66.480003,67.360001,66.269997,67.300003,50.760796,9216500
2011-07-05,67.290001,67.669998,67.250000,67.620003,51.002151,9773600
2011-07-06,67.629997,67.750000,67.370003,67.550003,50.949360,7100400
2011-07-07,67.820000,68.050003,67.400002,67.919998,51.228439,8415200
2011-07-08,67.809998,67.989998,67.190002,67.570000,50.964455,7866100
2011-07-11,66.879997,67.410004,66.830002,67.269997,50.738163,8918900
2011-07-12,66.900002,67.680000,66.830002,67.029999,50.557140,10528700
2011-07-13,67.389999,67.980003,67.209999,67.629997,51.009697,9031700
2011-07-14,67.599998,67.930000,67.470001,67.660004,51.032326,9636500
2011-07-15,67.730003,67.949997,66.989998,67.449997,50.873932,10245100
2011-07-18,67.169998,67.349998,66.550003,67.089996,50.602409,10361000
2011-07-19,67.099998,67.220001,66.150002,66.720001,50.323330,13677400
2011-07-20,66.570000,66.900002,66.059998,66.239998,49.961304,8912600
2011-07-21,66.449997,66.790001,66.129997,66.470001,50.134766,11394100
2011-07-22,66.690002,66.790001,66.489998,66.720001,50.323330,7721000
2011-07-25,66.209999,66.430000,66.010002,66.250000,49.968842,10247700
2011-07-26,66.169998,66.320000,65.870003,65.919998,49.719925,10008300
2011-07-27,65.760002,65.870003,65.139999,65.230003,49.199501,12810400
2011-07-28,65.230003,65.620003,64.779999,65.080002,49.086369,9920400
2011-07-29,64.739998,64.930000,64.129997,64.790001,48.867630,16829000
2011-08-01,65.279999,65.330002,63.660000,64.410004,48.581024,15842200
2011-08-02,64.110001,64.349998,63.430000,63.430000,47.841866,17118300
2011-08-03,63.369999,63.529999,61.860001,63.410000,47.826778,17660300
2011-08-04,62.610001,63.160000,61.810001,61.840000,46.642597,23485600
2011-08-05,62.119999,63.430000,61.049999,62.709999,47.298801,24037800
2011-08-08,61.799999,62.580002,61.049999,61.119999,46.099556,32423200
2011-08-09,61.709999,62.369999,59.080002,62.200001,46.914139,36288000
2011-08-10,61.619999,61.959999,60.009998,60.200001,45.405643,32688900
2011-08-11,60.180000,64.190002,60.130001,63.439999,47.849400,33514400
2011-08-12,63.610001,63.990002,62.900002,63.360001,47.789078,42324600
2011-08-15,63.849998,64.620003,63.610001,64.589996,48.716785,39362000
2011-08-16,63.770000,64.709999,63.689999,64.360001,48.543316,13142100
2011-08-17,64.559998,64.849998,63.799999,64.260002,48.467884,11847600
2011-08-18,63.189999,63.580002,62.020000,63.160000,47.638214,23376400
2011-08-19,62.910000,63.779999,62.740002,63.139999,47.623138,19394800
2011-08-22,63.990002,64.099998,63.009998,63.290001,47.736267,13689300
2011-08-23,63.520000,64.989998,63.419998,64.970001,49.003399,14879000
2011-08-24,65.379997,65.699997,64.839996,65.529999,49.425777,14523000
2011-08-25,65.489998,65.489998,64.199997,64.550003,48.686615,13134400
2011-08-26,63.549999,64.570000,62.500000,64.279999,48.914906,14150600
2011-08-29,64.639999,65.919998,64.559998,65.860001,50.117226,12867900
2011-08-30,65.820000,66.040001,65.190002,65.769997,50.048744,11183000
2011-08-31,66.029999,66.230003,65.339996,65.800003,50.071590,14555300
2011-09-01,65.660004,66.139999,65.110001,65.330002,49.713928,11141100
2011-09-02,64.830002,65.000000,63.910000,64.070000,48.755093,13713600
2011-09-06,63.169998,64.750000,62.500000,64.639999,49.188854,15848300
2011-09-07,65.040001,65.449997,64.690002,65.430000,49.790012,10759700
2011-09-08,64.959999,65.930000,64.839996,64.949997,49.424747,15551500
2011-09-09,64.389999,64.410004,63.290001,63.639999,48.427887,17008200
2011-09-12,63.099998,63.610001,62.299999,63.590000,48.389843,13448200
2011-09-13,63.990002,64.050003,63.180000,63.610001,48.405064,11595300
2011-09-14,63.950001,64.470001,62.980000,63.730000,48.496380,13429500
2011-09-15,64.279999,64.629997,63.919998,64.400002,49.006222,10625800
2011-09-16,64.519997,64.739998,63.959999,64.589996,49.150803,15688800
2011-09-19,64.050003,64.389999,63.630001,64.139999,48.808384,8571800
2011-09-20,64.419998,64.849998,63.790001,64.220001,48.869259,10874800
2011-09-21,64.190002,64.599998,63.099998,63.130001,48.039799,10041300
2011-09-22,62.160000,62.599998,61.139999,61.919998,47.119026,19456900
2011-09-23,61.299999,61.900002,61.000000,61.590000,46.867905,10983700
2011-09-26,62.049999,62.849998,62.009998,62.689999,47.704967,10561700
2011-09-27,63.369999,64.349998,62.709999,63.820000,48.564857,13118200
2011-09-28,63.900002,64.449997,63.139999,63.250000,48.131111,8964200
2011-09-29,63.919998,64.239998,63.020000,63.900002,48.625736,8923300
2011-09-30,63.220001,64.739998,63.150002,63.689999,48.465939,14556100
2011-10-03,63.650002,64.209999,62.049999,62.080002,47.240791,16891100
2011-10-04,61.549999,62.330002,60.830002,62.169998,47.309261,18192000
2011-10-05,62.209999,62.509998,61.599998,62.349998,47.446228,15405200
2011-10-06,62.520000,62.830002,62.099998,62.810001,47.796288,9595400
2011-10-07,63.009998,63.720001,63.000000,63.130001,48.039799,12361600
2011-10-10,63.889999,64.430000,63.639999,64.430000,49.029057,7104000
2011-10-11,64.260002,64.360001,63.849998,63.959999,48.671402,7628700
2011-10-12,64.129997,64.690002,63.869999,64.330002,48.952957,9375100
2011-10-13,64.449997,64.449997,63.570000,64.230003,48.876850,7781100
2011-10-14,64.690002,64.739998,64.169998,64.720001,49.249725,6678800
2011-10-17,64.400002,64.839996,63.619999,63.790001,48.542042,10797900
2011-10-18,63.759998,64.739998,63.400002,64.419998,49.021446,11705300
2011-10-19,64.510002,64.510002,62.160000,62.639999,47.666916,19964600
2011-10-20,62.959999,63.130001,62.310001,62.529999,47.583218,11562600
2011-10-21,63.110001,63.840000,62.889999,63.779999,48.534420,13175400
2011-10-24,63.900002,64.790001,63.599998,64.730003,49.257355,12552700
2011-10-25,64.559998,64.830002,63.560001,63.689999,48.465939,10324800
2011-10-26,64.190002,64.599998,63.790001,64.489998,49.074718,9932100
2011-10-27,64.989998,65.690002,64.709999,65.500000,49.843277,16450700
2011-10-28,65.639999,65.849998,65.029999,65.599998,49.919388,10390800
2011-10-31,65.169998,65.860001,64.379997,64.389999,48.998611,13720400
2011-11-01,63.680000,64.099998,63.180000,63.380001,48.230034,14749900
2011-11-02,64.389999,64.389999,63.410000,63.639999,48.427887,10136200
2011-11-03,64.070000,64.519997,63.669998,64.339996,48.960567,10466000
2011-11-04,64.000000,64.540001,63.410000,64.120003,48.793148,9725200
2011-11-07,63.959999,64.339996,63.250000,64.000000,48.701843,8783900
2011-11-08,64.089996,64.989998,63.950001,64.860001,49.356258,7989500
2011-11-09,64.070000,64.129997,63.099998,63.529999,48.344185,11072500
2011-11-10,64.129997,64.419998,63.660000,64.120003,48.793148,7597500
2011-11-11,64.620003,65.489998,64.620003,65.250000,49.653042,9086800
2011-11-14,64.970001,65.330002,64.650002,64.910004,49.394321,8276100
2011-11-15,64.970001,65.290001,64.510002,64.989998,49.455189,10726300
2011-11-16,64.529999,65.160004,64.300003,64.400002,49.006222,8398100
2011-11-17,64.169998,64.510002,63.299999,63.939999,48.656166,13924700
2011-11-18,64.190002,64.199997,63.560001,63.849998,48.587700,12659600
2011-11-21,63.270000,63.340000,62.880001,62.939999,47.895210,32806700
2011-11-22,62.950001,63.200001,62.700001,62.900002,47.864769,8680000
2011-11-23,62.590000,62.650002,61.990002,61.990002,47.172295,10362800
2011-11-25,61.310001,61.639999,61.049999,61.270000,47.057091,5838800
2011-11-28,61.880001,62.709999,61.779999,62.369999,47.901909,11678000
2011-11-29,62.820000,63.130001,62.459999,62.779999,48.216812,8923600
2011-11-30,63.919998,64.739998,63.799999,64.720001,49.706787,15032600
2011-12-01,64.680000,64.949997,64.349998,64.449997,49.499413,9852700
2011-12-02,64.870003,64.889999,63.299999,63.470001,48.746758,15792800
2011-12-05,64.099998,64.250000,62.849998,63.360001,48.662289,15294500
2011-12-06,63.610001,63.930000,63.259998,63.490002,48.762119,10417800
2011-12-07,63.570000,64.809998,63.369999,64.449997,49.499413,11504700
2011-12-08,64.139999,64.449997,63.560001,63.779999,48.984837,9566800
2011-12-09,64.320000,64.680000,63.980000,64.529999,49.560852,8835700
2011-12-12,63.869999,64.199997,63.349998,63.509998,48.777473,10808700
2011-12-13,64.080002,64.080002,63.139999,63.360001,48.662289,14215500
2011-12-14,63.380001,63.779999,62.930000,63.180000,48.524017,9802400
2011-12-15,63.650002,64.099998,63.570000,64.000000,49.153801,9656700
2011-12-16,64.360001,64.370003,63.549999,64.300003,49.384212,19214300
2011-12-19,64.180000,64.279999,63.360001,63.529999,48.792835,9024700
2011-12-20,64.019997,64.730003,64.010002,64.519997,49.553181,12247700
2011-12-21,64.809998,65.000000,64.580002,64.959999,49.891113,8517800
2011-12-22,65.059998,65.260002,64.620003,65.180000,50.060081,7428000
2011-12-23,65.230003,66.000000,65.180000,65.980003,50.674511,6503300
2011-12-27,65.989998,66.320000,65.900002,66.019997,50.705231,4995100
2011-12-28,65.970001,66.029999,65.300003,65.449997,50.267445,5943900
2011-12-29,65.309998,66.029999,65.250000,65.879997,50.597694,5702400
2011-12-30,65.589996,65.930000,65.529999,65.580002,50.367287,4959700
2012-01-03,65.589996,66.000000,65.250000,65.879997,50.597694,16116200
2012-01-04,65.750000,65.879997,65.110001,65.480003,50.290493,9243100
2012-01-05,65.320000,65.599998,64.830002,65.400002,50.229042,11886900
2012-01-06,65.440002,65.459999,64.610001,64.830002,49.791267,15359900
2012-01-09,64.959999,65.089996,64.410004,64.930000,49.868069,7934600
2012-01-10,65.110001,65.400002,65.000000,65.199997,50.075424,8476600
2012-01-11,65.110001,65.540001,64.839996,65.129997,50.021679,6784600
2012-01-12,65.279999,65.410004,64.930000,65.230003,50.098488,7402900
2012-01-13,64.970001,65.279999,64.360001,65.260002,50.121525,8978800
2012-01-17,65.540001,65.690002,64.500000,65.120003,50.013996,8359900
2012-01-18,65.260002,65.370003,65.000000,65.279999,50.136868,8095600
2012-01-19,65.160004,65.250000,64.790001,65.190002,50.067764,11699800
2012-01-20,65.279999,65.550003,64.540001,65.269997,50.129204,14715500
2012-01-23,65.230003,65.330002,64.879997,65.000000,49.921841,10125000
2012-01-24,64.339996,65.449997,64.339996,65.000000,49.921841,12367900
2012-01-25,64.830002,65.300003,64.760002,65.220001,50.090794,10531400
2012-01-26,65.529999,65.879997,65.220001,65.699997,50.459461,12546100
2012-01-27,65.620003,65.870003,65.459999,65.559998,50.351933,10466300
2012-01-30,65.330002,65.709999,65.129997,65.709999,50.467133,7482100
2012-01-31,65.860001,65.949997,65.559998,65.910004,50.620750,13562900
2012-02-01,65.970001,66.320000,65.650002,65.690002,50.451786,12275900
2012-02-02,65.940002,65.970001,65.349998,65.589996,50.374954,8282400
2012-02-03,65.900002,66.019997,65.529999,65.639999,50.413372,9036200
2012-02-06,65.459999,65.580002,65.050003,65.190002,50.067764,9535700
2012-02-07,65.160004,65.389999,65.019997,65.260002,50.121525,9248100
2012-02-08,65.199997,65.349998,65.089996,65.239998,50.106163,6889400
2012-02-09,65.160004,65.349998,64.820000,64.889999,49.837341,10936200
2012-02-10,64.709999,64.769997,64.250000,64.599998,49.614613,13954200
2012-02-13,64.900002,64.949997,64.599998,64.680000,49.676064,9662500
2012-02-14,64.750000,64.860001,64.330002,64.610001,49.622307,8978500
2012-02-15,64.510002,64.949997,64.470001,64.650002,49.653019,9023400
2012-02-16,64.599998,65.160004,64.440002,64.919998,49.860390,8194500
2012-02-17,65.220001,65.279999,64.809998,64.989998,49.914158,9057500
2012-02-21,65.230003,65.239998,64.750000,65.040001,49.952560,8081700
2012-02-22,65.080002,65.339996,64.870003,65.000000,49.921841,8150600
2012-02-23,65.190002,66.050003,64.900002,65.099998,49.998642,8991500
2012-02-24,64.790001,64.790001,64.190002,64.459999,49.944401,10478200
2012-02-27,64.260002,64.639999,64.019997,64.449997,49.936653,8523000
2012-02-28,64.599998,65.419998,64.500000,65.180000,50.502262,11581400
2012-02-29,65.220001,65.260002,64.709999,65.080002,50.424782,11489100
2012-03-01,65.110001,65.260002,64.639999,64.830002,50.231075,8813800
2012-03-02,64.739998,64.870003,64.570000,64.769997,50.184582,6063900
2012-03-05,64.690002,64.959999,64.540001,64.910004,50.293079,7601000
2012-03-06,64.459999,64.730003,64.190002,64.349998,49.859180,9511100
2012-03-07,64.269997,64.459999,64.120003,64.300003,49.820435,8591800
2012-03-08,64.949997,65.080002,64.739998,64.849998,50.246574,11311100
2012-03-09,64.830002,65.000000,64.589996,64.739998,50.161350,8410600
2012-03-12,64.550003,65.150002,64.540001,65.099998,50.440277,7284700
2012-03-13,65.419998,65.440002,65.029999,65.330002,50.618488,9884100
2012-03-14,65.209999,65.379997,65.019997,65.080002,50.424782,9612200
2012-03-15,64.930000,65.379997,64.849998,65.070000,50.417034,11372900
2012-03-16,65.199997,65.459999,64.809998,65.120003,50.455780,17707000
2012-03-19,64.949997,65.269997,64.900002,65.209999,50.525513,7321800
2012-03-20,65.000000,65.129997,64.760002,64.959999,50.331799,7760400
2012-03-21,64.959999,65.070000,64.639999,64.760002,50.176842,7839600
2012-03-22,64.680000,64.690002,64.400002,64.459999,49.944401,10621300
2012-03-23,64.489998,64.709999,64.370003,64.550003,50.014133,8062500
2012-03-26,64.889999,65.260002,64.830002,65.169998,50.494518,8503800
2012-03-27,65.330002,65.500000,65.220001,65.400002,50.672710,10723800
2012-03-28,65.400002,65.620003,65.180000,65.620003,50.843185,10305500
2012-03-29,65.279999,65.540001,65.199997,65.540001,50.781197,9553300
2012-03-30,65.629997,66.180000,65.580002,65.959999,51.106617,11307700
2012-04-02,66.040001,66.300003,65.820000,66.209999,51.300331,8785900
2012-04-03,66.120003,66.150002,65.500000,65.879997,51.044640,9128400
2012-04-04,65.610001,65.699997,65.360001,65.389999,50.664978,9432300
2012-04-05,65.260002,65.379997,65.089996,65.339996,50.626240,7922700
2012-04-09,64.949997,65.230003,64.879997,64.919998,50.300800,6363400
2012-04-10,64.809998,64.860001,64.160004,64.199997,49.742943,12793200
2012-04-11,64.690002,64.690002,63.959999,64.129997,49.688725,10434100
2012-04-12,64.050003,64.150002,63.680000,64.150002,49.704220,13122300
2012-04-13,63.939999,64.000000,63.520000,63.540001,49.231583,11226600
2012-04-16,63.720001,64.160004,63.669998,63.980000,49.572491,10502400
2012-04-17,64.230003,64.279999,63.270000,64.220001,49.758446,18322900
2012-04-18,63.900002,63.919998,63.119999,63.259998,49.014629,20567700
2012-04-19,63.220001,63.540001,62.759998,63.029999,48.836418,15189000
2012-04-20,63.220001,63.970001,63.200001,63.709999,49.363293,14320700
2012-04-23,63.500000,63.689999,63.299999,63.369999,49.099857,10120900
2012-04-24,63.549999,63.790001,63.360001,63.770000,49.409775,9022400
2012-04-25,63.959999,64.580002,63.840000,64.430000,49.921158,11162800
2012-04-26,64.410004,64.970001,64.260002,64.750000,50.169113,9139200
2012-04-27,64.949997,65.129997,64.680000,64.839996,50.238823,10746700
2012-04-30,64.849998,65.389999,64.839996,65.099998,50.440277,11362300
2012-05-01,64.910004,65.360001,64.800003,65.220001,50.533245,10107900
2012-05-02,65.169998,65.330002,64.839996,65.330002,50.618488,8349700
2012-05-03,65.400002,65.489998,65.099998,65.339996,50.626240,10431800
2012-05-04,65.190002,65.290001,64.739998,64.739998,50.161350,10301300
2012-05-07,64.580002,65.019997,64.510002,64.800003,50.207832,8387800
2012-05-08,64.680000,64.980003,64.550003,64.980003,50.347301,12491900
2012-05-09,64.589996,64.879997,64.250000,64.279999,49.804924,10649400
2012-05-10,64.809998,64.860001,64.389999,64.570000,50.029633,7702000
2012-05-11,64.430000,64.989998,64.230003,64.339996,49.851425,37824600
2012-05-14,64.029999,64.099998,63.560001,63.930000,49.533752,39687800
2012-05-15,63.700001,64.139999,63.410000,63.610001,49.285809,8500000
2012-05-16,63.790001,63.930000,63.450001,63.709999,49.363293,10018400
2012-05-17,63.709999,64.000000,63.480000,63.549999,49.239326,7993500
2012-05-18,63.869999,63.910000,63.090000,63.349998,49.084351,13781300
2012-05-21,63.259998,63.830002,63.250000,63.470001,49.177345,8784900
2012-05-22,63.400002,63.799999,63.330002,63.520000,49.216076,8409300
2012-05-23,63.400002,63.750000,62.880001,63.270000,49.022373,11269100
2012-05-24,62.889999,63.340000,62.799999,63.099998,49.366611,9309400
2012-05-25,62.880001,62.980000,62.290001,62.509998,48.905018,11208500
2012-05-29,62.840000,62.930000,62.299999,62.590000,48.967609,10089700
2012-05-30,62.340000,62.400002,62.000000,62.209999,48.670330,9414700
2012-05-31,62.360001,62.880001,62.139999,62.430000,48.842430,13297100
2012-06-01,62.040001,62.310001,61.709999,61.779999,48.333900,12061100
2012-06-04,62.040001,62.450001,61.889999,62.340000,48.772018,9200000
2012-06-05,62.160000,62.380001,62.000000,62.209999,48.670330,9523400
2012-06-06,62.090000,62.799999,61.889999,62.799999,49.131908,11562500
2012-06-07,63.180000,63.200001,62.509998,62.799999,49.131908,12959300
2012-06-08,62.540001,63.040001,62.330002,62.980000,49.272732,11249500
2012-06-11,62.970001,63.029999,62.110001,62.119999,48.599903,12226400
2012-06-12,62.160000,63.270000,61.830002,63.080002,49.350967,26655400
2012-06-13,64.239998,64.699997,63.180000,64.449997,50.422791,98440200
2012-06-14,64.349998,65.750000,64.290001,65.449997,51.205143,34314900
2012-06-15,65.900002,66.099998,65.510002,66.010002,51.643272,25992800
2012-06-18,65.820000,66.389999,65.820000,66.300003,51.870144,25750000
2012-06-19,66.400002,66.959999,66.360001,66.720001,52.198738,23615400
2012-06-20,66.779999,67.000000,66.459999,67.000000,52.417805,21254600
2012-06-21,66.550003,66.970001,66.160004,66.389999,51.940556,24545300
2012-06-22,66.660004,66.970001,66.519997,66.629997,52.128326,18965700
2012-06-25,66.260002,66.629997,66.139999,66.500000,52.026623,13734500
2012-06-26,66.559998,66.690002,66.410004,66.419998,51.964031,11100000
2012-06-27,66.419998,67.199997,66.360001,66.839996,52.292618,17594200
2012-06-28,66.709999,67.000000,66.440002,66.940002,52.370853,12110900
2012-06-29,67.300003,67.699997,67.209999,67.559998,52.855896,18286000
2012-07-02,67.419998,68.000000,67.339996,68.000000,53.200161,12552700
2012-07-03,67.959999,68.120003,67.720001,68.040001,53.231449,8902400
2012-07-05,67.919998,68.150002,67.779999,67.779999,53.028019,11857800
2012-07-06,67.510002,67.879997,67.360001,67.639999,52.918510,9758000
2012-07-09,67.739998,67.959999,67.629997,67.779999,53.028019,12485900
2012-07-10,67.970001,68.099998,67.739998,67.879997,53.106277,12851800
2012-07-11,68.029999,68.110001,67.720001,67.900002,53.121914,12026100
2012-07-12,67.620003,68.120003,67.440002,67.709999,52.973274,16484200
2012-07-13,67.790001,68.739998,67.730003,68.610001,53.677383,13238800
2012-07-16,68.470001,68.720001,68.360001,68.449997,53.552200,12921500
2012-07-17,67.839996,69.180000,67.610001,69.000000,53.982491,24201900
2012-07-18,68.739998,69.459999,68.660004,69.370003,54.271988,15616200
2012-07-19,69.250000,69.699997,68.980003,69.529999,54.397148,13499500
2012-07-20,69.349998,69.360001,68.349998,68.629997,53.693039,13964600
2012-07-23,68.139999,68.309998,67.650002,68.110001,53.286213,11771400
2012-07-24,68.099998,68.250000,67.000000,67.349998,52.691620,12145700
2012-07-25,67.669998,68.019997,67.389999,67.529999,52.832447,9882200
2012-07-26,68.300003,68.980003,68.209999,68.739998,53.779091,16477200
2012-07-27,68.949997,69.680000,68.889999,69.519997,54.389339,14015900
2012-07-30,69.370003,69.650002,69.160004,69.449997,54.334557,8379500
2012-07-31,69.250000,69.559998,69.099998,69.220001,54.154610,10313900
2012-08-01,69.480003,69.750000,69.250000,69.379997,54.279793,11681700
2012-08-02,68.809998,68.980003,68.019997,68.449997,53.552200,13536000
2012-08-03,68.980003,69.320000,68.889999,69.120003,54.076389,10898800
2012-08-06,69.180000,69.339996,68.779999,68.839996,53.857319,8723200
2012-08-07,68.809998,68.940002,68.209999,68.290001,53.427044,11268400
2012-08-08,68.290001,68.559998,68.220001,68.349998,53.473972,6573100
2012-08-09,68.330002,68.650002,68.169998,68.320000,53.450493,7764200
2012-08-10,68.120003,68.709999,68.120003,68.639999,53.700855,7645000
2012-08-13,68.389999,68.550003,68.169998,68.459999,53.560028,7199200
2012-08-14,68.739998,68.750000,68.500000,68.639999,53.700855,8217800
2012-08-15,68.510002,68.839996,68.300003,68.349998,53.473972,9349100
2012-08-16,68.440002,68.449997,68.019997,68.199997,53.356621,13518500
2012-08-17,68.120003,68.180000,67.510002,67.800003,53.043671,11999500
2012-08-20,67.800003,67.839996,67.669998,67.699997,52.965431,12645200
2012-08-21,67.690002,68.250000,67.620003,67.779999,53.028019,9544900
2012-08-22,67.629997,67.930000,67.529999,67.750000,53.004566,8230900
2012-08-23,67.800003,67.949997,67.559998,67.739998,52.996723,9062700
2012-08-24,67.220001,67.839996,67.150002,67.599998,53.367786,11297500
2012-08-27,67.540001,67.959999,67.480003,67.489998,53.280937,8761000
2012-08-28,67.309998,67.699997,67.220001,67.510002,53.296719,6750800
2012-08-29,67.279999,67.830002,67.059998,67.370003,53.186214,9609500
2012-08-30,67.230003,67.410004,66.849998,67.209999,53.059887,9672700
2012-08-31,67.449997,67.900002,67.160004,67.430000,53.233570,10151800
2012-09-04,67.489998,67.540001,66.970001,67.260002,53.099380,8402700
2012-09-05,67.440002,67.870003,67.139999,67.269997,53.107265,9266000
2012-09-06,67.709999,68.220001,67.589996,67.839996,53.557255,13075500
2012-09-07,67.970001,68.010002,67.519997,67.879997,53.588852,8403300
2012-09-10,67.989998,68.470001,67.830002,68.180000,53.825680,11441300
2012-09-11,68.360001,68.550003,68.180000,68.199997,53.841465,8821700
2012-09-12,68.370003,68.459999,68.029999,68.150002,53.801998,8230700
2012-09-13,68.010002,69.169998,68.000000,68.989998,54.465130,13006300
2012-09-14,68.910004,68.910004,68.080002,68.470001,54.054611,13024000
2012-09-17,68.489998,68.699997,68.000000,68.250000,53.880928,11584100
2012-09-18,68.080002,68.669998,68.070000,68.550003,54.117771,8063100
2012-09-19,68.750000,68.919998,68.599998,68.599998,54.157246,9911300
2012-09-20,68.410004,68.989998,68.330002,68.900002,54.394085,8704000
2012-09-21,69.050003,69.360001,68.839996,69.059998,54.520412,19064400
2012-09-24,68.879997,69.199997,68.809998,69.000000,54.473034,9082100
2012-09-25,69.010002,69.639999,69.010002,69.320000,54.725658,11625400
2012-09-26,69.500000,69.500000,68.959999,69.000000,54.473034,9971900
2012-09-27,69.089996,69.349998,68.889999,69.010002,54.480949,8253200
2012-09-28,68.769997,69.040001,68.500000,68.910004,54.401993,10293200
2012-10-01,68.919998,69.449997,68.919998,69.129997,54.575657,9647200
2012-10-02,69.120003,69.279999,68.639999,68.959999,54.441452,10062700
2012-10-03,69.190002,69.320000,68.730003,69.000000,54.473034,8557900
2012-10-04,69.099998,69.500000,69.010002,69.269997,54.686184,9395900
2012-10-05,69.459999,69.739998,69.320000,69.650002,54.986191,9429900
2012-10-08,69.599998,69.650002,69.169998,69.440002,54.820415,6444600
2012-10-09,68.620003,68.970001,68.099998,68.410004,54.007267,15365900
2012-10-10,68.379997,68.489998,67.980003,68.220001,53.857262,10710100
2012-10-11,68.209999,68.300003,67.860001,67.970001,53.659893,9505500
2012-10-12,68.180000,68.510002,67.800003,67.970001,53.659893,8685500
2012-10-15,68.180000,68.989998,68.070000,68.599998,54.157246,14868000
2012-10-16,69.300003,69.800003,69.019997,69.550003,54.907234,13688800
2012-10-17,69.730003,71.180000,69.550003,71.000000,56.051952,26522700
2012-10-18,70.870003,72.739998,70.820000,72.519997,57.251934,33591100
2012-10-19,72.110001,72.239998,71.730003,71.860001,56.730911,18391000
2012-10-22,71.790001,72.290001,71.330002,71.779999,56.667744,14033400
2012-10-23,71.169998,71.529999,70.529999,70.889999,55.965122,11086000
2012-10-24,70.989998,71.199997,70.669998,70.739998,55.846706,8572000
2012-10-25,71.010002,71.559998,70.989998,71.139999,56.162483,9672700
2012-10-26,71.000000,71.320000,70.559998,70.900002,55.973022,8965200
2012-10-31,71.110001,71.250000,70.480003,70.820000,55.909859,9950600
2012-11-01,71.099998,71.900002,70.830002,71.500000,56.446701,11226000
2012-11-02,71.699997,71.699997,70.830002,70.900002,55.973022,7946700
2012-11-05,70.860001,71.000000,70.470001,70.790001,55.886169,6874500
2012-11-06,71.000000,71.620003,70.889999,71.010002,56.059860,7927500
2012-11-07,70.690002,70.989998,69.699997,70.339996,55.530918,12719700
2012-11-08,70.150002,70.419998,69.650002,69.650002,54.986191,12652100
2012-11-09,69.559998,70.260002,69.430000,69.870003,55.159874,10511700
2012-11-12,69.790001,70.050003,69.309998,69.680000,55.009876,9761000
2012-11-13,69.519997,70.110001,69.400002,69.510002,54.875668,8244500
2012-11-14,69.629997,69.760002,69.029999,69.269997,54.686184,10470700
2012-11-15,68.989998,69.199997,68.720001,69.070000,54.528297,11803600
2012-11-16,68.870003,69.269997,68.510002,69.190002,54.623028,14272300
2012-11-19,69.540001,69.809998,69.040001,69.250000,54.670414,12337400
2012-11-20,69.260002,69.709999,69.139999,69.669998,55.001976,9859500
2012-11-21,69.629997,69.879997,69.449997,69.589996,54.938828,7639900
2012-11-23,69.080002,69.559998,68.949997,69.559998,55.400761,5450100
2012-11-26,69.120003,69.500000,68.820000,69.089996,55.026421,9884800
2012-11-27,69.010002,69.150002,68.730003,68.809998,54.803417,8763200
2012-11-28,68.709999,69.379997,68.599998,69.290001,55.185726,9983200
2012-11-29,69.470001,69.559998,69.050003,69.220001,55.129951,9853400
2012-11-30,69.389999,69.919998,69.180000,69.730003,55.536156,13480700
2012-12-03,69.800003,69.919998,69.360001,69.650002,55.472443,9928900
2012-12-04,69.580002,70.489998,69.449997,69.860001,55.639698,14278100
2012-12-05,69.930000,70.290001,69.580002,69.970001,55.727306,11037100
2012-12-06,70.339996,70.339996,69.800003,70.050003,55.791019,9459200
2012-12-07,70.040001,70.519997,69.860001,70.449997,56.109600,10021300
2012-12-10,70.260002,70.800003,70.260002,70.599998,56.229069,9700300
2012-12-11,70.930000,71.620003,70.750000,71.099998,56.627293,14933700
2012-12-12,71.209999,71.370003,70.849998,70.959999,56.515793,11783300
2012-12-13,70.900002,71.000000,70.620003,70.750000,56.348549,8838900
2012-12-14,70.620003,70.860001,70.489998,70.690002,56.300747,10263600
2012-12-17,70.839996,71.180000,70.779999,70.940002,56.499863,14317200
2012-12-18,71.059998,71.099998,70.500000,70.949997,56.507813,16352400
2012-12-19,70.910004,71.309998,70.629997,70.629997,56.252949,11865600
2012-12-20,70.739998,70.900002,70.489998,70.750000,56.348549,11775800
2012-12-21,70.559998,70.750000,70.059998,70.269997,55.966228,22142300
2012-12-24,70.320000,70.400002,69.940002,70.019997,55.767105,5006500
2012-12-26,69.949997,70.360001,69.879997,70.169998,55.886597,7737300
2012-12-27,70.129997,70.400002,69.800003,70.089996,55.822884,10700400
2012-12-28,69.839996,70.070000,69.419998,69.480003,55.337048,9691100
2012-12-31,69.239998,70.110001,69.180000,70.099998,55.830830,12770000
2013-01-02,71.019997,71.019997,70.300003,70.839996,56.420208,12874200
2013-01-03,70.980003,71.000000,70.449997,70.739998,56.340561,9598300
2013-01-04,71.239998,71.730003,71.010002,71.550003,56.985680,11631800
2013-01-07,71.500000,71.529999,71.190002,71.400002,56.866230,7548800
2013-01-08,71.309998,71.650002,71.250000,71.410004,56.874195,9825300
2013-01-09,71.639999,71.849998,71.500000,71.730003,57.129055,7672800
2013-01-10,71.809998,72.379997,71.739998,72.190002,57.495422,11888500
2013-01-11,72.190002,72.580002,72.160004,72.349998,57.622841,7766700
2013-01-14,72.599998,72.790001,72.370003,72.559998,57.790085,7386000
2013-01-15,72.250000,72.440002,72.000000,72.370003,57.638767,7795100
2013-01-16,72.260002,72.820000,72.250000,72.580002,57.806030,8779900
2013-01-17,72.879997,73.010002,72.370003,72.900002,58.060883,10570100
2013-01-18,72.900002,73.230003,72.790001,73.230003,58.323708,13558600
2013-01-22,72.919998,73.209999,72.419998,72.690002,57.893639,11469800
2013-01-23,72.519997,72.910004,72.470001,72.849998,58.021065,10155100
2013-01-24,72.959999,73.230003,72.839996,73.099998,58.220161,9369700
2013-01-25,73.129997,73.930000,73.059998,73.919998,58.873264,10421500
2013-01-28,73.959999,74.000000,73.430000,73.620003,58.634331,9420900
2013-01-29,73.669998,74.620003,73.639999,74.410004,59.263519,12386500
2013-01-30,74.449997,74.800003,74.010002,74.089996,59.008644,9245500
2013-01-31,74.080002,74.360001,73.779999,73.919998,58.873264,10448700
2013-02-01,74.139999,74.419998,74.080002,74.180000,59.080334,10016300
2013-02-04,73.559998,74.250000,73.559998,74.110001,59.024593,9200700
2013-02-05,74.489998,74.820000,74.470001,74.660004,59.462639,10230800
2013-02-06,74.570000,75.389999,74.519997,75.389999,60.044037,12084000
2013-02-07,74.820000,75.199997,74.680000,75.059998,59.781204,9798200
2013-02-08,75.169998,75.610001,74.730003,75.480003,60.115719,8153300
2013-02-11,75.279999,75.500000,75.050003,75.410004,60.059978,5697100
2013-02-12,75.419998,75.860001,75.419998,75.800003,60.370583,7598900
2013-02-13,75.790001,75.870003,75.370003,75.660004,60.259060,8014800
2013-02-14,75.500000,76.089996,75.379997,75.809998,60.378548,9681800
2013-02-15,75.720001,76.160004,75.510002,76.160004,60.657303,10528400
2013-02-19,76.029999,77.000000,75.959999,76.959999,61.294460,9747400
2013-02-20,76.790001,76.970001,76.540001,76.650002,61.047565,7857500
2013-02-21,76.470001,77.019997,76.379997,76.870003,61.222794,9465700
2013-02-22,76.389999,76.489998,75.970001,76.250000,61.214745,8571500
2013-02-25,76.470001,76.660004,75.570000,75.570000,60.668842,10603300
2013-02-26,75.879997,76.339996,75.500000,75.750000,60.813343,10742100
2013-02-27,75.680000,76.449997,75.599998,76.320000,61.270958,8180300
2013-02-28,76.230003,76.489998,76.110001,76.110001,61.102383,11806300
2013-03-01,75.790001,76.769997,75.730003,76.699997,61.576035,9528300
2013-03-04,76.730003,77.279999,76.730003,77.199997,61.977428,12628000
2013-03-05,77.559998,77.709999,77.440002,77.660004,62.346722,9399400
2013-03-06,77.690002,77.739998,77.220001,77.389999,62.129955,8535200
2013-03-07,77.620003,77.959999,77.589996,77.750000,62.418983,7996500
2013-03-08,77.839996,78.220001,77.699997,78.190002,62.772205,8554100
2013-03-11,77.919998,78.519997,77.839996,78.440002,62.972908,8807600
2013-03-12,78.500000,78.690002,78.209999,78.559998,63.069252,8790500
2013-03-13,78.519997,78.669998,78.199997,78.550003,63.061230,7983400
2013-03-14,78.669998,79.099998,78.489998,79.099998,63.502762,10130400
2013-03-15,78.620003,79.239998,78.620003,79.190002,63.575012,18296500
2013-03-18,78.720001,79.190002,78.699997,78.809998,63.269966,8005400
2013-03-19,78.980003,79.089996,78.500000,78.860001,63.310101,7095800
2013-03-20,79.180000,79.610001,79.169998,79.449997,63.783760,8000800
2013-03-21,79.120003,79.500000,78.769997,79.010002,63.430515,8436300
2013-03-22,79.110001,79.739998,79.019997,79.739998,64.016571,6873100
2013-03-25,79.830002,79.940002,79.470001,79.680000,63.968430,9616600
2013-03-26,79.930000,80.879997,79.849998,80.849998,64.907700,12682900
2013-03-27,80.559998,81.349998,80.269997,81.269997,65.244881,10703400
2013-03-28,81.370003,81.589996,80.949997,81.529999,65.453621,11332100
2013-04-01,81.389999,81.959999,81.279999,81.930000,65.774742,7376800
2013-04-02,82.000000,82.690002,81.900002,82.690002,66.384895,10342200
2013-04-03,82.739998,82.949997,81.570000,82.070000,65.887146,12254000
2013-04-04,82.199997,82.720001,81.930000,82.410004,66.160103,10303000
2013-04-05,81.790001,82.110001,81.620003,82.040001,65.863068,8581400
2013-04-08,81.269997,81.389999,80.309998,81.110001,65.116432,15828500
2013-04-09,81.260002,81.750000,81.239998,81.519997,65.445580,9111000
2013-04-10,81.830002,82.199997,81.739998,82.019997,65.846992,7583200
2013-04-11,82.139999,82.959999,82.080002,82.320000,66.087845,9882700
2013-04-12,82.250000,82.739998,82.169998,82.739998,66.425018,6987000
2013-04-15,82.720001,83.089996,81.709999,81.709999,65.598114,12385800
2013-04-16,82.330002,83.540001,82.070000,83.440002,66.987000,12620000
2013-04-17,83.360001,84.430000,83.290001,83.900002,67.356285,13693300
2013-04-18,83.959999,84.300003,83.029999,83.180000,66.778259,9921500
2013-04-19,83.510002,84.570000,83.470001,84.489998,67.829956,10787600
2013-04-22,84.589996,84.930000,84.199997,84.830002,68.102921,6989900
2013-04-23,84.989998,85.680000,84.000000,85.449997,68.600647,8982100
2013-04-24,85.680000,85.739998,84.279999,84.389999,67.749657,9480600
2013-04-25,84.540001,85.440002,84.339996,85.220001,68.416000,8689400
2013-04-26,85.300003,85.489998,84.809998,85.120003,68.335732,6784700
2013-04-29,85.019997,85.889999,84.910004,85.580002,68.705048,8038000
2013-04-30,85.389999,85.699997,84.889999,85.230003,68.424034,12099600
2013-05-01,84.500000,85.129997,83.879997,84.230003,67.621231,12312100
2013-05-02,84.440002,85.209999,84.169998,85.160004,68.367836,8668900
2013-05-03,85.580002,85.989998,85.449997,85.750000,68.841515,9213800
2013-05-06,85.779999,85.779999,84.550003,84.680000,67.982475,8815600
2013-05-07,84.870003,85.570000,84.629997,85.529999,68.664856,9061800
2013-05-08,85.480003,85.599998,84.930000,85.459999,68.608650,8044600
2013-05-09,85.449997,85.690002,84.959999,85.150002,68.359833,8342000
2013-05-10,85.290001,85.760002,85.180000,85.760002,68.849525,7594800
2013-05-13,85.559998,86.070000,85.440002,85.849998,68.921783,6631500
2013-05-14,85.760002,87.080002,85.760002,86.970001,69.820930,10360700
2013-05-15,86.940002,87.879997,86.940002,87.639999,70.358833,13444400
2013-05-16,87.330002,87.769997,87.059998,87.449997,70.206284,9441900
2013-05-17,87.470001,88.199997,87.410004,88.089996,70.720116,11437700
2013-05-20,88.099998,88.199997,87.809998,88.010002,70.655861,7235800
2013-05-21,87.940002,88.639999,87.790001,88.589996,71.121483,10099600
2013-05-22,88.699997,89.989998,88.199997,88.459999,71.017143,13825900
2013-05-23,87.110001,87.970001,87.000000,87.209999,70.539909,14446900
2013-05-24,86.800003,87.029999,86.489998,86.820000,70.224457,10390100
2013-05-28,87.540001,88.290001,87.269997,87.610001,70.863449,8380200
2013-05-29,87.080002,87.160004,85.139999,85.650002,69.278122,11872100
2013-05-30,85.709999,86.309998,85.680000,85.989998,69.553108,7801200
2013-05-31,85.680000,85.989998,84.180000,84.180000,68.089096,13302700
2013-06-03,84.279999,84.709999,83.370003,84.709999,68.517776,11768500
2013-06-04,84.720001,85.029999,83.559998,84.099998,68.024384,9972000
2013-06-05,83.910004,85.000000,83.480003,83.680000,67.684685,9839100
2013-06-06,83.589996,84.459999,82.650002,84.459999,68.315590,10671000
2013-06-07,84.959999,85.180000,84.400002,84.910004,68.679550,8907700
2013-06-10,85.010002,85.709999,84.730003,85.139999,68.865585,8477100
2013-06-11,84.760002,85.019997,84.129997,84.690002,68.501610,8967000
2013-06-12,85.180000,85.500000,83.699997,83.739998,67.733192,8413200
2013-06-13,83.599998,84.959999,83.080002,84.910004,68.679550,8570000
2013-06-14,84.709999,85.480003,84.660004,84.910004,68.679550,6357100
2013-06-17,85.370003,86.400002,84.980003,85.629997,69.261932,8429100
2013-06-18,85.750000,86.440002,85.629997,86.360001,69.852386,7233600
2013-06-19,86.430000,86.500000,84.800003,84.860001,68.639107,8288400
2013-06-20,84.209999,84.449997,82.120003,82.620003,66.827286,15172600
2013-06-21,83.000000,84.320000,82.500000,83.199997,67.296425,20715800
2013-06-24,82.919998,85.309998,82.809998,84.610001,68.436905,14777500
2013-06-25,85.160004,85.589996,84.540001,85.349998,69.035439,11239400
2013-06-26,85.949997,87.320000,85.940002,86.989998,70.361961,11966500
2013-06-27,87.529999,87.820000,86.489998,86.709999,70.135468,8890300
2013-06-28,86.720001,87.379997,85.849998,85.860001,69.447975,11896300
2013-07-01,85.720001,87.639999,85.500000,86.629997,70.070793,9905200
2013-07-02,86.650002,87.199997,86.209999,86.570000,70.022247,8572100
2013-07-03,86.540001,87.040001,86.099998,86.779999,70.192116,3599900
2013-07-05,87.580002,87.879997,86.919998,87.870003,71.073769,5403600
2013-07-08,88.089996,88.989998,87.970001,88.589996,71.656113,12051400
2013-07-09,88.650002,89.080002,88.360001,88.879997,71.890709,9348600
2013-07-10,88.879997,89.480003,88.809998,89.239998,72.181885,7067100
2013-07-11,89.809998,89.930000,89.000000,89.669998,72.529678,8941300
2013-07-12,89.690002,89.989998,89.379997,89.989998,72.788498,7590600
2013-07-15,89.910004,90.809998,89.760002,90.400002,73.120125,13343200
2013-07-16,91.040001,91.660004,90.129997,90.400002,73.120125,11409200
2013-07-17,90.580002,90.970001,89.879997,90.129997,72.901756,12832200
2013-07-18,90.330002,90.949997,90.059998,90.169998,72.934113,8329300
2013-07-19,90.239998,92.269997,90.050003,92.230003,74.600334,12506300
2013-07-22,92.080002,92.559998,91.610001,92.279999,74.640793,9916200
2013-07-23,92.389999,92.860001,92.110001,92.419998,74.754051,8467700
2013-07-24,92.650002,92.660004,91.750000,92.360001,74.705475,6846300
2013-07-25,92.000000,92.750000,91.750000,92.570000,74.875366,7368000
2013-07-26,92.320000,92.930000,91.650002,92.830002,75.085640,8663700
2013-07-29,92.629997,93.389999,92.610001,93.209999,75.393028,7925000
2013-07-30,93.470001,93.970001,93.019997,93.169998,75.360672,8863000
2013-07-31,93.230003,94.419998,93.190002,93.500000,75.627579,11365700
2013-08-01,94.160004,94.400002,93.699997,93.769997,75.845993,11098600
2013-08-02,93.559998,94.389999,93.449997,94.389999,76.347466,8503100
2013-08-05,94.050003,94.300003,93.430000,93.800003,75.870247,7192400
2013-08-06,93.879997,93.940002,93.500000,93.809998,75.878326,6415000
2013-08-07,93.599998,94.029999,93.470001,93.660004,75.757019,9056900
2013-08-08,94.269997,94.370003,92.709999,93.339996,75.498177,11090000
2013-08-09,93.389999,93.389999,91.779999,92.360001,74.705475,12135800
2013-08-12,92.080002,92.769997,91.750000,92.000000,74.414314,11012300
2013-08-13,91.889999,93.349998,91.760002,93.010002,75.231270,10099800
2013-08-14,92.790001,92.949997,90.510002,90.699997,73.362808,12716800
2013-08-15,90.320000,90.410004,89.089996,89.550003,72.432632,12010700
2013-08-16,89.129997,89.800003,88.769997,89.370003,72.287033,14100700
2013-08-19,89.470001,91.250000,89.349998,90.449997,73.160591,8687000
2013-08-20,90.550003,91.650002,89.730003,89.730003,72.578217,8559200
2013-08-21,89.470001,89.629997,88.680000,88.800003,71.825989,7940700
2013-08-22,88.760002,89.029999,88.120003,88.260002,71.389221,7191900
2013-08-23,87.930000,88.440002,87.209999,88.410004,72.049324,7714900
2013-08-26,88.360001,88.480003,87.389999,87.529999,71.332169,6724500
2013-08-27,86.970001,87.080002,85.959999,86.169998,70.223854,9941200
2013-08-28,86.360001,86.910004,85.879997,86.529999,70.517204,8829200
2013-08-29,86.410004,87.139999,85.989998,86.570000,70.549805,5768800
2013-08-30,86.779999,86.779999,85.849998,86.410004,70.419426,7471300
2013-09-03,86.889999,87.300003,86.029999,86.419998,70.427582,7590500
2013-09-04,86.459999,87.250000,86.250000,86.900002,70.818718,8458800
2013-09-05,87.000000,87.169998,86.620003,87.040001,70.932846,5647900
2013-09-06,87.220001,87.919998,86.000000,87.160004,71.030624,10034900
2013-09-09,87.389999,87.599998,87.010002,87.559998,71.356621,6819700
2013-09-10,88.139999,88.580002,87.849998,88.529999,72.147102,8658700
2013-09-11,88.629997,89.269997,88.139999,89.230003,72.717545,8098100
2013-09-12,89.300003,89.570000,88.879997,89.010002,72.538277,7938500
2013-09-13,89.129997,89.250000,88.199997,88.570000,72.179710,7738600
2013-09-16,89.430000,89.570000,88.830002,89.029999,72.554588,7563700
2013-09-17,89.050003,89.220001,88.580002,89.059998,72.579018,6291100
2013-09-18,88.910004,89.910004,88.300003,89.910004,73.271736,10115500
2013-09-19,90.050003,90.199997,89.790001,90.070000,73.402115,6721000
2013-09-20,90.199997,90.720001,89.680000,89.680000,73.084282,14708600
2013-09-23,89.430000,89.750000,88.809998,89.089996,72.603470,7376200
2013-09-24,89.019997,89.199997,88.150002,88.220001,71.894493,7797500
2013-09-25,88.419998,88.470001,87.070000,87.080002,70.965424,7493200
2013-09-26,87.279999,87.699997,86.720001,87.070000,70.957283,6400600
2013-09-27,86.809998,86.940002,86.440002,86.730003,70.680206,5461100
2013-09-30,86.330002,86.949997,86.150002,86.690002,70.647614,7962300
2013-10-01,86.589996,87.489998,86.260002,87.470001,71.283264,6318700
2013-10-02,87.129997,87.290001,86.440002,87.290001,71.136574,6383400
2013-10-03,87.190002,87.400002,86.279999,86.580002,70.557968,7724600
2013-10-04,86.820000,87.419998,86.559998,87.309998,71.152901,6050000
2013-10-07,86.699997,86.980003,86.290001,86.589996,70.566101,5705200
2013-10-08,86.620003,86.739998,85.570000,85.610001,69.767479,8669800
2013-10-09,85.930000,86.230003,85.500000,85.959999,70.052689,8014200
2013-10-10,86.720001,87.779999,86.699997,87.779999,71.535889,8647900
2013-10-11,88.620003,89.480003,88.019997,89.449997,72.896866,8449800
2013-10-14,88.830002,89.889999,88.629997,89.800003,73.182098,9198600
2013-10-15,90.330002,91.459999,89.930000,89.930000,73.288017,11024000
2013-10-16,90.419998,91.169998,90.160004,91.110001,74.249657,8116000
2013-10-17,90.870003,92.000000,90.769997,91.970001,74.950500,8569600
2013-10-18,91.750000,92.050003,91.139999,91.629997,74.673439,9082600
2013-10-21,91.629997,91.629997,90.769997,91.199997,74.322998,6940500
2013-10-22,91.529999,92.559998,91.500000,92.360001,75.268333,9635500
2013-10-23,92.070000,92.430000,91.519997,92.099998,75.056458,6449600
2013-10-24,92.650002,92.989998,92.139999,92.349998,75.260208,5251000
2013-10-25,92.040001,92.269997,91.779999,92.089996,75.048309,6076000
2013-10-28,91.959999,92.800003,91.919998,92.389999,75.292778,6551000
2013-10-29,92.800003,93.180000,92.580002,93.139999,75.903992,6096700
2013-10-30,93.269997,93.449997,92.650002,92.790001,75.618774,6295400
2013-10-31,92.849998,93.349998,92.320000,92.610001,75.472084,7773900
2013-11-01,92.379997,93.580002,92.379997,93.370003,76.091423,6835900
2013-11-04,93.459999,93.500000,92.430000,93.029999,75.814377,6862500
2013-11-05,92.540001,92.949997,92.279999,92.809998,75.635048,5350600
2013-11-06,93.029999,93.199997,92.720001,93.040001,75.822517,5301300
2013-11-07,93.190002,93.349998,92.690002,92.690002,75.537285,6116900
2013-11-08,92.629997,94.099998,92.559998,94.050003,76.645630,7229500
2013-11-11,93.970001,94.639999,93.940002,94.290001,76.841217,4723100
2013-11-12,93.980003,94.089996,93.000000,93.559998,76.246277,7639600
2013-11-13,93.360001,93.449997,92.320000,93.339996,76.066994,8954300
2013-11-14,93.400002,94.139999,93.400002,93.919998,76.539673,7045700
2013-11-15,93.629997,94.400002,93.550003,94.389999,76.922684,7063000
2013-11-18,94.360001,94.599998,94.010002,94.300003,76.849342,8492000
2013-11-19,94.269997,94.919998,94.000000,94.860001,77.305725,6624200
2013-11-20,94.940002,95.470001,94.660004,95.150002,77.542030,7076500
2013-11-21,95.459999,95.750000,95.050003,95.199997,77.582771,6896200
2013-11-22,94.389999,95.580002,94.389999,95.250000,78.165436,6462100
2013-11-25,95.489998,95.989998,95.080002,95.629997,78.477264,6374600
2013-11-26,95.580002,95.870003,94.970001,95.059998,78.009514,7267600
2013-11-27,95.339996,95.370003,94.610001,94.980003,77.943871,4603800
2013-11-29,95.230003,95.500000,94.430000,94.660004,77.681274,4106800
2013-12-02,94.410004,94.660004,93.970001,94.279999,77.369431,5827400
2013-12-03,94.199997,94.559998,93.510002,93.970001,77.115036,9061100
2013-12-04,93.760002,94.250000,93.129997,93.629997,76.836021,6218500
2013-12-05,93.419998,93.629997,92.660004,92.970001,76.294395,8666200
2013-12-06,93.599998,94.480003,93.419998,94.440002,77.500732,7280400
2013-12-09,94.300003,94.480003,93.699997,94.440002,77.500732,6974500
2013-12-10,94.580002,94.790001,93.959999,94.139999,77.254532,7576600
2013-12-11,94.400002,94.449997,93.029999,93.110001,76.409271,9424300
2013-12-12,92.839996,92.860001,91.070000,91.160004,74.809059,12285700
2013-12-13,91.459999,91.860001,91.080002,91.349998,74.964981,7909000
2013-12-16,91.419998,92.320000,91.160004,91.370003,74.981384,6623000
2013-12-17,91.300003,91.330002,90.500000,90.660004,74.398743,8794000
2013-12-18,90.949997,92.660004,89.769997,92.639999,76.023582,9691100
2013-12-19,92.400002,92.400002,91.419998,91.980003,75.481964,7341000
2013-12-20,91.949997,92.750000,91.949997,92.089996,75.572227,11265000
2013-12-23,92.559998,92.680000,91.760002,92.029999,75.523003,5312200
2013-12-24,92.180000,92.389999,91.849998,92.059998,75.547600,3147300
2013-12-26,91.989998,92.540001,91.769997,92.540001,75.941513,3459100
2013-12-27,92.769997,92.959999,92.180000,92.349998,75.785614,3511300
2013-12-30,92.160004,92.300003,91.730003,92.300003,75.744591,4370100
2013-12-31,92.169998,92.220001,91.150002,91.589996,75.161919,6348200
2014-01-02,91.139999,91.730003,91.010002,91.029999,74.702354,5919600
2014-01-03,91.290001,92.220001,91.260002,91.849998,75.375275,5637600
2014-01-06,91.930000,92.750000,91.870003,92.330002,75.769188,7443500
2014-01-07,93.040001,94.620003,92.989998,94.290001,77.377640,11063300
2014-01-08,94.169998,94.599998,93.879997,94.160004,77.270950,9096700
2014-01-09,94.940002,95.379997,94.089996,94.730003,77.738724,7944700
2014-01-10,94.639999,94.980003,94.139999,94.739998,77.746918,6697400
2014-01-13,94.370003,94.989998,94.059998,94.500000,77.549965,9589200
2014-01-14,94.599998,94.900002,94.320000,94.720001,77.730522,7567300
2014-01-15,94.650002,95.269997,94.510002,94.800003,77.796158,7390700
2014-01-16,94.599998,95.089996,94.230003,94.639999,77.664848,8401100
2014-01-17,94.720001,95.169998,94.379997,95.059998,78.009514,13714400
2014-01-21,94.930000,95.099998,92.620003,94.029999,77.164276,16368400
2014-01-22,93.989998,94.550003,93.540001,94.320000,77.402260,8875500
2014-01-23,93.739998,93.800003,92.410004,92.739998,76.105644,9322300
2014-01-24,92.120003,92.610001,90.610001,90.610001,74.357697,10604200
2014-01-27,90.300003,90.760002,89.849998,89.940002,73.807877,8685200
2014-01-28,90.580002,90.599998,89.790001,90.099998,73.939186,8254400
2014-01-29,89.470001,89.709999,88.529999,88.900002,72.954430,11160100
2014-01-30,89.620003,89.779999,89.010002,89.500000,73.446785,6874900
2014-01-31,89.010002,89.339996,88.150002,88.470001,72.601555,12193800
2014-02-03,88.750000,88.779999,86.610001,86.779999,71.214653,13944600
2014-02-04,86.930000,87.279999,86.089996,86.620003,71.083366,11436400
2014-02-05,86.489998,87.669998,86.480003,87.279999,71.624985,10667300
2014-02-06,87.629997,88.760002,87.550003,88.750000,72.831322,10037900
2014-02-07,88.919998,90.040001,88.610001,90.040001,73.889923,9435100
2014-02-10,90.239998,91.080002,89.800003,91.070000,74.735176,8080200
2014-02-11,91.089996,92.970001,90.949997,92.970001,76.294395,11556300
2014-02-12,92.949997,92.989998,91.949997,92.419998,75.843056,7696100
2014-02-13,92.000000,92.620003,91.709999,92.559998,75.957932,5926000
2014-02-14,92.599998,92.949997,92.029999,92.760002,76.122055,5485100
2014-02-18,92.769997,92.849998,92.089996,92.169998,75.637871,6926500
2014-02-19,92.150002,92.750000,91.570000,91.639999,75.202950,7693400
2014-02-20,91.690002,92.730003,91.309998,92.379997,75.810242,8160100
2014-02-21,91.860001,92.250000,91.449997,91.519997,75.644920,7381500
2014-02-24,91.449997,92.059998,91.099998,91.110001,75.306038,8406700
2014-02-25,91.589996,91.870003,90.660004,91.110001,75.306038,6383400
2014-02-26,91.110001,91.540001,90.769997,91.110001,75.306038,6334100
2014-02-27,91.160004,91.419998,90.750000,91.360001,75.512665,7040300
2014-02-28,91.419998,92.639999,91.059998,92.120003,76.140816,9643700
2014-03-03,91.129997,91.980003,90.830002,91.559998,75.677979,7506700
2014-03-04,92.470001,93.459999,92.250000,93.339996,77.149223,8796300
2014-03-05,93.269997,93.300003,92.379997,92.589996,76.529312,6842500
2014-03-06,93.190002,93.650002,92.820000,92.889999,76.777283,7718300
2014-03-07,93.370003,93.480003,92.690002,93.320000,77.132683,6792000
2014-03-10,93.169998,93.489998,92.790001,93.449997,77.240120,4878200
2014-03-11,93.709999,93.750000,93.089996,93.489998,77.273209,5837200
2014-03-12,92.820000,93.620003,92.650002,93.599998,77.364113,6154900
2014-03-13,93.849998,94.199997,92.980003,93.000000,76.868187,7659400
2014-03-14,92.879997,93.440002,92.459999,92.809998,76.711128,7337800
2014-03-17,93.260002,94.180000,93.180000,93.930000,77.636887,5872600
2014-03-18,93.900002,94.239998,93.480003,93.940002,77.645157,5891900
2014-03-19,93.889999,94.360001,92.919998,93.589996,77.355858,5937600
2014-03-20,93.519997,94.190002,92.959999,94.120003,77.793922,5727400
2014-03-21,94.769997,95.930000,93.879997,95.930000,79.289963,23988800
2014-03-24,95.300003,95.430000,94.540001,95.199997,78.686554,13944100
2014-03-25,95.699997,97.699997,95.699997,97.379997,80.488441,14167300
2014-03-26,97.510002,98.470001,97.050003,97.050003,80.215675,11215100
2014-03-27,97.080002,97.699997,96.260002,97.279999,80.405785,8694600
2014-03-28,97.510002,98.220001,96.959999,97.440002,80.538025,8816000
2014-03-31,98.000000,98.599998,97.610001,98.230003,81.190987,7545700
2014-04-01,98.309998,98.680000,97.370003,97.940002,80.951309,7068500
2014-04-02,98.010002,98.389999,97.370003,98.230003,81.190987,7995600
2014-04-03,97.970001,98.339996,97.529999,98.260002,81.215790,5471200
2014-04-04,98.620003,99.379997,98.320000,98.419998,81.348038,10309700
2014-04-07,98.389999,99.360001,97.830002,97.889999,80.909988,11409200
2014-04-08,98.029999,98.730003,97.500000,98.059998,81.050484,9601800
2014-04-09,98.419998,99.000000,97.779999,98.949997,81.786079,8921300
2014-04-10,98.860001,98.930000,96.519997,96.540001,79.794128,9667800
2014-04-11,96.199997,97.199997,96.050003,96.870003,80.066902,8710700
2014-04-14,97.279999,97.360001,96.250000,97.139999,80.290062,8617200
2014-04-15,98.449997,99.209999,98.050003,99.199997,81.992744,13999100
2014-04-16,99.570000,99.709999,98.070000,98.750000,81.620804,11308000
2014-04-17,98.690002,99.650002,98.690002,98.959999,81.794373,9153500
2014-04-21,99.010002,100.129997,98.669998,100.000000,82.653961,7031400
2014-04-22,100.000000,100.750000,99.739998,100.180000,82.802734,7937900
2014-04-23,100.239998,100.559998,99.919998,100.220001,82.835793,5876000
2014-04-24,100.239998,100.370003,99.550003,99.959999,82.620903,6149900
2014-04-25,99.970001,100.260002,99.400002,99.790001,82.480408,5895900
2014-04-28,100.559998,101.500000,100.120003,101.339996,83.761543,8792900
2014-04-29,101.629997,101.980003,100.959999,101.029999,83.505325,7811200
2014-04-30,100.839996,101.669998,100.699997,101.290001,83.720207,8513600
2014-05-01,100.769997,101.029999,99.930000,100.529999,83.092064,6590500
2014-05-02,100.169998,100.379997,98.879997,99.309998,82.083649,8744200
2014-05-05,99.290001,100.169998,99.040001,100.000000,82.653961,5438200
2014-05-06,100.019997,100.019997,99.510002,99.510002,82.248947,5795900
2014-05-07,99.849998,101.050003,99.349998,100.910004,83.406128,8720800
2014-05-08,100.669998,101.089996,100.360001,100.500000,83.067238,5667900
2014-05-09,100.860001,101.250000,100.410004,100.910004,83.406128,5691700
2014-05-12,101.239998,101.239998,100.419998,100.519997,83.083771,7437300
2014-05-13,100.900002,101.489998,100.629997,101.019997,83.497032,6183200
2014-05-14,100.949997,101.099998,100.769997,100.870003,83.373062,4187200
2014-05-15,100.639999,100.839996,100.410004,100.690002,83.224289,7007600
2014-05-16,100.570000,100.889999,100.139999,100.580002,83.133369,6516900
2014-05-19,100.220001,100.930000,100.129997,100.639999,83.182953,6997200
2014-05-20,100.809998,100.980003,99.959999,100.250000,82.860603,5438400
2014-05-21,100.599998,101.199997,100.529999,101.139999,83.596214,5302500
2014-05-22,100.580002,101.010002,100.080002,100.959999,84.029007,5124900
2014-05-23,101.040001,101.160004,100.669998,100.980003,84.045670,5275700
2014-05-27,101.099998,101.360001,100.269997,100.809998,83.904160,4524400
2014-05-28,100.669998,100.930000,100.120003,100.300003,83.479706,4352700
2014-05-29,100.559998,100.800003,100.150002,100.760002,83.862572,3685200
2014-05-30,100.699997,101.540001,100.550003,101.459999,84.445175,5973900
2014-06-02,101.540001,102.260002,101.010002,102.169998,85.036118,5845400
2014-06-03,101.910004,102.599998,101.839996,102.459999,85.277481,6681300
2014-06-04,102.230003,102.709999,101.940002,102.680000,85.460571,5608600
2014-06-05,102.779999,103.360001,102.419998,103.220001,85.910027,4730900
2014-06-06,103.250000,103.330002,102.839996,103.180000,85.876709,4624000
2014-06-09,103.070000,103.230003,102.680000,103.220001,85.910027,3748800
2014-06-10,103.470001,104.120003,102.769997,104.099998,86.642426,5792100
2014-06-11,103.809998,104.150002,103.129997,103.320000,85.993240,5960500
2014-06-12,103.180000,103.209999,102.510002,102.529999,85.335709,5930700
2014-06-13,102.510002,102.650002,102.169998,102.529999,85.335709,4301600
2014-06-16,102.519997,102.889999,101.839996,102.449997,85.269127,5645500
2014-06-17,102.129997,102.199997,101.379997,101.930000,84.836342,4834600
2014-06-18,101.910004,102.830002,101.860001,102.809998,85.568748,5445000
2014-06-19,102.930000,103.870003,102.809998,103.809998,86.401070,5481500
2014-06-20,104.370003,105.480003,104.070000,105.269997,87.616241,12459700
2014-06-23,104.910004,105.120003,104.440002,104.750000,87.183434,6063200
2014-06-24,104.629997,105.230003,104.550003,104.589996,87.050247,5915000
2014-06-25,104.230003,105.870003,104.230003,105.760002,88.024063,6411100
2014-06-26,105.839996,105.970001,105.029999,105.650002,87.932518,5106900
2014-06-27,105.470001,105.589996,104.449997,104.989998,87.383179,6463000
2014-06-30,105.620003,106.000000,104.519997,104.620003,87.075241,6877800
2014-07-01,105.150002,106.000000,104.989998,105.870003,88.115631,5129200
2014-07-02,105.699997,105.970001,105.300003,105.860001,88.107292,3764900
2014-07-03,105.870003,106.250000,105.110001,105.419998,87.741089,4199100
2014-07-07,105.419998,106.739998,105.269997,106.470001,88.614975,7014900
2014-07-08,106.209999,106.250000,105.519997,105.720001,87.990768,6268400
2014-07-09,106.000000,106.209999,105.720001,106.040001,88.257103,5720900
2014-07-10,105.080002,106.000000,104.519997,105.800003,88.057358,4955100
2014-07-11,105.839996,106.010002,104.860001,105.099998,87.474739,5461000
2014-07-14,105.379997,105.489998,105.110001,105.379997,87.707771,7784800
2014-07-15,105.230003,105.470001,102.769997,103.279999,85.959969,14219700
2014-07-16,103.529999,103.669998,101.949997,102.220001,85.077736,11946800
2014-07-17,101.900002,102.099998,100.260002,100.370003,83.537941,11218900
2014-07-18,100.669998,101.959999,100.370003,101.800003,84.728172,8408400
2014-07-21,101.440002,101.580002,101.019997,101.269997,84.287025,6379900
2014-07-22,101.910004,102.540001,101.779999,102.470001,85.285805,6554100
2014-07-23,102.800003,102.930000,101.879997,102.190002,85.052757,4815300
2014-07-24,102.339996,102.730003,102.019997,102.199997,85.061073,5177200
2014-07-25,102.269997,102.400002,101.800003,102.110001,84.986168,3951500
2014-07-28,101.889999,102.400002,101.660004,102.110001,84.986168,4634800
2014-07-29,102.449997,102.510002,101.690002,101.959999,84.861320,6053900
2014-07-30,102.269997,102.849998,101.809998,102.300003,85.144310,5994800
2014-07-31,101.769997,101.839996,100.050003,100.089996,83.304916,9141500
2014-08-01,99.760002,100.410004,98.800003,99.900002,83.146782,8610700
2014-08-04,99.989998,100.379997,99.320000,100.160004,83.363190,6790800
2014-08-05,99.830002,100.239998,99.550003,99.820000,83.080200,6230900
2014-08-06,99.669998,100.830002,99.599998,100.709999,83.820946,7412100
2014-08-07,101.089996,101.190002,99.580002,99.930000,83.171753,7417800
2014-08-08,100.209999,101.150002,99.769997,101.080002,84.128899,5618400
2014-08-11,101.620003,101.779999,101.010002,101.160004,84.195473,5703000
2014-08-12,101.000000,101.220001,100.309998,100.629997,83.754356,4577700
2014-08-13,101.150002,101.949997,101.150002,101.739998,84.678207,4563700
2014-08-14,101.889999,102.050003,101.500000,102.019997,84.911263,5239400
2014-08-15,102.209999,102.440002,100.800003,101.169998,84.203789,6986000
2014-08-18,101.919998,102.720001,101.750000,102.699997,85.477226,5979500
2014-08-19,102.730003,102.959999,102.019997,102.959999,85.693619,5670000
2014-08-20,102.870003,103.300003,102.699997,103.209999,85.901711,5183000
2014-08-21,103.330002,104.419998,103.330002,104.190002,86.717346,8357600
2014-08-22,103.629997,104.029999,102.970001,103.099998,86.390541,5076300
2014-08-25,103.650002,103.809998,103.089996,103.230003,86.499504,3678200
2014-08-26,103.470001,103.720001,103.169998,103.440002,86.675461,3512400
2014-08-27,103.599998,103.720001,102.910004,103.220001,86.491127,4786100
2014-08-28,102.900002,103.190002,102.709999,102.949997,86.264839,3482200
2014-08-29,103.099998,103.760002,103.010002,103.730003,86.918449,5287800
2014-09-02,103.300003,103.709999,103.019997,103.360001,86.608406,4644800
2014-09-03,103.820000,104.099998,103.540001,103.760002,86.943588,4725800
2014-09-04,103.989998,104.099998,103.760002,103.839996,87.010620,6147700
2014-09-05,103.919998,104.419998,103.339996,104.419998,87.496628,5744400
2014-09-08,104.419998,104.580002,103.830002,104.050003,87.186600,4900300
2014-09-09,104.400002,104.400002,103.550003,103.800003,86.977142,5999400
2014-09-10,104.190002,105.339996,103.959999,104.989998,87.974251,7402200
2014-09-11,104.779999,104.889999,104.099998,104.550003,87.605553,4834100
2014-09-12,104.540001,104.809998,103.959999,104.580002,87.630707,5929200
2014-09-15,104.589996,104.910004,104.349998,104.720001,87.748009,4525500
2014-09-16,104.489998,105.940002,104.300003,105.879997,88.720001,6081400
2014-09-17,105.879997,106.629997,105.800003,106.190002,88.979759,6627800
2014-09-18,106.180000,107.410004,106.029999,107.349998,89.951767,6628700
2014-09-19,107.889999,108.370003,107.620003,107.989998,90.488029,13033400
2014-09-22,108.000000,108.250000,107.779999,107.879997,90.395851,5788300
2014-09-23,107.769997,108.099998,107.190002,107.459999,90.043938,8108100
2014-09-24,107.699997,108.769997,107.339996,108.639999,91.032677,5890900
2014-09-25,108.529999,108.550003,107.070000,107.099998,89.742271,5688200
2014-09-26,107.410004,107.489998,106.199997,107.099998,89.742271,4467500
2014-09-29,106.379997,106.650002,106.040001,106.540001,89.273064,6581600
2014-09-30,106.500000,107.209999,106.449997,106.589996,89.314934,6822500
2014-10-01,105.980003,106.279999,103.949997,104.300003,87.396072,12263700
2014-10-02,104.059998,104.540001,103.250000,103.849998,87.018997,7566100
2014-10-03,104.230003,105.190002,104.129997,105.129997,88.091553,6856100
2014-10-06,105.680000,106.000000,104.370003,104.860001,87.865318,5015100
2014-10-07,104.459999,104.459999,102.339996,102.389999,85.795616,8407800
2014-10-08,102.430000,105.029999,102.040001,104.910004,87.907211,8337000
2014-10-09,104.629997,104.860001,101.790001,102.080002,85.535866,10675900
2014-10-10,102.349998,102.529999,101.230003,101.230003,84.823624,9984100
2014-10-13,101.459999,101.459999,99.019997,99.120003,83.055588,10334600
2014-10-14,100.529999,100.900002,95.339996,97.010002,81.287567,20807400
2014-10-15,96.050003,98.720001,95.099998,98.209999,82.293091,21905900
2014-10-16,96.970001,98.000000,96.500000,96.779999,81.094841,14575300
2014-10-17,97.540001,99.150002,97.309998,98.699997,82.703682,12272900
2014-10-20,98.830002,99.199997,98.320000,99.199997,83.122627,7988900
2014-10-21,99.830002,100.379997,99.339996,100.360001,84.094635,7287300
2014-10-22,101.099998,101.790001,100.519997,101.220001,84.815254,9360100
2014-10-23,102.260002,102.980003,101.940002,102.629997,85.996742,7570400
2014-10-24,102.949997,103.290001,102.209999,103.129997,86.415688,5973100
2014-10-27,103.070000,104.239998,103.040001,104.070000,87.203346,7043900
2014-10-28,104.550003,104.800003,103.559998,104.790001,87.806664,10347800
2014-10-29,105.000000,105.559998,104.860001,105.559998,88.451851,8188300
2014-10-30,105.169998,107.050003,104.910004,107.040001,89.692009,9068300
2014-10-31,107.940002,108.180000,107.260002,107.779999,90.312073,10800100
2014-11-03,107.830002,108.120003,106.750000,107.459999,90.043938,7082600
2014-11-04,107.889999,108.730003,107.339996,108.620003,91.015923,9349000
2014-11-05,109.050003,109.260002,107.949997,108.820000,91.183517,6966800
2014-11-06,108.930000,109.320000,108.550003,109.010002,91.342720,6200300
2014-11-07,109.000000,109.029999,107.919998,108.199997,90.664017,6652600
2014-11-10,108.070000,108.919998,107.199997,108.820000,91.183517,7573300
2014-11-11,108.879997,109.400002,108.550003,108.910004,91.258919,6221100
2014-11-12,108.669998,109.000000,108.389999,108.750000,91.124863,4895900
2014-11-13,109.050003,109.489998,108.500000,109.070000,91.392990,4860000
2014-11-14,108.919998,109.059998,108.010002,108.160004,90.630501,5650700
2014-11-17,108.000000,108.690002,107.610001,108.300003,90.747787,5233000
2014-11-18,108.129997,109.059998,107.720001,108.830002,91.191879,5407200
2014-11-19,108.449997,108.809998,108.099998,108.760002,91.133247,5217800
2014-11-20,108.550003,108.570000,107.690002,108.180000,90.647240,8090700
2014-11-21,108.730003,108.730003,107.620003,107.860001,90.967743,8417400
2014-11-24,107.919998,108.230003,106.639999,106.879997,90.141205,9098000
2014-11-25,106.980003,107.190002,106.699997,106.699997,89.989395,7367900
2014-11-26,106.769997,107.250000,106.599998,107.209999,90.419533,5503700
2014-11-28,107.610001,108.820000,107.330002,108.250000,91.296646,5881200
2014-12-01,107.889999,108.809998,107.349998,108.029999,91.111099,5638800
2014-12-02,107.970001,108.529999,107.500000,108.510002,91.515938,6184400
2014-12-03,108.540001,108.989998,107.650002,107.720001,90.849648,8957400
2014-12-04,108.089996,108.300003,107.379997,107.559998,90.714706,6697600
2014-12-05,107.529999,108.739998,107.220001,108.510002,91.515938,6449700
2014-12-08,108.419998,108.879997,108.139999,108.519997,91.524345,6499300
2014-12-09,108.220001,108.470001,106.889999,108.050003,91.127968,7214300
2014-12-10,107.610001,107.959999,106.150002,106.239998,89.601448,9416400
2014-12-11,105.849998,107.309998,105.360001,106.720001,90.006271,7114600
2014-12-12,106.650002,106.870003,104.389999,104.430000,88.074913,8325500
2014-12-15,104.769997,105.059998,103.629997,103.959999,87.678513,12110600
2014-12-16,103.480003,105.209999,102.500000,102.760002,86.666451,10209200
2014-12-17,103.269997,104.489998,102.699997,104.070000,87.771278,10207600
2014-12-18,105.620003,106.820000,104.739998,106.809998,90.082161,11756800
2014-12-19,106.629997,107.389999,105.500000,105.550003,89.019524,19154400
2014-12-22,105.690002,106.830002,105.669998,106.739998,90.023148,8124500
2014-12-23,106.660004,106.910004,103.919998,104.279999,87.948410,10171700
2014-12-24,104.379997,105.330002,104.379997,104.589996,88.209854,3415100
2014-12-26,105.070000,105.690002,104.690002,105.059998,88.606255,2951000
2014-12-29,104.639999,105.690002,104.610001,105.330002,88.833954,4273400
2014-12-30,105.419998,105.800003,105.059998,105.360001,88.859268,4371700
2014-12-31,105.610001,106.110001,104.540001,104.570000,88.193001,6202100
2015-01-02,105.050003,105.550003,104.129997,104.519997,88.150795,5753600
2015-01-05,104.480003,104.730003,103.680000,103.790001,87.535149,8079300
2015-01-06,104.339996,104.989998,102.940002,103.279999,87.104996,7428000
2015-01-07,103.910004,105.830002,103.809998,105.559998,89.027946,7931700
2015-01-08,106.059998,106.489998,105.750000,106.389999,89.727943,9916000
2015-01-09,106.500000,106.500000,104.750000,104.940002,88.505051,7364800
2015-01-12,105.169998,105.820000,104.300003,104.580002,88.201424,6839000
2015-01-13,105.440002,106.330002,104.239998,104.760002,88.353226,10151100
2015-01-14,103.860001,104.430000,103.510002,104.000000,87.712257,8887700
2015-01-15,102.970001,103.930000,101.949997,102.489998,86.438736,10834800
2015-01-16,102.059998,104.620003,102.000000,104.040001,87.745987,14092300
2015-01-20,101.550003,102.050003,100.260002,101.290001,85.426674,20460000
2015-01-21,100.559998,102.099998,100.400002,101.900002,85.941147,11702900
2015-01-22,102.389999,103.830002,101.570000,103.760002,87.509842,9036600
2015-01-23,102.940002,102.970001,101.940002,102.199997,86.194160,10126000
2015-01-26,101.800003,102.449997,101.209999,102.260002,86.244766,8962800
2015-01-27,101.830002,102.769997,100.930000,102.089996,86.101372,10160500
2015-01-28,102.480003,102.930000,101.440002,101.480003,85.586922,9053200
2015-01-29,101.510002,102.459999,100.669998,102.379997,86.345963,7569300
2015-01-30,101.580002,102.000000,100.089996,100.139999,84.456772,10676300
2015-02-02,100.489998,100.849998,99.379997,100.830002,85.038696,8990700
2015-02-03,101.400002,102.559998,101.120003,102.459999,86.413429,10005200
2015-02-04,102.120003,102.449997,101.019997,101.360001,85.485687,9514100
2015-02-05,101.570000,102.559998,101.459999,102.459999,86.413429,6642200
2015-02-06,102.110001,102.449997,100.830002,101.099998,85.266434,9215700
2015-02-09,101.059998,101.059998,99.099998,99.779999,84.153145,9851700
2015-02-10,100.190002,100.699997,99.430000,100.349998,84.633896,12275500
2015-02-11,100.459999,100.790001,99.949997,100.379997,84.659180,8177000
2015-02-12,100.500000,100.540001,97.150002,98.440002,83.023010,25835200
2015-02-13,98.440002,99.669998,98.330002,99.620003,84.018227,11153600
2015-02-17,99.389999,100.480003,99.120003,100.440002,84.709816,8627100
2015-02-18,100.699997,100.940002,99.379997,99.959999,84.304962,7878200
2015-02-19,99.949997,100.839996,99.610001,100.699997,84.929085,10028200
2015-02-20,100.180000,100.370003,99.110001,100.260002,85.149910,10085700
2015-02-23,100.739998,100.769997,99.800003,100.180000,85.081963,6878200
2015-02-24,100.250000,101.050003,100.000000,100.699997,85.523582,6587200
2015-02-25,100.940002,101.290001,100.160004,101.209999,85.956703,9684000
2015-02-26,101.379997,103.180000,101.220001,102.800003,87.307106,11437900
2015-02-27,103.040001,103.330002,102.480003,102.510002,87.060814,8500000
2015-03-02,102.510002,103.410004,102.510002,103.220001,87.663780,7277600
2015-03-03,103.099998,103.099998,101.809998,102.339996,86.916389,6419700
2015-03-04,102.120003,102.120003,101.169998,101.650002,86.330399,8665500
2015-03-05,102.070000,103.209999,102.000000,102.519997,87.069275,8042300
2015-03-06,102.089996,102.430000,99.879997,100.110001,85.022484,9287600
2015-03-09,100.199997,100.919998,99.760002,100.660004,85.489609,5701100
2015-03-10,99.989998,100.440002,99.510002,99.529999,84.529915,8735700
2015-03-11,99.830002,99.830002,98.220001,98.320000,83.502266,9138100
2015-03-12,98.959999,100.239998,98.830002,99.830002,84.784706,8318000
2015-03-13,99.849998,100.050003,98.639999,99.209999,84.258148,7821800
2015-03-16,99.739998,101.070000,99.739998,101.059998,85.829315,7726500
2015-03-17,100.110001,100.519997,99.410004,99.889999,84.835670,7301500
2015-03-18,99.889999,101.739998,99.129997,101.459999,86.169044,7972500
2015-03-19,101.040001,101.959999,100.910004,101.690002,86.364395,6863100
2015-03-20,101.870003,102.900002,101.760002,102.400002,86.967361,12433800
2015-03-23,102.470001,103.349998,102.230003,102.980003,87.459953,9016000
2015-03-24,102.830002,103.230003,101.930000,101.959999,86.593681,8390700
2015-03-25,101.849998,102.500000,100.339996,100.339996,85.217842,8444100
2015-03-26,99.949997,100.809998,99.559998,100.139999,85.047989,9972400
2015-03-27,100.279999,100.949997,100.150002,100.339996,85.217842,5847400
2015-03-30,101.239998,101.860001,100.760002,101.550003,86.245483,6061200
2015-03-31,100.970001,101.489998,100.589996,100.599998,85.438652,8028000
2015-04-01,100.459999,100.459999,98.610001,99.150002,84.207169,11368100
2015-04-02,99.440002,99.989998,98.889999,99.639999,84.623329,6097100
2015-04-06,98.839996,99.559998,98.040001,99.160004,84.215668,9697600
2015-04-07,99.550003,100.870003,99.430000,100.099998,85.014023,7900300
2015-04-08,99.839996,100.449997,99.599998,100.160004,85.064972,7354100
2015-04-09,100.570000,101.650002,100.330002,101.330002,86.058632,8073900
2015-04-10,101.330002,102.139999,100.930000,102.059998,86.678627,6786500
2015-04-13,101.540001,101.980003,100.550003,100.550003,85.396194,10753500
2015-04-14,101.050003,101.459999,100.190002,100.519997,85.370697,9322200
2015-04-15,100.540001,101.239998,100.330002,100.599998,85.438652,8237100
2015-04-16,100.269997,100.320000,99.769997,99.790001,84.750740,7324800
2015-04-17,99.370003,99.849998,99.110001,99.580002,84.572403,11084200
2015-04-20,100.260002,100.879997,100.050003,100.209999,85.107430,6668500
2015-04-21,100.660004,100.989998,100.160004,100.300003,85.183853,6532700
2015-04-22,100.629997,100.800003,99.959999,100.430000,85.294281,4763900
2015-04-23,100.500000,100.820000,99.910004,100.459999,85.319740,7351500
2015-04-24,100.110001,101.529999,100.000000,101.080002,85.846306,6566900
2015-04-27,101.160004,101.599998,100.470001,100.580002,85.421677,9113900
2015-04-28,100.449997,100.949997,99.309998,100.739998,85.557556,7484600
2015-04-29,100.510002,100.610001,99.900002,100.389999,85.260315,8926200
2015-04-30,100.070000,100.150002,98.769997,99.199997,84.249626,10170600
2015-05-01,99.620003,100.389999,99.620003,100.129997,85.039482,6255000
2015-05-04,100.330002,100.550003,100.160004,100.349998,85.226311,5532400
2015-05-05,100.129997,100.290001,99.290001,99.500000,84.504440,8828000
2015-05-06,99.620003,99.870003,98.660004,99.169998,84.224152,8030800
2015-05-07,98.940002,100.000000,98.910004,99.660004,84.640312,6401600
2015-05-08,100.480003,101.669998,100.440002,101.470001,86.177528,7508600
2015-05-11,101.320000,101.660004,101.010002,101.029999,85.803848,5698900
2015-05-12,100.879997,101.050003,100.279999,100.470001,85.328247,6903100
2015-05-13,100.680000,101.129997,100.470001,100.550003,85.396194,5826800
2015-05-14,100.970001,101.870003,100.949997,101.830002,86.483276,5454000
2015-05-15,101.980003,102.320000,101.669998,102.300003,86.882454,6023500
2015-05-18,102.370003,104.339996,102.320000,103.419998,87.833664,10479600
2015-05-19,103.660004,104.120003,103.260002,103.959999,88.292267,7724100
2015-05-20,104.419998,104.480003,103.309998,103.599998,87.986526,7146500
2015-05-21,102.910004,103.300003,102.339996,102.419998,87.618675,6875600
2015-05-22,102.269997,102.410004,101.330002,101.349998,86.703300,6216600
2015-05-26,101.230003,101.550003,100.580002,100.820000,86.249886,7918900
2015-05-27,101.010002,101.410004,100.800003,101.129997,86.515083,9297900
2015-05-28,101.010002,101.699997,100.809998,101.150002,86.532196,5700100
2015-05-29,101.550003,101.620003,99.830002,100.139999,85.668175,9957800
2015-06-01,100.279999,100.599998,99.720001,100.040001,85.582619,7298100
2015-06-02,99.919998,100.239998,99.099998,99.980003,85.531288,8312400
2015-06-03,100.320000,100.430000,99.839996,100.089996,85.625381,5375200
2015-06-04,99.940002,100.470001,99.059998,99.230003,84.889687,8057900
2015-06-05,98.989998,99.050003,98.199997,98.589996,84.342155,7557300
2015-06-08,98.599998,98.980003,97.959999,97.959999,83.803200,7054600
2015-06-09,98.440002,98.540001,97.800003,98.209999,84.017097,7844300
2015-06-10,98.480003,99.550003,98.199997,98.879997,84.590248,10025100
2015-06-11,99.199997,99.800003,98.830002,99.239998,84.898216,6175200
2015-06-12,98.879997,99.230003,98.120003,98.349998,84.136833,8717200
2015-06-15,97.750000,97.870003,97.010002,97.489998,83.401123,6833500
2015-06-16,97.500000,98.489998,97.099998,98.360001,84.145416,6049500
2015-06-17,98.379997,99.120003,98.150002,98.730003,84.461937,6155800
2015-06-18,98.860001,100.550003,98.709999,100.360001,85.856369,8815800
2015-06-19,99.879997,100.199997,99.779999,99.860001,85.428635,11653600
2015-06-22,100.599998,100.839996,99.989998,100.089996,85.625381,5055900
2015-06-23,100.099998,100.360001,99.480003,99.779999,85.360168,6046600
2015-06-24,99.510002,99.809998,99.070000,99.330002,84.975227,7254700
2015-06-25,99.500000,99.980003,99.110001,99.120003,84.795570,6581100
2015-06-26,99.430000,100.129997,99.250000,99.639999,85.240417,9041100
2015-06-29,98.980003,99.349998,97.620003,97.680000,83.563683,11150900
2015-06-30,98.430000,98.449997,97.300003,97.459999,83.375473,8967900
2015-07-01,98.300003,98.680000,97.639999,98.470001,84.239502,6726700
2015-07-02,98.849998,99.019997,98.320000,98.440002,84.213829,6091900
2015-07-06,97.709999,98.500000,96.639999,98.199997,84.008530,6817800
2015-07-07,98.629997,98.980003,97.519997,98.919998,84.624466,7122600
2015-07-08,98.419998,98.589996,97.690002,97.769997,83.640678,6845500
2015-07-09,99.050003,99.540001,98.400002,98.400002,84.179626,7316400
2015-07-10,99.779999,99.889999,99.089996,99.529999,85.146317,6969300
2015-07-13,100.050003,100.480003,99.870003,100.269997,85.779396,6986300
2015-07-14,99.260002,99.879997,98.550003,99.779999,85.360168,9890600
2015-07-15,99.760002,100.940002,99.629997,100.419998,85.907707,7990300
2015-07-16,100.949997,101.360001,100.779999,101.110001,86.497978,5775000
2015-07-17,100.889999,100.910004,99.959999,100.080002,85.616844,8054200
2015-07-20,100.500000,100.650002,100.099998,100.370003,85.864922,5016200
2015-07-21,100.599998,100.809998,100.070000,100.339996,85.839264,5891600
2015-07-22,100.410004,100.709999,99.730003,100.180000,85.702400,6721900
2015-07-23,100.500000,100.599998,100.000000,100.199997,85.719498,5016100
2015-07-24,99.750000,99.949997,99.050003,99.150002,84.821220,6524200
2015-07-27,98.970001,98.989998,97.919998,98.279999,84.076965,8734000
2015-07-28,98.889999,99.230003,98.419998,99.019997,84.710014,7757500
2015-07-29,99.260002,100.050003,99.050003,99.730003,85.317421,7853500
2015-07-30,99.800003,100.000000,99.379997,99.839996,85.411522,5517400
2015-07-31,100.339996,100.980003,99.959999,100.209999,85.728050,6216800
2015-08-03,100.000000,100.209999,99.230003,100.019997,85.565514,6172500
2015-08-04,100.410004,100.500000,99.650002,99.800003,85.377289,6005300
2015-08-05,100.570000,101.000000,100.349998,100.519997,85.993233,4571300
2015-08-06,100.489998,100.599998,99.010002,99.070000,84.752800,6988000
2015-08-07,99.019997,99.070000,98.160004,98.849998,84.564583,6027900
2015-08-10,99.570000,100.059998,99.449997,99.790001,85.368759,6133500
2015-08-11,99.050003,99.339996,98.769997,99.010002,84.701485,6682600
2015-08-12,98.400002,98.730003,97.410004,98.709999,84.444832,7462400
2015-08-13,98.739998,98.980003,98.150002,98.480003,84.248062,5048000
2015-08-14,98.330002,98.830002,97.870003,98.809998,84.530365,5177300
2015-08-17,98.440002,99.879997,98.059998,99.870003,85.437180,6901800
2015-08-18,99.239998,99.680000,99.019997,99.370003,85.009445,7618800
2015-08-19,99.180000,99.989998,98.779999,99.309998,84.958122,7642400
2015-08-20,98.949997,100.120003,98.790001,98.790001,84.513268,10620400
2015-08-21,97.220001,98.519997,95.510002,95.559998,82.375435,16141500
2015-08-24,91.080002,95.209999,81.790001,92.820000,80.013474,25636300
2015-08-25,95.690002,95.699997,90.400002,90.730003,78.211823,15671100
2015-08-26,92.910004,95.220001,91.459999,95.110001,81.987511,14738300
2015-08-27,96.099998,96.400002,94.349998,96.220001,82.944382,11131200
2015-08-28,95.930000,96.290001,94.379997,95.169998,82.039230,9200300
2015-08-31,94.879997,95.169998,93.580002,93.980003,81.013420,9083500
2015-09-01,92.290001,92.889999,91.459999,92.089996,79.384186,14593500
2015-09-02,93.169998,93.470001,92.500000,93.349998,80.470345,11517400
2015-09-03,93.660004,94.089996,92.260002,92.639999,79.858299,9027200
2015-09-04,91.580002,91.879997,90.570000,91.309998,78.711792,10996800
2015-09-08,93.089996,93.980003,92.510002,93.940002,80.978920,11394100
2015-09-09,94.989998,95.160004,92.029999,92.220001,79.496262,7384500
2015-09-10,92.110001,93.480003,91.620003,92.720001,79.927261,8359500
2015-09-11,92.440002,93.000000,91.800003,92.930000,80.108292,7381300
2015-09-14,92.900002,93.910004,92.510002,93.320000,80.444481,7948700
2015-09-15,93.790001,94.750000,93.190002,94.400002,81.375481,7030700
2015-09-16,94.489998,94.820000,93.820000,94.610001,81.556496,5630400
2015-09-17,94.529999,96.190002,94.320000,94.839996,81.754753,8258000
2015-09-18,94.080002,94.720001,93.250000,93.389999,80.504837,14211100
2015-09-21,93.870003,94.599998,92.370003,93.129997,80.280693,7053700
2015-09-22,92.260002,93.440002,91.879997,93.239998,80.375504,10618700
2015-09-23,93.209999,93.699997,92.559998,92.989998,80.159996,5609300
2015-09-24,92.519997,92.940002,91.779999,92.480003,79.720390,7407600
2015-09-25,92.930000,93.129997,90.760002,91.000000,78.444572,10794400
2015-09-28,90.699997,92.070000,89.900002,91.370003,78.763550,14332800
2015-09-29,92.239998,93.839996,91.830002,93.040001,80.203125,11520000
2015-09-30,94.129997,94.470001,92.589996,93.349998,80.470345,10970100
2015-10-01,93.430000,93.849998,91.760002,93.169998,80.315170,9675900
2015-10-02,92.139999,93.970001,91.839996,93.930000,80.970329,8368100
2015-10-05,94.190002,94.820000,94.080002,94.760002,81.685791,9419200
2015-10-06,94.519997,94.660004,92.580002,93.419998,80.530693,8365200
2015-10-07,94.260002,95.419998,93.440002,94.980003,81.875450,9397300
2015-10-08,94.709999,95.199997,93.809998,95.080002,81.961670,7090700
2015-10-09,95.139999,95.959999,94.779999,95.370003,82.211647,8259700
2015-10-12,95.070000,96.470001,94.980003,95.989998,82.746094,8957900
2015-10-13,94.790001,96.230003,94.309998,95.449997,82.280602,12761900
2015-10-14,95.209999,95.959999,94.120003,94.529999,81.487549,8881900
2015-10-15,95.000000,97.349998,94.860001,97.150002,83.746063,9561900
2015-10-16,97.870003,98.309998,97.400002,98.239998,84.685677,9495300
2015-10-19,98.050003,98.199997,97.309998,97.940002,84.427055,8725400
2015-10-20,97.949997,98.250000,97.309998,97.589996,84.125336,6041800
2015-10-21,97.639999,98.220001,97.070000,97.629997,84.159843,7059800
2015-10-22,97.849998,99.809998,97.129997,99.529999,85.797668,9887900
2015-10-23,99.879997,100.879997,99.529999,100.309998,86.470062,9178900
2015-10-26,100.050003,100.279999,99.489998,99.940002,86.151131,7561600
2015-10-27,99.919998,100.900002,99.699997,100.190002,86.366615,8883200
2015-10-28,100.449997,100.480003,99.500000,100.480003,86.616608,7256300
2015-10-29,100.470001,101.529999,100.120003,101.370003,87.383820,6340700
2015-10-30,101.529999,102.120003,101.010002,101.029999,87.090729,10520300
2015-11-02,101.180000,102.339996,100.839996,102.169998,88.073441,6297900
2015-11-03,101.839996,102.300003,101.110001,101.959999,87.892403,6229200
2015-11-04,101.900002,102.389999,101.690002,101.940002,87.875175,5592300
2015-11-05,102.250000,102.489998,101.419998,102.330002,88.211357,6545600
2015-11-06,101.570000,101.919998,100.860001,101.919998,87.857918,6221100
2015-11-09,101.389999,101.589996,100.550003,100.839996,86.926933,6625900
2015-11-10,101.000000,101.760002,100.680000,101.449997,87.452782,5114200
2015-11-11,101.779999,102.360001,101.500000,101.860001,87.806213,6284700
2015-11-12,101.139999,101.610001,100.220001,100.269997,86.435577,6918700
2015-11-13,100.040001,100.940002,99.739998,99.879997,86.099388,8517500
2015-11-16,100.379997,101.290001,100.040001,101.220001,87.254524,5755800
2015-11-17,100.379997,101.709999,100.379997,101.500000,87.495880,5124000
2015-11-18,101.529999,102.800003,101.309998,102.669998,88.504456,7148400
2015-11-19,102.660004,102.680000,102.059998,102.489998,88.349281,5164500
2015-11-20,102.489998,102.800003,102.199997,102.480003,88.991890,7671500
2015-11-23,102.389999,103.000000,102.190002,102.769997,89.243721,6730600
2015-11-24,101.809998,102.790001,101.809998,102.040001,88.609810,7492400
2015-11-25,102.169998,102.330002,101.959999,101.959999,88.540321,5400800
2015-11-27,102.279999,102.620003,101.790001,102.370003,88.896378,2353800
2015-11-30,102.480003,102.480003,101.239998,101.239998,87.915092,8983700
2015-12-01,101.730003,102.489998,101.120003,102.360001,88.887672,7545700
2015-12-02,102.500000,102.930000,101.989998,102.050003,88.618484,6623500
2015-12-03,102.269997,102.370003,100.309998,100.790001,87.524323,12008700
2015-12-04,101.400002,103.000000,101.279999,102.949997,89.400040,7845400
2015-12-07,102.610001,103.489998,102.599998,103.320000,89.721336,7262900
2015-12-08,102.980003,103.239998,101.910004,102.419998,88.939789,8005400
2015-12-09,102.139999,103.339996,101.669998,102.150002,88.705322,7947000
2015-12-10,102.300003,103.339996,101.800003,102.639999,89.130844,6479300
2015-12-11,102.370003,102.370003,101.430000,101.680000,88.297188,7796500
2015-12-14,101.650002,102.290001,100.779999,102.150002,88.705322,10641500
2015-12-15,102.650002,104.690002,102.650002,104.129997,90.424706,9283200
2015-12-16,104.639999,105.489998,103.519997,105.250000,91.397301,8178800
2015-12-17,105.160004,105.260002,103.629997,103.639999,89.999199,8740800
2015-12-18,103.080002,103.080002,101.949997,101.949997,88.531639,14966000
2015-12-21,102.339996,102.919998,100.849998,101.580002,88.210335,8321900
2015-12-22,101.910004,102.879997,101.150002,102.709999,89.191605,5581600
2015-12-23,103.110001,103.669998,102.739998,103.489998,89.868965,5531700
2015-12-24,103.120003,103.910004,103.010002,103.720001,90.068680,2546300
2015-12-28,103.180000,103.470001,102.930000,103.220001,89.634483,4063000
2015-12-29,103.339996,104.190002,103.339996,104.029999,90.337868,4230000
2015-12-30,104.110001,104.339996,103.529999,103.779999,90.120789,3847800
2015-12-31,103.370003,103.620003,102.690002,102.720001,89.200287,4592600
2016-01-04,101.709999,101.809998,99.449997,100.480003,87.255112,12722800
2016-01-05,100.580002,101.440002,100.570000,100.900002,87.619850,6467200
2016-01-06,99.820000,100.970001,99.599998,100.389999,87.176971,7733800
2016-01-07,99.309998,100.089996,98.879997,99.220001,86.160973,9433100
2016-01-08,99.879997,99.940002,97.849998,98.160004,85.240479,9766700
2016-01-11,98.239998,98.629997,96.080002,97.570000,84.728134,8151400
2016-01-12,97.989998,98.629997,97.239998,98.239998,85.309944,6745000
2016-01-13,98.489998,98.980003,96.839996,97.019997,84.250519,8290700
2016-01-14,97.099998,99.470001,97.000000,98.889999,85.874390,10164300
2016-01-15,96.370003,98.000000,96.250000,97.000000,84.233139,12662200
2016-01-19,97.930000,98.410004,96.900002,97.500000,84.667351,12457800
2016-01-20,96.110001,97.279999,94.529999,95.750000,83.147667,12685200
2016-01-21,95.769997,96.639999,94.279999,95.940002,83.312675,11266400
2016-01-22,97.019997,97.089996,95.949997,96.750000,84.016060,8380000
2016-01-25,96.720001,97.690002,96.040001,96.400002,83.712135,9350200
2016-01-26,97.260002,101.339996,97.139999,101.180000,87.862999,17266600
2016-01-27,100.489998,103.379997,100.489998,102.160004,88.714005,19330500
2016-01-28,102.500000,103.040001,101.849998,102.269997,88.809517,12789500
2016-01-29,102.889999,104.750000,102.629997,104.440002,90.693916,15614600
2016-02-01,103.610001,104.790001,103.220001,104.370003,90.633141,9803700
2016-02-02,103.300003,104.260002,103.000000,103.410004,89.799492,10616300
2016-02-03,103.650002,104.379997,102.010002,104.139999,90.433403,10168600
2016-02-04,103.610001,104.089996,102.730003,103.900002,90.224991,10389000
2016-02-05,102.660004,102.769997,99.779999,100.540001,87.307228,15522200
2016-02-08,100.309998,103.510002,100.220001,102.000000,88.575073,14323800
2016-02-09,101.309998,102.239998,100.970001,101.970001,88.549019,10044500
2016-02-10,102.050003,102.910004,101.370003,101.730003,88.340607,9833100
2016-02-11,100.459999,102.019997,99.980003,101.699997,88.314552,12465800
2016-02-12,101.820000,101.980003,100.720001,101.820000,88.418770,9035000
2016-02-16,102.370003,103.050003,101.650002,102.320000,88.852943,10452800
2016-02-17,102.750000,103.239998,102.230003,102.500000,89.009254,8904000
2016-02-18,102.830002,104.680000,102.500000,104.239998,90.520241,10744600
2016-02-19,103.580002,104.680000,103.379997,104.160004,91.106270,9343300
2016-02-22,104.160004,104.750000,104.050003,104.750000,91.622322,6947000
2016-02-23,104.650002,104.790001,103.959999,104.080002,91.036308,6629200
2016-02-24,103.339996,105.080002,102.970001,104.959999,91.806007,9076100
2016-02-25,104.949997,106.389999,104.769997,106.379997,93.048058,8092500
2016-02-26,106.820000,106.919998,105.419998,105.779999,92.523232,9049400
2016-02-29,105.279999,106.199997,105.040001,105.209999,92.024681,10111100
2016-03-01,105.900002,107.239998,105.440002,107.220001,93.782799,8298500
2016-03-02,106.910004,107.410004,106.430000,107.040001,93.625351,9767000
2016-03-03,106.820000,107.000000,105.629997,106.650002,93.284225,6927200
2016-03-04,106.510002,106.980003,106.070000,106.500000,93.153008,6715700
2016-03-07,106.000000,106.919998,105.489998,106.739998,93.362938,6973500
2016-03-08,106.519997,106.769997,105.970001,106.220001,92.908112,7632900
2016-03-09,106.839996,107.019997,106.089996,106.839996,93.450401,7564200
2016-03-10,106.989998,107.480003,106.070000,107.139999,93.712814,10474700
2016-03-11,107.500000,107.989998,107.209999,107.709999,94.211357,7763800
2016-03-14,107.919998,108.300003,107.309998,107.660004,94.167648,7242800
2016-03-15,107.620003,108.349998,106.760002,107.760002,94.255119,8476600
2016-03-16,107.730003,107.779999,106.879997,107.410004,93.948959,7065100
2016-03-17,107.470001,107.599998,106.449997,106.739998,93.362938,8571100
2016-03-18,106.989998,107.839996,106.360001,107.500000,94.027695,14758300
2016-03-21,107.410004,107.750000,106.550003,107.279999,93.835266,7674700
2016-03-22,107.279999,107.629997,107.050003,107.379997,93.922729,7821700
2016-03-23,107.290001,108.830002,107.199997,108.500000,94.902367,8191300
2016-03-24,108.220001,108.610001,107.750000,108.309998,94.736198,6284500
2016-03-28,108.410004,108.900002,108.059998,108.230003,94.666206,4738100
2016-03-29,108.300003,109.250000,107.739998,109.139999,95.462158,6612800
2016-03-30,109.449997,109.559998,108.930000,108.980003,95.322227,5248200
2016-03-31,108.860001,108.980003,108.040001,108.199997,94.639938,8167700
2016-04-01,108.000000,109.290001,107.690002,109.190002,95.505913,9043200
2016-04-04,108.820000,109.099998,108.260002,108.589996,94.981087,10668900
2016-04-05,108.230003,109.839996,108.010002,108.949997,95.295975,7939000
2016-04-06,108.720001,109.500000,107.879997,109.419998,95.707069,6828700
2016-04-07,109.000000,109.620003,108.629997,109.269997,95.575867,7822900
2016-04-08,109.370003,109.639999,108.760002,109.099998,95.427200,6301600
2016-04-11,109.150002,109.620003,108.650002,108.970001,95.313477,6823900
2016-04-12,109.000000,110.239998,108.750000,109.599998,95.864510,8412300
2016-04-13,110.000000,110.349998,109.309998,109.870003,96.100693,5758300
2016-04-14,110.000000,110.290001,109.449997,109.839996,96.074432,4457100
2016-04-15,110.070000,110.400002,109.500000,110.180000,96.371826,10057900
2016-04-18,110.000000,111.099998,109.669998,110.930000,97.027832,7772500
2016-04-19,111.650002,113.949997,111.480003,112.680000,98.558510,10526400
2016-04-20,113.190002,114.190002,113.050003,113.580002,99.345726,8213400
2016-04-21,113.309998,113.730003,112.769997,113.570000,99.336983,7884500
2016-04-22,113.430000,113.750000,112.830002,113.320000,99.118294,7508700
2016-04-25,113.309998,113.550003,112.480003,113.510002,99.284508,6139900
2016-04-26,113.449997,113.559998,112.650002,112.910004,98.759705,5853600
2016-04-27,112.959999,113.199997,112.459999,112.769997,98.637230,5759300
2016-04-28,112.099998,112.709999,111.639999,112.480003,98.383583,6640000
2016-04-29,112.059998,112.220001,111.510002,112.080002,98.033699,7774500
2016-05-02,112.220001,112.790001,111.930000,112.750000,98.619743,5178800
2016-05-03,112.559998,113.099998,112.120003,112.690002,98.567253,7554500
2016-05-04,112.040001,112.540001,111.699997,112.220001,98.156151,5214600
2016-05-05,112.080002,113.099998,112.040001,112.879997,98.733444,5404300
2016-05-06,112.580002,113.050003,112.279999,112.739998,98.611000,6099900
2016-05-09,112.980003,113.989998,112.730003,113.720001,99.468178,6512700
2016-05-10,114.000000,115.000000,113.919998,114.669998,100.299126,8356400
2016-05-11,114.570000,114.760002,114.309998,114.370003,100.036720,6680700
2016-05-12,114.500000,114.760002,113.540001,114.230003,99.914284,7156300
2016-05-13,113.900002,114.089996,113.360001,113.559998,99.328247,6779900
2016-05-16,113.389999,114.629997,113.309998,114.440002,100.097961,6222900
2016-05-17,114.540001,114.559998,113.239998,113.830002,99.564377,9233900
2016-05-18,113.610001,114.029999,112.879997,113.589996,99.354469,8267900
2016-05-19,112.989998,113.040001,112.199997,112.849998,98.707222,8232200
2016-05-20,112.199997,112.919998,111.760002,112.639999,99.226952,7435200
2016-05-23,112.769997,112.820000,112.040001,112.160004,98.804131,6462300
2016-05-24,112.519997,113.500000,112.519997,112.690002,99.270988,6125300
2016-05-25,113.180000,113.730003,112.849998,113.349998,99.852409,5453800
2016-05-26,113.110001,113.320000,112.849998,112.900002,99.455994,3973600
2016-05-27,113.040001,113.339996,112.690002,113.059998,99.596939,4647000
2016-05-31,113.260002,113.629997,112.320000,112.690002,99.270988,10104700
2016-06-01,112.690002,113.059998,112.070000,112.779999,99.350281,4748900
2016-06-02,112.870003,114.650002,112.860001,114.489998,100.856659,7310800
2016-06-03,114.470001,115.389999,114.120003,114.760002,101.094513,6881700
2016-06-06,114.970001,116.000000,114.930000,115.769997,101.984230,6349400
2016-06-07,116.010002,116.230003,115.449997,115.730003,101.949013,6417400
2016-06-08,115.519997,115.949997,115.410004,115.800003,102.010651,5863800
2016-06-09,115.779999,117.190002,115.610001,117.000000,103.067772,7375500
2016-06-10,116.739998,117.230003,116.360001,117.010002,103.076591,6067400
2016-06-13,117.129997,117.639999,116.790001,116.790001,102.882790,7940900
2016-06-14,116.449997,117.180000,116.300003,117.120003,103.173477,6378400
2016-06-15,117.639999,117.739998,116.339996,116.410004,102.548035,6371400
2016-06-16,115.690002,116.889999,115.220001,116.639999,102.750648,6664300
2016-06-17,116.620003,116.669998,115.010002,115.480003,101.728767,10702200
2016-06-20,116.599998,117.139999,116.430000,116.540001,102.662560,5588200
2016-06-21,116.989998,117.150002,116.180000,116.180000,102.345428,5493500
2016-06-22,116.540001,117.209999,116.309998,116.459999,102.592064,5833800
2016-06-23,117.199997,117.379997,116.680000,117.379997,103.402519,6775900
2016-06-24,115.070000,117.120003,115.000000,115.629997,101.860909,13939500
2016-06-27,115.000000,116.639999,115.000000,116.550003,102.671356,10877400
2016-06-28,117.169998,118.370003,116.550003,118.230003,104.151314,10089600
2016-06-29,118.839996,119.410004,118.099998,119.330002,105.120323,8341500
2016-06-30,119.180000,121.410004,119.160004,121.300003,106.855759,11559900
2016-07-01,121.300003,121.540001,120.790001,121.290001,106.846931,7051400
2016-07-05,121.360001,123.230003,121.339996,122.269997,107.710220,9334100
2016-07-06,121.930000,122.660004,121.540001,122.639999,108.036179,9332400
2016-07-07,122.589996,122.809998,122.010002,122.510002,107.921646,6058700
2016-07-08,123.000000,123.099998,121.959999,122.849998,108.221169,6129900
2016-07-11,122.709999,123.449997,122.410004,122.930000,108.291618,6711600
2016-07-12,122.650002,123.199997,122.610001,122.919998,108.282822,6415900
2016-07-13,122.680000,123.400002,122.300003,123.000000,108.353294,5230800
2016-07-14,122.980003,123.739998,122.910004,123.180000,108.511871,5322700
2016-07-15,123.769997,124.300003,122.709999,123.000000,108.353294,7192800
2016-07-18,123.000000,123.220001,122.440002,123.139999,108.476624,6599200
2016-07-19,124.779999,125.750000,123.339996,125.250000,110.335388,11325700
2016-07-20,125.839996,126.070000,125.040001,125.139999,110.238457,7334600
2016-07-21,125.209999,125.739998,124.889999,125.150002,110.247284,5492600
2016-07-22,125.120003,125.349998,124.650002,125.029999,110.141563,5839200
2016-07-25,125.070000,125.129997,124.139999,124.889999,110.018250,4880600
2016-07-26,125.029999,125.550003,124.750000,125.150002,110.247284,5589900
2016-07-27,125.099998,125.230003,124.339996,124.769997,109.912529,4812600
2016-07-28,124.980003,125.000000,124.410004,124.459999,109.639450,4320400
2016-07-29,124.339996,125.320000,124.339996,125.230003,110.317757,7020900
2016-08-01,125.309998,125.709999,125.099998,125.400002,110.467506,4615100
2016-08-02,125.650002,125.900002,124.480003,124.849998,109.983009,7158700
2016-08-03,125.000000,125.000000,123.690002,123.900002,109.146126,5310600
2016-08-04,124.239998,124.389999,123.639999,123.860001,109.110893,4728200
2016-08-05,124.379997,124.379997,123.760002,124.239998,109.445641,5146900
2016-08-08,124.000000,124.150002,123.230003,123.650002,108.925903,5232500
2016-08-09,123.910004,124.000000,123.330002,123.430000,108.732094,3941500
2016-08-10,123.589996,123.779999,123.239998,123.360001,108.670441,4333500
2016-08-11,123.849998,124.139999,123.470001,123.769997,109.031624,4052000
2016-08-12,123.470001,123.769997,122.949997,123.220001,108.547112,4234800
2016-08-15,123.120003,123.269997,122.279999,122.309998,107.745461,6469500
2016-08-16,122.110001,122.320000,120.059998,120.330002,106.001236,11289100
2016-08-17,120.500000,121.330002,119.849998,121.309998,106.864540,10442800
2016-08-18,121.169998,121.389999,119.900002,120.720001,106.344803,8728000
2016-08-19,119.910004,119.989998,119.320000,119.919998,106.344803,7798300
2016-08-22,119.900002,119.900002,118.949997,119.129997,105.644218,6544900
2016-08-23,119.669998,119.959999,119.019997,119.440002,105.919128,5603200
2016-08-24,119.480003,119.610001,118.620003,118.709999,105.271767,6303900
2016-08-25,118.860001,119.209999,118.330002,118.570000,105.147606,5566000
2016-08-26,118.839996,119.739998,118.559998,119.040001,105.564415,6482700
2016-08-29,119.300003,120.129997,119.059998,119.919998,106.344803,5074900
2016-08-30,120.669998,120.669998,119.260002,119.470001,105.945747,3820500
2016-08-31,119.540001,119.620003,119.010002,119.339996,105.830444,5693100
2016-09-01,119.190002,119.389999,118.599998,119.080002,105.599899,4551800
2016-09-02,119.360001,119.809998,118.900002,119.320000,105.812721,5806400
2016-09-06,119.779999,119.970001,119.360001,119.750000,106.194046,5280700
2016-09-07,119.839996,119.949997,119.440002,119.610001,106.069885,4753800
2016-09-08,119.370003,119.820000,119.139999,119.470001,105.945747,4833000
2016-09-09,119.029999,119.160004,118.180000,118.230003,104.846115,7957300
2016-09-12,117.760002,119.449997,117.379997,119.160004,105.670853,7239800
2016-09-13,118.419998,118.830002,117.489998,117.610001,104.296303,7957900
2016-09-14,117.849998,118.330002,117.459999,117.860001,104.517990,6124900
2016-09-15,117.809998,118.940002,117.320000,118.629997,105.200836,5812100
2016-09-16,118.510002,119.139999,118.120003,118.250000,104.863853,12408800
2016-09-19,118.360001,118.660004,117.639999,117.660004,104.340630,5457600
2016-09-20,118.169998,118.239998,117.690002,117.949997,104.597801,5187700
2016-09-21,117.949997,119.000000,117.639999,118.910004,105.449150,6337300
2016-09-22,119.250000,119.839996,119.139999,119.459999,105.936867,5340500
2016-09-23,119.410004,119.599998,118.709999,118.809998,105.360451,4773000
2016-09-26,118.629997,118.639999,117.559998,117.779999,104.447044,5998900
2016-09-27,118.389999,119.220001,117.720001,119.220001,105.724045,5349500
2016-09-28,119.050003,119.519997,118.809998,119.389999,105.874794,5076100
2016-09-29,118.879997,119.269997,117.040001,117.269997,103.994789,6190200
2016-09-30,117.779999,118.620003,117.389999,118.129997,104.757431,7941100
2016-10-03,118.000000,119.010002,117.430000,118.809998,105.360451,6098600
2016-10-04,118.839996,119.480003,118.279999,118.820000,105.369316,5733900
2016-10-05,119.220001,119.440002,118.599998,119.180000,105.688583,5778700
2016-10-06,118.500000,118.849998,117.919998,118.750000,105.307251,4448500
2016-10-07,119.169998,119.570000,118.690002,119.239998,105.741760,4799300
2016-10-10,119.510002,120.199997,119.349998,119.800003,106.238373,3657000
2016-10-11,119.410004,119.629997,117.059998,117.639999,104.322899,6394200
2016-10-12,117.959999,118.430000,117.500000,117.970001,104.615555,4685200
2016-10-13,117.540001,119.199997,117.279999,118.260002,104.872719,7387400
2016-10-14,118.500000,118.800003,117.559998,117.559998,104.251968,5640500
2016-10-17,117.500000,118.550003,117.500000,118.489998,105.076668,6956400
2016-10-18,117.379997,118.480003,115.160004,115.410004,102.345360,12598300
2016-10-19,115.570000,115.889999,114.459999,114.589996,101.618164,7400900
2016-10-20,114.830002,115.699997,114.589996,114.870003,101.866463,6973000
2016-10-21,114.110001,114.239998,112.989998,113.440002,100.598358,8422000
2016-10-24,113.930000,114.190002,113.440002,113.610001,100.749107,6141900
2016-10-25,113.639999,114.160004,113.089996,113.959999,101.059502,5595000
2016-10-26,113.639999,115.220001,113.599998,114.559998,101.591553,6429200
2016-10-27,114.980003,116.550003,114.790001,115.699997,102.602524,7548700
2016-10-28,115.820000,115.910004,114.570000,115.330002,102.274391,8813300
2016-10-31,115.279999,116.230003,114.500000,115.989998,102.859680,8552500
2016-11-01,114.760002,115.940002,114.629997,115.339996,102.283257,7591900
2016-11-02,115.519997,115.760002,114.830002,114.860001,101.857613,6591300
2016-11-03,114.879997,115.440002,114.750000,115.029999,102.008354,6227100
2016-11-04,115.040001,115.940002,115.040001,115.110001,102.079308,7160600
2016-11-07,115.889999,116.720001,115.839996,116.660004,103.453857,6398200
2016-11-08,116.480003,117.570000,116.470001,117.050003,103.799698,6675300
2016-11-09,120.000000,122.500000,118.099998,120.309998,106.690651,16220000
2016-11-10,120.769997,121.099998,119.019997,119.540001,106.007820,11904500
2016-11-11,119.489998,119.489998,118.129997,118.470001,105.058960,8134800
2016-11-14,118.580002,118.989998,116.500000,116.599998,103.400635,10054900
2016-11-15,116.400002,116.690002,115.820000,116.320000,103.152328,7446700
2016-11-16,116.650002,116.779999,116.080002,116.360001,103.187790,6594800
2016-11-17,116.680000,116.680000,116.120003,116.570000,103.374031,5730300
2016-11-18,115.790001,115.919998,114.809998,115.360001,103.007935,7717800
2016-11-21,115.440002,115.680000,114.800003,115.000000,102.686478,5843300
2016-11-22,114.589996,115.000000,112.269997,112.739998,100.668465,11649700
2016-11-23,112.250000,113.430000,111.559998,113.070000,100.963127,7892600
2016-11-25,113.599998,114.230003,113.379997,114.129997,101.909622,3433300
2016-11-28,113.790001,114.120003,113.050003,113.129997,101.016701,9065700
2016-11-29,112.949997,113.410004,112.169998,112.480003,100.436302,7799600
2016-11-30,112.190002,112.519997,111.300003,111.300003,99.382645,11178500
2016-12-01,111.360001,111.540001,111.000000,111.379997,99.454079,8143300
2016-12-02,111.720001,112.529999,111.440002,111.959999,99.971985,6167700
2016-12-05,112.400002,112.419998,111.730003,111.940002,99.954117,5451600
2016-12-06,112.239998,113.199997,111.849998,112.059998,100.061264,6530400
2016-12-07,111.889999,111.889999,109.320000,111.099998,99.204079,11761100
2016-12-08,110.540001,111.199997,109.930000,110.989998,99.105850,7774900
2016-12-09,111.410004,112.430000,111.199997,112.260002,100.239853,7672100
2016-12-12,112.690002,115.400002,112.580002,115.360001,103.007935,9544600
2016-12-13,115.529999,115.970001,115.010002,115.889999,103.481186,7051600
2016-12-14,116.120003,117.300003,114.580002,114.989998,102.677544,9378700
2016-12-15,115.330002,115.919998,114.889999,115.889999,103.481186,6738100
2016-12-16,116.410004,116.459999,115.459999,115.879997,103.472260,11291100
2016-12-19,116.070000,116.660004,115.940002,116.019997,103.597244,6310800
2016-12-20,115.980003,116.250000,114.910004,115.660004,103.275803,5715200
2016-12-21,116.199997,116.199997,114.739998,115.309998,102.963280,5907600
2016-12-22,115.000000,115.529999,113.879997,115.440002,103.079361,4602300
2016-12-23,115.400002,116.320000,115.300003,115.959999,103.543686,2992500
2016-12-27,115.889999,116.000000,115.379997,115.910004,103.499031,3232600
2016-12-28,115.879997,116.160004,115.050003,115.099998,102.775772,3278300
2016-12-29,115.230003,115.870003,115.010002,115.489998,103.123985,2993600
2016-12-30,115.800003,115.989998,114.980003,115.209999,102.873978,5506700
2017-01-03,115.779999,116.000000,115.230003,115.839996,103.436539,5953000
2017-01-04,115.500000,116.230003,115.309998,115.650002,103.266876,5828900
2017-01-05,116.000000,116.970001,115.440002,116.860001,104.347321,6217200
2017-01-06,116.669998,117.000000,115.760002,116.300003,103.847282,5221400
2017-01-09,116.349998,116.610001,115.889999,116.279999,103.829422,5457500
2017-01-10,116.029999,117.000000,115.870003,116.160004,103.722282,5312800
2017-01-11,116.080002,116.250000,114.019997,114.730003,102.445381,8887200
2017-01-12,114.269997,114.730003,113.370003,114.620003,102.347160,6627300
2017-01-13,114.940002,115.019997,114.440002,114.599998,102.329300,4935200
2017-01-17,113.940002,115.050003,113.669998,114.870003,102.570389,6255400
2017-01-18,114.870003,115.099998,114.410004,114.699997,102.418610,5014600
2017-01-19,114.680000,114.900002,113.919998,114.199997,101.972122,5540800
2017-01-20,114.489998,115.029999,114.080002,114.150002,101.927490,7502400
2017-01-23,114.510002,114.769997,113.800003,113.910004,101.713188,7989800
2017-01-24,112.910004,113.300003,111.150002,111.760002,99.793396,12450300
2017-01-25,111.930000,112.800003,110.760002,112.800003,100.722046,9385500
2017-01-26,112.000000,112.839996,111.599998,111.839996,99.864815,10164300
2017-01-27,112.000000,113.540001,111.900002,113.379997,101.239937,8886100
2017-01-30,113.400002,113.599998,112.849998,113.129997,101.016701,6969400
2017-01-31,112.790001,113.400002,112.430000,113.250000,101.123863,8713400
2017-02-01,112.480003,113.320000,112.470001,113.230003,101.105995,7082300
2017-02-02,112.820000,113.620003,112.769997,113.570000,101.409592,7826300
2017-02-03,113.500000,113.660004,112.660004,113.639999,101.472099,7267600
2017-02-06,113.459999,113.589996,112.620003,113.400002,101.257790,6178400
2017-02-07,113.599998,113.620003,113.050003,113.480003,101.329239,5507900
2017-02-08,113.300003,113.690002,113.150002,113.400002,101.257790,5272000
2017-02-09,113.400002,114.650002,113.400002,114.080002,101.864975,5854600
2017-02-10,114.320000,115.989998,114.230003,115.239998,102.900772,6438500
2017-02-13,115.279999,116.120003,115.220001,115.879997,103.472260,5710800
2017-02-14,115.440002,116.400002,115.320000,116.360001,103.900841,5539100
2017-02-15,115.900002,117.459999,115.589996,117.199997,104.650887,5979700
2017-02-16,117.000000,118.279999,117.000000,118.080002,105.436668,7119300
2017-02-17,118.190002,118.900002,118.050003,118.860001,106.133156,8691400
2017-02-21,118.400002,119.889999,118.320000,119.660004,106.847511,8595100
2017-02-22,119.279999,119.769997,119.250000,119.519997,106.722488,5103900
2017-02-23,119.519997,121.900002,119.480003,121.699997,108.669075,9980900
2017-02-24,121.500000,122.739998,120.900002,122.730003,110.313957,10835000
2017-02-27,122.129997,122.879997,122.099998,122.400002,110.017334,5946200
2017-02-28,122.010002,122.650002,121.940002,122.209999,109.846542,8885500
2017-03-01,122.489998,124.449997,122.419998,123.860001,111.329620,9393900
2017-03-02,123.750000,124.360001,123.019997,123.629997,111.122887,6950200
2017-03-03,123.629997,123.930000,123.230003,123.790001,111.266708,5585200
2017-03-06,123.010002,124.430000,122.599998,123.709999,111.194801,6670700
2017-03-07,122.580002,124.459999,122.389999,123.830002,111.302673,6644000
2017-03-08,123.750000,124.680000,123.500000,124.099998,111.545349,7909900
2017-03-09,124.580002,126.209999,124.169998,125.949997,113.208183,8571100
2017-03-10,126.040001,126.489998,125.540001,126.209999,113.441887,7395400
2017-03-13,125.830002,126.949997,125.790001,126.680000,113.864342,7162500
2017-03-14,126.860001,127.750000,126.769997,127.050003,114.196922,7679700
2017-03-15,127.050003,129.000000,126.599998,128.960007,115.913689,8360600
2017-03-16,128.440002,128.699997,127.769997,128.460007,115.464287,7610700
2017-03-17,128.449997,128.940002,127.949997,128.059998,115.104729,13300800
2017-03-20,128.039993,128.419998,127.970001,128.070007,115.113739,5827500
2017-03-21,128.380005,128.449997,127.139999,127.250000,114.376678,7578600
2017-03-22,127.050003,127.650002,126.209999,126.260002,113.486832,10272700
2017-03-23,126.099998,127.000000,125.660004,125.900002,113.163254,8508100
2017-03-24,125.860001,126.360001,125.129997,125.480003,112.785736,6490300
2017-03-27,125.160004,126.139999,125.150002,125.800003,113.073372,5004300
2017-03-28,125.620003,125.779999,124.779999,125.660004,112.947525,5287600
2017-03-29,125.050003,125.330002,124.360001,124.919998,112.282387,3971800
2017-03-30,124.739998,125.430000,124.279999,124.660004,112.048691,4711700
2017-03-31,124.110001,124.830002,124.029999,124.550003,111.949829,5657600
2017-04-03,124.730003,125.309998,124.279999,124.690002,112.075661,4956400
2017-04-04,124.510002,124.769997,124.220001,124.680000,112.066681,5358500
2017-04-05,124.720001,125.599998,124.410004,124.800003,112.174545,5646300
2017-04-06,124.849998,125.459999,124.500000,125.050003,112.399246,4324200
2017-04-07,125.120003,125.470001,124.830002,124.919998,112.282387,3615100
2017-04-10,124.870003,124.949997,124.230003,124.339996,111.761047,4594200
2017-04-11,124.260002,124.790001,123.949997,124.220001,111.653214,4161500
2017-04-12,124.540001,125.459999,124.360001,125.400002,112.713821,5556600
2017-04-13,125.129997,125.650002,124.959999,124.989998,112.345306,5396500
2017-04-17,125.019997,125.809998,124.930000,125.720001,113.001472,5367500
2017-04-18,123.180000,123.370003,120.949997,121.820000,109.496017,13485700
2017-04-19,122.099998,122.279999,121.110001,121.370003,109.091545,6993100
2017-04-20,121.860001,122.150002,121.349998,121.870003,109.540947,6330100
2017-04-21,121.779999,122.040001,121.540001,121.760002,109.442078,6021700
2017-04-24,122.519997,123.209999,122.150002,122.889999,110.457756,5679000
2017-04-25,123.339996,123.750000,123.010002,123.430000,110.943123,5090000
2017-04-26,123.790001,124.260002,123.480003,123.510002,111.015038,5021800
2017-04-27,123.580002,124.309998,123.400002,123.739998,111.221771,4225200
2017-04-28,123.849998,123.900002,123.129997,123.470001,110.979073,4381800
2017-05-01,123.400002,123.779999,123.000000,123.339996,110.862236,4556400
2017-05-02,123.519997,123.739998,122.889999,123.699997,111.185814,4881600
2017-05-03,123.589996,123.699997,123.040001,123.330002,110.853233,3736500
2017-05-04,123.690002,123.949997,123.230003,123.949997,111.410515,3753700
2017-05-05,123.800003,123.800003,122.860001,123.510002,111.015038,4139800
2017-05-08,123.529999,123.800003,123.019997,123.250000,110.781342,3608600
2017-05-09,123.230003,123.470001,122.879997,123.209999,110.745384,3762500
2017-05-10,122.910004,123.059998,122.379997,122.809998,110.385849,4237400
2017-05-11,122.500000,123.209999,122.339996,123.199997,110.736389,4095900
2017-05-12,123.110001,124.099998,123.010002,123.639999,111.131882,4097100
2017-05-15,124.410004,127.360001,124.330002,126.989998,114.142982,9854600
2017-05-16,127.339996,128.369995,127.059998,127.769997,114.844063,7233800
2017-05-17,127.769997,127.889999,126.449997,126.669998,113.855354,6480800
2017-05-18,126.459999,127.870003,125.959999,126.970001,114.125008,6571300
2017-05-19,127.029999,127.389999,126.440002,127.000000,114.151978,6957200
2017-05-22,126.629997,127.650002,126.629997,127.260002,114.385666,4858200
2017-05-23,127.309998,128.149994,127.309998,127.519997,114.619362,3972500
2017-05-24,127.790001,128.000000,127.290001,127.510002,114.610390,3965200
2017-05-25,126.739998,127.620003,126.330002,127.529999,115.388496,5294300
2017-05-26,127.230003,127.669998,126.830002,126.919998,114.836571,4005200
2017-05-30,126.699997,127.389999,126.190002,127.110001,115.008484,3665400
2017-05-31,127.349998,128.800003,127.349998,128.250000,116.039963,8813500
2017-06-01,128.320007,128.779999,128.119995,128.779999,116.519508,5790900
2017-06-02,129.050003,130.139999,128.830002,130.080002,117.695740,6562600
2017-06-05,129.970001,130.520004,129.800003,130.360001,117.949066,4634700
2017-06-06,130.179993,131.330002,130.029999,130.830002,118.374321,5619100
2017-06-07,131.000000,131.479996,130.580002,130.750000,118.301926,5765200
2017-06-08,130.750000,131.399994,129.960007,130.550003,118.120979,8101700
2017-06-09,130.369995,131.699997,130.309998,131.529999,119.007675,5992500
2017-06-12,131.529999,131.830002,131.419998,131.820007,119.270073,8020700
2017-06-13,131.750000,132.729996,131.399994,132.020004,119.451042,5733800
2017-06-14,132.509995,133.559998,132.509995,132.770004,120.129639,7329400
2017-06-15,132.000000,133.350006,131.809998,133.039993,120.373909,5265000
2017-06-16,133.720001,134.600006,133.039993,134.350006,121.559219,12639600
2017-06-19,134.149994,134.679993,133.490005,134.070007,121.305847,7488700
2017-06-20,133.899994,134.759995,133.899994,134.220001,121.441589,5201200
2017-06-21,134.289993,135.110001,134.020004,134.910004,122.065895,5841100
2017-06-22,135.449997,137.000000,135.270004,136.050003,123.097351,7311000
2017-06-23,135.449997,136.509995,135.320007,136.429993,123.441170,9007100
2017-06-26,136.479996,136.899994,136.199997,136.339996,123.359741,5561800
2017-06-27,136.500000,136.729996,134.990005,135.009995,122.156349,6120500
2017-06-28,135.949997,136.199997,133.570007,133.820007,121.079643,6557900
2017-06-29,133.399994,133.729996,132.309998,132.639999,120.011993,5750000
2017-06-30,132.699997,133.199997,132.279999,132.289993,119.695328,5264400
2017-07-03,132.789993,133.320007,132.649994,132.899994,120.247269,2931000
2017-07-05,132.979996,134.059998,132.419998,133.639999,120.916794,4302700
2017-07-06,133.610001,133.970001,132.410004,132.520004,119.903450,4282200
2017-07-07,132.910004,133.000000,131.690002,132.539993,119.921524,4994100
2017-07-10,132.740005,132.869995,131.229996,131.550003,119.025795,4019600
2017-07-11,131.429993,131.789993,130.479996,131.229996,118.736244,3733100
2017-07-12,132.039993,132.889999,131.770004,132.229996,119.641022,5053200
2017-07-13,132.100006,132.220001,130.990005,131.860001,119.306267,4424400
2017-07-14,132.000000,133.000000,131.740005,132.600006,119.975807,4383100
2017-07-17,132.710007,132.929993,131.750000,132.149994,119.568634,4939400
2017-07-18,131.619995,134.949997,131.080002,134.460007,121.658722,10256000
2017-07-19,134.839996,135.410004,134.520004,135.210007,122.337334,5503300
2017-07-20,135.729996,137.080002,135.619995,136.570007,123.567841,6088600
2017-07-21,135.330002,136.270004,135.100006,135.309998,122.427803,6773500
2017-07-24,134.990005,135.160004,132.850006,133.009995,120.346794,8306700
2017-07-25,133.740005,133.850006,131.449997,131.880005,119.324371,6262900
2017-07-26,131.660004,132.240005,130.750000,130.949997,118.482887,5382200
2017-07-27,130.850006,131.149994,129.570007,130.830002,118.374321,5838100
2017-07-28,131.139999,131.990005,130.520004,131.850006,119.297234,4970900
2017-07-31,132.139999,133.580002,132.100006,132.720001,120.084389,5440800
2017-08-01,133.169998,133.350006,132.279999,132.509995,119.894379,3837600
2017-08-02,132.080002,132.500000,131.500000,132.160004,119.577690,4032100
2017-08-03,131.910004,133.399994,131.509995,133.350006,120.654396,4327300
2017-08-04,133.740005,134.009995,132.800003,133.179993,120.500587,3192800
2017-08-07,133.089996,133.479996,132.509995,132.860001,120.211052,3010800
2017-08-08,132.500000,132.800003,131.399994,132.270004,119.677238,5535800
2017-08-09,132.809998,133.410004,132.369995,133.229996,120.545830,6332300
2017-08-10,133.039993,133.850006,132.369995,133.089996,120.419159,5607900
2017-08-11,133.639999,134.490005,132.750000,133.100006,120.428223,4270600
2017-08-14,134.199997,134.369995,132.869995,133.479996,120.772026,3041100
2017-08-15,133.850006,133.940002,133.199997,133.380005,120.681549,3931800
2017-08-16,134.080002,134.970001,133.860001,134.169998,121.396339,4469900
2017-08-17,134.179993,134.740005,133.029999,133.039993,120.373909,5741400
2017-08-18,132.669998,133.779999,132.380005,132.630005,120.002953,4792800
2017-08-21,132.279999,133.649994,132.190002,133.449997,120.744888,4660000
2017-08-22,133.270004,134.789993,132.899994,134.699997,121.875870,4150300
2017-08-23,134.429993,134.490005,132.649994,132.800003,120.156746,5129900
2017-08-24,132.820007,133.080002,132.270004,132.889999,120.238174,5398400
2017-08-25,131.910004,132.559998,131.619995,131.679993,119.901291,4133300
2017-08-28,131.679993,132.119995,131.490005,131.740005,119.955925,5349200
2017-08-29,131.570007,132.449997,131.300003,132.210007,120.383904,3277900
2017-08-30,132.000000,132.000000,130.899994,131.070007,119.345863,5430800
2017-08-31,131.389999,132.500000,131.250000,132.369995,120.529572,7407100
2017-09-01,132.600006,132.649994,130.940002,131.029999,119.309433,3820800
2017-09-05,130.720001,131.179993,129.720001,129.899994,118.280533,5146600
2017-09-06,130.539993,131.000000,130.210007,130.669998,118.981644,5601900
2017-09-07,130.860001,132.520004,130.250000,132.190002,120.365677,3800200
2017-09-08,132.000000,132.339996,130.869995,130.979996,119.263901,4854400
2017-09-11,131.369995,133.339996,131.020004,133.210007,121.294426,5724200
2017-09-12,133.830002,133.880005,131.929993,132.630005,120.766319,5465200
2017-09-13,132.669998,133.750000,131.850006,132.449997,120.602432,4679500
2017-09-14,132.139999,134.470001,131.990005,134.179993,122.177681,6274500
2017-09-15,134.789993,135.449997,134.179993,134.449997,122.423508,15522000
2017-09-18,134.440002,135.770004,134.110001,135.380005,123.270348,5260800
2017-09-19,135.020004,135.789993,134.350006,135.220001,123.124634,4903800
2017-09-20,133.250000,134.289993,132.339996,133.220001,121.303528,8705500
2017-09-21,133.309998,133.820007,131.380005,131.750000,119.965027,6051800
2017-09-22,131.990005,132.389999,131.270004,131.389999,119.637253,4334900
2017-09-25,131.470001,131.759995,130.830002,131.169998,119.436913,6017400
2017-09-26,131.500000,131.940002,130.820007,130.940002,119.227486,4516200
2017-09-27,131.000000,131.089996,129.429993,129.750000,118.143936,5796100
2017-09-28,129.910004,130.270004,129.289993,129.470001,117.888969,3992700
2017-09-29,129.580002,130.470001,129.050003,130.009995,118.380661,5736900
2017-10-02,130.160004,131.330002,130.020004,131.220001,119.482445,4492900
2017-10-03,131.649994,132.399994,131.360001,132.100006,120.283737,3900800
2017-10-04,132.399994,133.179993,132.100006,132.889999,121.003044,3589000
2017-10-05,132.889999,133.309998,132.360001,133.190002,121.276237,3741100
2017-10-06,133.000000,133.250000,132.479996,133.220001,121.303528,2469500
2017-10-09,133.660004,133.820007,133.169998,133.449997,121.512978,3750500
2017-10-10,133.559998,134.130005,132.919998,133.899994,121.922707,4184600
2017-10-11,134.880005,137.080002,134.369995,136.649994,124.426750,8269400
2017-10-12,136.339996,137.520004,136.020004,136.830002,124.590630,5172800
2017-10-13,136.600006,137.419998,136.339996,136.429993,124.226402,4106600
2017-10-16,136.449997,137.259995,135.539993,136.119995,123.944160,5120100
2017-10-17,137.669998,141.119995,137.059998,140.789993,128.196442,11717300
2017-10-18,140.789993,141.580002,140.070007,140.679993,128.096268,6827700
2017-10-19,140.710007,142.979996,140.539993,142.039993,129.334579,9181300
2017-10-20,142.380005,143.619995,141.830002,142.399994,129.662369,5634500
2017-10-23,142.130005,144.350006,142.080002,143.619995,130.773285,6686000
2017-10-24,143.380005,143.380005,140.929993,141.639999,128.970398,6585800
2017-10-25,141.160004,143.229996,140.960007,142.360001,129.625961,6563600
2017-10-26,142.509995,143.750000,141.380005,141.809998,129.125183,5841100
2017-10-27,141.000000,142.699997,140.199997,141.779999,129.097855,5140100
2017-10-30,141.080002,141.210007,139.320007,140.000000,127.477051,6034300
2017-10-31,140.020004,140.259995,138.979996,139.410004,126.939850,4832100
2017-11-01,139.830002,140.589996,139.339996,139.979996,127.458870,5006800
2017-11-02,140.110001,140.289993,139.110001,139.929993,127.413307,3494100
2017-11-03,139.729996,140.399994,139.300003,140.080002,127.549942,2737000
2017-11-06,140.009995,140.490005,139.720001,139.759995,127.258545,4220700
2017-11-07,140.080002,140.149994,138.910004,139.770004,127.267647,4201900
2017-11-08,139.699997,141.869995,139.460007,141.320007,128.679016,4440700
2017-11-09,140.860001,141.410004,139.800003,140.350006,127.795799,3517100
2017-11-10,140.130005,140.130005,138.610001,139.559998,127.076416,4240800
2017-11-13,139.009995,140.020004,138.419998,139.759995,127.258545,4322300
2017-11-14,139.570007,140.279999,138.919998,139.490005,127.012695,4078200
2017-11-15,139.229996,139.830002,138.750000,139.100006,126.657600,4811500
2017-11-16,139.419998,139.679993,138.639999,138.869995,126.448174,4193800
2017-11-17,138.300003,138.860001,137.889999,138.000000,125.655968,4247400
2017-11-20,138.149994,138.559998,137.740005,137.929993,125.592232,4266300
2017-11-21,138.449997,139.259995,138.190002,138.339996,125.965561,5660600
2017-11-22,138.300003,138.380005,136.600006,137.289993,125.009476,3917000
2017-11-24,137.500000,138.380005,137.309998,138.009995,125.665077,2606800
2017-11-27,137.509995,138.309998,137.479996,138.100006,126.517082,3933100
2017-11-28,138.300003,140.529999,138.250000,140.020004,128.276047,5052800
2017-11-29,140.220001,140.630005,138.949997,139.809998,128.083633,5851400
2017-11-30,140.059998,140.279999,138.479996,139.330002,127.643921,8941900
2017-12-01,139.570007,140.529999,138.600006,139.979996,128.239410,5990500
2017-12-04,140.619995,141.500000,138.929993,139.009995,127.350754,5916700
2017-12-05,139.789993,140.809998,139.199997,139.669998,127.955399,6745300
2017-12-06,140.839996,141.960007,140.190002,141.059998,129.228821,5591700
2017-12-07,140.009995,141.500000,139.259995,140.009995,128.266876,4713100
2017-12-08,140.000000,140.759995,139.800003,140.589996,128.798233,5101300
2017-12-11,140.899994,141.169998,139.830002,141.139999,129.302124,4358600
2017-12-12,142.600006,143.570007,142.039993,142.600006,130.639679,8016700
2017-12-13,142.500000,143.429993,142.210007,142.889999,130.905334,6118400
2017-12-14,143.520004,143.619995,141.610001,141.649994,129.769333,5337900
2017-12-15,142.479996,143.139999,141.779999,142.460007,130.511429,12517000
2017-12-18,142.559998,143.800003,141.399994,141.800003,129.906738,5833200
2017-12-19,141.889999,142.380005,141.360001,141.779999,129.888428,6580100
2017-12-20,142.259995,142.580002,141.080002,141.160004,129.320419,6289800
2017-12-21,141.589996,142.169998,141.020004,141.059998,129.228821,6284700
2017-12-22,141.000000,141.350006,140.039993,140.119995,128.367630,4665600
2017-12-26,140.460007,140.539993,139.679993,140.089996,128.340179,3271100
2017-12-27,140.419998,141.149994,140.199997,140.570007,128.779922,3753600
2017-12-28,140.699997,141.000000,140.330002,140.559998,128.770737,2485000
2017-12-29,140.979996,141.210007,139.580002,139.720001,128.001190,4452900
2018-01-02,139.660004,139.949997,138.720001,139.229996,127.552292,6842100
2018-01-03,139.360001,140.679993,138.899994,140.559998,128.770737,5350500
2018-01-04,140.449997,141.139999,140.220001,140.550003,128.761566,4837600
2018-01-05,140.690002,141.820007,140.279999,141.710007,129.824295,6158800
2018-01-08,141.699997,142.000000,140.919998,141.889999,129.989212,5129800
2018-01-09,142.369995,145.679993,142.259995,144.139999,132.050461,8897000
2018-01-10,143.550003,144.160004,143.320007,143.970001,131.894745,6558600
2018-01-11,144.130005,144.899994,143.690002,144.789993,132.645981,4962200
2018-01-12,144.990005,146.419998,144.899994,145.759995,133.534592,5450600
2018-01-16,146.419998,148.059998,146.029999,146.860001,134.542343,8804000
2018-01-17,147.839996,148.320007,145.479996,146.979996,134.652283,10619700
2018-01-18,146.929993,147.440002,145.970001,146.919998,134.597305,5554800
2018-01-19,147.460007,147.649994,146.419998,147.360001,135.000412,8738800
2018-01-22,147.009995,148.139999,146.720001,148.139999,135.714996,7010400
2018-01-23,146.960007,147.440002,141.619995,141.830002,129.934235,17473600
2018-01-24,143.500000,143.559998,141.800003,142.070007,130.154129,13034400
2018-01-25,142.309998,144.660004,142.210007,144.399994,132.288651,7938800
2018-01-26,144.500000,145.600006,144.130005,145.330002,133.140701,8065600
2018-01-29,144.850006,144.940002,143.529999,143.679993,131.629044,8013400
2018-01-30,143.399994,143.820007,142.429993,142.429993,130.483871,8376100
2018-01-31,142.570007,142.570007,138.100006,138.190002,126.599541,13137400
2018-02-01,137.529999,140.669998,137.000000,140.020004,128.276047,9393600
2018-02-02,139.020004,140.360001,137.380005,137.679993,126.132309,9262500
2018-02-05,136.580002,137.000000,122.150002,130.389999,119.453751,19954100
2018-02-06,130.009995,132.990005,128.000000,131.830002,120.772957,19193500
2018-02-07,131.889999,133.429993,131.350006,131.419998,120.397346,10550400
2018-02-08,130.910004,131.250000,126.110001,126.360001,115.761757,11680200
2018-02-09,127.519997,130.919998,125.440002,129.529999,118.665871,15030900
2018-02-12,130.000000,131.320007,127.680000,130.270004,119.343811,9963900
2018-02-13,129.210007,130.600006,128.699997,129.960007,119.059822,6339000
2018-02-14,129.440002,130.009995,128.389999,129.669998,118.794136,6259700
2018-02-15,130.100006,131.279999,129.399994,131.229996,120.223289,5606400
2018-02-16,130.960007,134.449997,130.839996,133.149994,121.982239,7970100
2018-02-20,132.869995,133.449997,130.660004,130.869995,119.893471,6563500
2018-02-21,130.800003,132.429993,129.860001,129.910004,119.014000,6578000
2018-02-22,130.100006,131.020004,129.479996,129.910004,119.014000,5732200
2018-02-23,130.089996,132.080002,130.020004,132.020004,120.947044,5126800
2018-02-26,131.710007,133.410004,131.000000,132.070007,121.767609,6684400
2018-02-27,132.210007,133.089996,131.600006,131.669998,121.398804,7158600
2018-02-28,131.949997,132.330002,129.869995,129.880005,119.748451,7985900
2018-03-01,129.110001,130.119995,126.519997,127.279999,117.351250,9424000
2018-03-02,126.910004,129.110001,126.910004,128.820007,118.771149,6910400
2018-03-05,128.630005,130.300003,128.179993,129.789993,119.665466,5799800
2018-03-06,130.000000,130.199997,127.919998,128.220001,118.217941,5546500
2018-03-07,127.480003,129.330002,127.269997,129.039993,118.973969,6391700
2018-03-08,129.330002,132.300003,129.330002,132.059998,121.758377,6423400
2018-03-09,132.509995,133.820007,131.559998,133.800003,123.362648,7557800
2018-03-12,133.800003,134.229996,132.320007,132.630005,122.283913,4942000
2018-03-13,133.800003,135.389999,133.449997,134.350006,123.869781,9152300
2018-03-14,135.240005,135.699997,131.899994,132.320007,121.998108,6770600
2018-03-15,132.550003,134.240005,132.470001,133.059998,122.680367,6147200
2018-03-16,133.160004,134.399994,132.100006,133.679993,123.251991,14233500
2018-03-19,133.350006,133.470001,129.360001,130.240005,120.080360,6017000
2018-03-20,130.779999,131.779999,129.380005,131.210007,120.974693,6214300
2018-03-21,131.399994,132.779999,130.660004,131.190002,120.956245,5158700
2018-03-22,130.470001,130.679993,127.099998,127.379997,117.443451,7560100
2018-03-23,127.629997,127.800003,124.900002,125.099998,115.341309,8452500
2018-03-26,126.410004,127.540001,125.209999,127.389999,117.452675,8358200
2018-03-27,127.110001,129.100006,126.389999,127.209999,117.286720,7789900
2018-03-28,127.629997,129.020004,127.209999,127.449997,117.507996,6868500
2018-03-29,127.970001,128.759995,126.820000,128.149994,118.153397,6119400
2018-04-02,127.820000,127.879997,123.540001,124.559998,114.843445,8916900
2018-04-03,125.180000,128.490005,124.680000,128.350006,118.337814,8035000
2018-04-04,126.900002,131.119995,126.389999,130.410004,120.237114,7717100
2018-04-05,130.410004,131.199997,129.500000,130.710007,120.513718,5621700
2018-04-06,130.220001,130.639999,126.410004,128.100006,118.107292,6399300
2018-04-09,128.649994,131.139999,127.680000,129.479996,119.379662,6395800
2018-04-10,130.250000,130.910004,129.289993,130.250000,120.089577,6019300
2018-04-11,129.139999,130.350006,129.029999,129.630005,119.517944,4575400
2018-04-12,130.089996,131.309998,129.860001,130.429993,120.255539,4559800
2018-04-13,131.089996,131.419998,129.630005,130.619995,120.430717,4742300
2018-04-16,131.410004,132.880005,131.279999,131.759995,121.481773,6379600
2018-04-17,132.110001,132.199997,128.809998,130.539993,120.356956,11008700
2018-04-18,129.690002,129.899994,126.940002,127.720001,117.756935,9383600
2018-04-19,127.629997,128.270004,126.889999,127.550003,117.600197,5959500
2018-04-20,128.000000,128.300003,126.169998,126.660004,116.779617,7743900
2018-04-23,126.879997,127.300003,125.779999,126.830002,116.936363,7501900
2018-04-24,126.940002,127.459999,125.309998,126.190002,116.346283,6577500
2018-04-25,125.910004,126.849998,125.279999,126.760002,116.871841,5859600
2018-04-26,126.620003,129.220001,126.620003,128.009995,118.024307,8211100
2018-04-27,127.730003,128.789993,127.500000,128.270004,118.264030,4266800
2018-04-30,128.860001,128.979996,126.489998,126.489998,116.622879,8219400
2018-05-01,126.320000,126.639999,124.970001,126.010002,116.180328,5122600
2018-05-02,125.519997,126.180000,123.199997,123.500000,113.866135,7390800
2018-05-03,123.300003,123.690002,121.279999,123.029999,113.432777,7282900
2018-05-04,122.599998,124.510002,121.800003,124.190002,114.502296,6127600
2018-05-07,124.139999,125.239998,123.320000,123.589996,113.949104,6707900
2018-05-08,122.860001,123.489998,121.690002,122.610001,113.045547,5951800
2018-05-09,122.989998,124.050003,122.529999,123.510002,113.875351,6808600
2018-05-10,124.220001,126.050003,124.000000,125.349998,115.571808,4948000
2018-05-11,125.769997,127.599998,125.760002,127.239998,117.314369,5716700
2018-05-14,127.349998,127.610001,125.599998,126.059998,116.226425,6101600
2018-05-15,125.540001,125.830002,124.400002,125.129997,115.368965,5875700
2018-05-16,125.440002,125.900002,125.000000,125.349998,115.571808,3818100
2018-05-17,125.489998,125.589996,123.550003,123.849998,114.188828,6473400
2018-05-18,123.779999,124.440002,123.279999,124.239998,114.548393,5433900
2018-05-21,124.620003,124.989998,123.320000,123.720001,114.068954,5558700
2018-05-22,123.800003,124.239998,122.760002,122.910004,113.322151,7172700
2018-05-23,122.870003,123.970001,122.739998,123.449997,113.820015,4940800
2018-05-24,123.220001,123.389999,121.550003,122.250000,112.713631,6923600
2018-05-25,121.559998,122.800003,121.129997,121.470001,112.825104,4594800
2018-05-29,120.500000,120.800003,118.620003,119.400002,110.902412,9821900
2018-05-30,120.120003,121.580002,119.540001,120.970001,112.360687,6423700
2018-05-31,120.919998,121.250000,119.540001,119.620003,111.106766,10337500
2018-06-01,120.379997,121.320000,119.970001,121.260002,112.630043,5741000
2018-06-04,121.849998,122.370003,121.019997,121.949997,113.270927,4853000
2018-06-05,122.050003,122.559998,120.900002,121.480003,112.834389,5125400
2018-06-06,121.970001,122.790001,121.459999,122.790001,114.051147,6799300
2018-06-07,123.000000,123.489998,122.269997,123.330002,114.552711,7414100
2018-06-08,123.360001,124.849998,123.330002,124.059998,115.230774,6208100
2018-06-11,124.269997,124.339996,122.550003,122.660004,113.930420,5571400
2018-06-12,123.160004,123.180000,121.949997,122.540001,113.818932,5227300
2018-06-13,123.150002,124.089996,122.459999,122.629997,113.902527,5836900
2018-06-14,122.709999,123.150002,122.089996,122.410004,113.698204,5239200
2018-06-15,122.099998,122.730003,121.239998,122.610001,113.883949,13173500
2018-06-18,121.610001,121.809998,120.250000,121.320000,112.685768,6787400
2018-06-19,120.660004,123.169998,120.570000,122.570000,113.846802,8572400
2018-06-20,122.419998,122.660004,121.660004,122.040001,113.354538,6277200
2018-06-21,121.830002,122.239998,121.110001,121.449997,112.806511,4417200
2018-06-22,121.680000,123.379997,121.650002,122.839996,114.097580,9501400
2018-06-25,122.820000,123.430000,121.510002,122.589996,113.865379,8170500
2018-06-26,122.489998,122.889999,121.599998,122.349998,113.642456,5496400
2018-06-27,122.129997,122.970001,121.449997,121.610001,112.955124,5666000
2018-06-28,121.779999,122.410004,121.070000,122.000000,113.317368,5296800
2018-06-29,122.239998,123.180000,121.190002,121.339996,112.704353,7308700
2018-07-02,121.339996,121.730003,120.110001,121.580002,112.927261,5481400
2018-07-03,121.650002,123.459999,121.260002,122.709999,113.976845,4248100
2018-07-05,123.599998,125.120003,123.230003,125.000000,116.103874,7319100
2018-07-06,125.160004,125.919998,124.610001,125.750000,116.800491,7297900
2018-07-09,126.220001,126.750000,125.599998,126.050003,117.079140,6706100
2018-07-10,126.370003,127.519997,126.110001,127.379997,118.314476,5075600
2018-07-11,127.410004,127.440002,126.059998,126.239998,117.255623,4827400
2018-07-12,127.709999,128.210007,127.169998,127.760002,118.667442,6199000
2018-07-13,125.320000,127.500000,125.320000,125.930000,116.967682,8250200
2018-07-16,126.000000,126.099998,124.160004,124.690002,115.815941,7314400
2018-07-17,128.529999,130.539993,127.559998,129.110001,119.921356,12858700
2018-07-18,128.809998,129.050003,127.169998,127.800003,118.704597,7152000
2018-07-19,127.529999,127.699997,125.870003,125.940002,116.976982,5984600
2018-07-20,125.300003,126.139999,125.120003,125.849998,116.893372,5835500
2018-07-23,125.750000,126.680000,125.449997,126.629997,117.617867,4631100
2018-07-24,127.239998,129.619995,127.150002,129.360001,120.153564,7158800
2018-07-25,129.139999,129.229996,127.650002,128.619995,119.466232,6523000
2018-07-26,129.899994,131.220001,129.850006,130.279999,121.008095,7640600
2018-07-27,129.979996,132.270004,129.940002,131.550003,122.187721,6620400
2018-07-30,131.779999,132.490005,131.250000,132.169998,122.763580,11013100
2018-07-31,132.279999,132.639999,131.770004,132.520004,123.088692,7598900
2018-08-01,132.389999,132.960007,132.080002,132.639999,123.200119,5770400
2018-08-02,132.889999,133.000000,131.089996,131.250000,121.909058,6563300
2018-08-03,131.179993,132.699997,130.899994,131.949997,122.559250,6498700
2018-08-06,131.639999,132.529999,131.009995,132.020004,122.624260,5840000
2018-08-07,131.880005,132.169998,131.300003,131.460007,122.104111,4664600
2018-08-08,131.490005,131.800003,130.889999,131.169998,121.834747,3721500
2018-08-09,131.539993,131.720001,130.669998,131.199997,121.862617,4057800
2018-08-10,131.190002,131.630005,130.259995,130.750000,121.444649,4324000
2018-08-13,130.720001,130.899994,129.850006,130.220001,120.952370,3778000
2018-08-14,129.669998,130.470001,129.350006,129.500000,120.283600,4542800
2018-08-15,129.750000,130.740005,128.929993,130.429993,121.147423,5377300
2018-08-16,131.020004,132.880005,130.570007,132.479996,123.051506,7861500
2018-08-17,132.449997,135.000000,132.190002,134.470001,124.899872,6700900
2018-08-20,134.929993,137.119995,134.000000,136.880005,127.138397,7935000
2018-08-21,137.000000,137.429993,135.300003,135.350006,125.717278,5832100
2018-08-22,135.559998,135.679993,134.419998,134.610001,125.029930,4688400
2018-08-23,134.610001,135.490005,134.100006,135.110001,125.494347,5057600
2018-08-24,135.110001,136.149994,134.830002,135.949997,126.274536,4809400
2018-08-27,135.500000,136.050003,134.210007,134.919998,126.153023,4325900
2018-08-28,134.779999,134.899994,133.889999,134.320007,125.592003,6037500
2018-08-29,134.320007,134.940002,133.940002,134.860001,126.096916,4648700
2018-08-30,134.699997,135.600006,134.600006,134.949997,126.181053,4821900
2018-08-31,134.600006,135.000000,133.970001,134.690002,125.937973,6139500
2018-09-04,134.690002,134.750000,133.440002,133.720001,125.030998,4406800
2018-09-05,133.479996,135.940002,133.460007,135.860001,127.031937,6174800
2018-09-06,135.500000,137.309998,135.179993,136.869995,127.976311,6562000
2018-09-07,136.779999,137.690002,135.750000,137.320007,128.397079,6375200
2018-09-10,137.529999,138.470001,137.059998,137.210007,128.294250,4892200
2018-09-11,137.639999,138.910004,137.220001,138.509995,129.509735,7856800
2018-09-12,138.899994,139.990005,138.559998,139.360001,130.304520,6767700
2018-09-13,139.889999,140.479996,139.020004,139.889999,130.800049,6456100
2018-09-14,140.000000,140.350006,139.100006,139.490005,130.426056,4534800
2018-09-17,139.330002,140.399994,139.179993,139.960007,130.865509,5295500
2018-09-18,140.270004,140.839996,139.830002,140.539993,131.407822,4581200
2018-09-19,140.759995,140.990005,140.050003,140.460007,131.333038,5049900
2018-09-20,140.820007,142.139999,140.509995,141.979996,132.754257,5019300
2018-09-21,142.179993,143.130005,141.690002,142.880005,133.595795,13283400
2018-09-24,142.100006,142.500000,140.229996,140.470001,131.342392,6708000
2018-09-25,140.529999,140.960007,138.399994,138.639999,129.631287,7982800
2018-09-26,138.949997,140.000000,137.960007,138.160004,129.182480,7133300
2018-09-27,138.449997,139.580002,137.570007,138.220001,129.238571,6450500
2018-09-28,138.100006,138.559998,137.410004,138.169998,129.191833,6638500
2018-10-01,138.259995,139.850006,138.000000,139.690002,130.613098,4871800
2018-10-02,139.789993,140.729996,139.649994,140.479996,131.351715,6439100
2018-10-03,140.539993,141.270004,138.880005,139.029999,129.995956,5411800
2018-10-04,138.550003,139.529999,137.320007,139.350006,130.295197,4738700
2018-10-05,139.800003,140.250000,138.559998,139.100006,130.061401,4309300
2018-10-08,138.899994,139.679993,138.619995,139.389999,130.332535,5174100
2018-10-09,138.740005,139.619995,137.809998,139.199997,130.154892,4475300
2018-10-10,139.350006,140.460007,137.729996,137.729996,128.780411,7265600
2018-10-11,137.910004,138.660004,132.880005,133.839996,125.143188,11603200
2018-10-12,134.399994,134.410004,132.229996,133.869995,125.171234,6998000
2018-10-15,133.880005,135.300003,133.509995,133.949997,125.246040,6398700
2018-10-16,134.750000,137.990005,134.750000,136.559998,127.686470,9592800
2018-10-17,136.229996,140.000000,136.210007,139.460007,130.397980,8261100
2018-10-18,139.199997,139.809998,137.710007,139.500000,130.435425,7583900
2018-10-19,138.339996,140.000000,137.910004,139.050003,130.014648,5924800
2018-10-22,138.610001,139.259995,138.139999,138.679993,129.668686,4864300
2018-10-23,137.789993,139.490005,137.449997,138.929993,129.902435,8282700
2018-10-24,138.520004,140.110001,137.169998,137.470001,128.537323,8279200
2018-10-25,137.460007,139.089996,135.050003,138.470001,129.472321,9720700
2018-10-26,137.940002,139.300003,135.330002,136.970001,128.069809,11371400
2018-10-29,136.990005,139.100006,136.220001,137.550003,128.612122,6783000
2018-10-30,137.929993,141.100006,137.000000,140.750000,131.604187,9646200
2018-10-31,141.000000,141.429993,139.610001,139.990005,130.893600,9968900
2018-11-01,140.070007,141.580002,139.850006,140.820007,131.669647,6913500
2018-11-02,141.970001,142.000000,139.660004,140.679993,131.538727,7673200
2018-11-05,141.000000,142.740005,139.000000,142.199997,132.959961,5601400
2018-11-06,141.529999,142.830002,141.059998,142.570007,133.305939,5798900
2018-11-07,143.100006,144.869995,142.970001,144.750000,135.344284,7173600
2018-11-08,144.309998,145.789993,144.000000,145.300003,135.858521,5497100
2018-11-09,145.039993,145.740005,144.380005,145.339996,135.895920,5343100
2018-11-12,144.990005,146.240005,144.729996,145.619995,136.157715,7013600
2018-11-13,146.190002,146.750000,143.419998,144.679993,135.278839,7432300
2018-11-14,145.020004,145.309998,143.559998,144.250000,134.876740,6433100
2018-11-15,143.410004,144.509995,142.479996,144.500000,135.110519,6657900
2018-11-16,144.710007,146.740005,144.550003,145.990005,136.503708,8494300
2018-11-19,146.429993,148.440002,146.369995,147.729996,138.130615,8714600
2018-11-20,147.500000,148.750000,146.350006,146.449997,136.933792,8937700
2018-11-21,146.229996,146.229996,140.779999,141.990005,132.763626,10275400
2018-11-23,141.850006,142.729996,141.600006,142.229996,132.988007,3404900
2018-11-26,142.000000,142.050003,140.720001,141.369995,133.025635,7590900
2018-11-27,140.570007,143.350006,139.660004,143.220001,134.766464,5962100
2018-11-28,143.830002,146.559998,143.360001,146.440002,137.796402,8411400
2018-11-29,145.619995,147.199997,144.839996,145.850006,137.241241,6900000
2018-11-30,145.339996,147.000000,145.100006,146.899994,138.229248,12517600
2018-12-03,145.570007,146.630005,144.940002,146.210007,137.579971,8827200
2018-12-04,146.320007,148.990005,145.820007,146.029999,137.410599,9803500
2018-12-06,144.500000,146.449997,142.789993,145.910004,137.297699,11572500
2018-12-07,145.490005,147.339996,144.119995,145.429993,136.846024,9444500
2018-12-10,145.389999,145.880005,142.380005,145.259995,136.686066,6848100
2018-12-11,146.289993,148.210007,145.789993,146.500000,137.852875,9857400
2018-12-12,147.000000,148.490005,147.000000,147.100006,138.417435,8869200
2018-12-13,146.960007,148.589996,146.800003,147.839996,139.113754,6008300
2018-12-14,144.339996,145.380005,130.199997,133.000000,125.149704,58140200
2018-12-17,128.320007,131.649994,126.830002,129.139999,121.517532,36933100
2018-12-18,132.050003,132.800003,129.199997,130.419998,122.721970,24640100
2018-12-19,129.869995,131.350006,127.089996,127.610001,120.077843,21232100
2018-12-20,127.720001,129.750000,126.760002,128.270004,120.698898,16609600
2018-12-21,127.800003,130.600006,127.120003,128.089996,120.529503,19732900
2018-12-24,127.300003,128.000000,121.000000,122.839996,115.589386,7531900
2018-12-26,123.419998,126.760002,122.010002,126.709999,119.230965,9253000
2018-12-27,125.870003,127.410004,123.070000,127.410004,119.889656,9918700
2018-12-28,127.910004,128.750000,126.750000,127.269997,119.757904,6537200
2018-12-31,128.179993,129.550003,127.419998,129.050003,121.432854,7409900
2019-01-02,128.130005,128.380005,126.279999,127.750000,120.209579,7631700
2019-01-03,128.139999,128.270004,125.360001,125.720001,118.299408,8654500
2019-01-04,127.120003,128.649994,126.730003,127.830002,120.284859,8831700
2019-01-07,127.629997,128.350006,126.800003,127.010002,119.513252,8404700
2019-01-08,128.179993,130.500000,127.730003,129.960007,122.289139,9351600
2019-01-09,129.830002,130.240005,128.330002,128.929993,121.319916,7403500
2019-01-10,127.690002,129.889999,127.690002,129.710007,122.053894,6224400
2019-01-11,129.000000,129.839996,128.309998,129.750000,122.091522,5300400
2019-01-14,128.740005,128.960007,127.589996,128.279999,120.708298,7374400
2019-01-15,128.520004,129.490005,127.650002,129.360001,121.724548,5194400
2019-01-16,129.410004,129.410004,127.900002,128.039993,120.482460,6264200
2019-01-17,127.709999,129.520004,127.459999,129.089996,121.470482,7632000
2019-01-18,129.899994,131.179993,129.449997,130.690002,122.976036,10593000
2019-01-22,128.199997,129.500000,127.010002,128.800003,121.197594,10568100
2019-01-23,128.500000,129.300003,127.930000,128.800003,121.197594,9267800
2019-01-24,128.490005,128.699997,125.000000,127.029999,119.532082,9917000
2019-01-25,128.130005,128.449997,127.029999,128.229996,120.661247,7585100
2019-01-28,127.809998,129.149994,127.290001,128.990005,121.376389,6927700
2019-01-29,128.949997,130.470001,128.500000,130.330002,122.637291,6669300
2019-01-30,130.369995,132.190002,130.300003,131.639999,123.869987,7299300
2019-01-31,131.630005,135.190002,130.869995,133.080002,125.224991,17298100
2019-02-01,134.020004,134.690002,133.470001,134.199997,126.278862,9575200
2019-02-04,133.960007,134.149994,132.210007,132.880005,125.036774,7759000
2019-02-05,133.520004,133.880005,132.750000,132.880005,125.036774,6449800
2019-02-06,133.080002,133.570007,132.300003,133.000000,125.149704,5066100
2019-02-07,132.449997,132.639999,131.529999,132.050003,124.255791,6085300
2019-02-08,131.949997,132.460007,131.539993,132.399994,124.585091,4436700
2019-02-11,132.309998,132.669998,131.259995,132.000000,124.208725,4962200
2019-02-12,132.080002,134.300003,132.080002,134.160004,126.241226,6262300
2019-02-13,134.070007,134.979996,133.210007,134.449997,126.514091,7902200
2019-02-14,134.300003,134.820007,133.350006,134.309998,126.382370,3910400
2019-02-15,135.190002,136.410004,135.009995,136.380005,128.330185,6665000
2019-02-19,136.139999,136.380005,135.630005,135.690002,127.680908,5935500
2019-02-20,135.970001,136.729996,135.729996,136.350006,128.301971,6089800
2019-02-21,134.979996,135.789993,134.270004,135.419998,127.426872,6665500
2019-02-22,135.289993,136.639999,134.820007,136.600006,128.537201,5223900
2019-02-25,136.350006,137.490005,135.860001,136.199997,129.010818,6846600
2019-02-26,136.440002,136.960007,136.050003,136.110001,128.925568,5106900
2019-02-27,135.520004,136.250000,135.389999,135.869995,128.698227,4378100
2019-02-28,135.949997,137.949997,135.690002,136.639999,129.427582,10133200
2019-03-01,137.220001,138.610001,137.009995,138.350006,131.047348,5641600
2019-03-04,138.850006,139.410004,137.509995,138.479996,131.170456,8377700
2019-03-05,138.809998,139.139999,138.360001,138.770004,131.445175,6568900
2019-03-06,139.470001,139.649994,138.600006,139.089996,131.748276,6236900
2019-03-07,138.529999,139.119995,137.699997,138.240005,130.943146,6100400
2019-03-08,138.089996,139.300003,136.419998,138.059998,130.772629,7046700
2019-03-11,138.110001,139.029999,137.520004,138.559998,131.246246,6150400
2019-03-12,138.649994,140.000000,138.500000,139.179993,131.833527,5552900
2019-03-13,139.589996,139.839996,139.020004,139.410004,132.051376,6446900
2019-03-14,138.339996,138.800003,137.940002,138.020004,130.734772,8493600
2019-03-15,138.000000,138.259995,136.830002,137.600006,130.336914,11922500
2019-03-18,137.649994,137.779999,136.720001,137.169998,129.929611,7369600
2019-03-19,137.610001,138.820007,137.470001,138.440002,131.132599,5882500
2019-03-20,138.330002,138.509995,136.649994,137.289993,130.043274,5475700
2019-03-21,137.000000,138.779999,136.949997,138.100006,130.810516,5765100
2019-03-22,137.750000,138.389999,136.860001,136.910004,129.683334,6528800
2019-03-25,136.910004,137.009995,135.740005,136.610001,129.399185,4500300
2019-03-26,136.929993,139.270004,136.929993,138.570007,131.255707,4758600
2019-03-27,138.589996,139.479996,138.070007,138.699997,131.378860,6764900
2019-03-28,139.059998,139.460007,138.710007,138.880005,131.549362,4602100
2019-03-29,139.279999,139.880005,138.880005,139.789993,132.411301,7168400
2019-04-01,139.990005,140.289993,138.740005,138.979996,131.644073,5885200
2019-04-02,139.009995,139.009995,136.910004,137.710007,130.441116,5517800
2019-04-03,138.199997,138.240005,136.869995,137.169998,129.929611,5947000
2019-04-04,136.869995,137.009995,135.130005,135.570007,128.414078,5844600
2019-04-05,136.039993,136.580002,135.699997,136.179993,128.991867,4759700
2019-04-08,136.050003,136.509995,135.699997,136.139999,128.953979,4329600
2019-04-09,136.000000,136.259995,134.559998,135.570007,128.414078,5210300
2019-04-10,135.889999,136.130005,135.330002,135.580002,128.423553,4194100
2019-04-11,135.960007,136.179993,134.419998,135.210007,128.073074,4485200
2019-04-12,135.220001,136.350006,134.750000,135.979996,128.802444,5756800
2019-04-15,136.000000,136.789993,135.800003,136.520004,129.313934,5380900
2019-04-16,138.320007,140.699997,137.559998,138.020004,130.734772,10745700
2019-04-17,139.000000,140.149994,137.669998,138.520004,131.208359,9543700
2019-04-18,139.350006,140.240005,135.750000,137.520004,130.261154,10485300
2019-04-22,136.979996,138.490005,136.460007,137.830002,130.554794,4666500
2019-04-23,137.419998,140.850006,137.250000,139.899994,132.515518,5790500
2019-04-24,139.649994,140.139999,138.860001,139.199997,131.852478,5676300
2019-04-25,138.520004,139.770004,137.960007,139.649994,132.278702,5218100
2019-04-26,139.880005,140.520004,139.309998,140.389999,132.979660,4613600
2019-04-29,140.350006,140.429993,139.580002,139.839996,132.458679,4275200
2019-04-30,140.190002,141.449997,138.960007,141.199997,133.746872,6003700
2019-05-01,140.949997,142.350006,139.750000,141.949997,134.457291,6656300
2019-05-02,141.910004,142.149994,140.119995,141.279999,133.822662,8835600
2019-05-03,141.289993,142.089996,141.080002,142.009995,134.514114,5281600
2019-05-06,140.250000,142.240005,139.929993,142.089996,134.589920,5818900
2019-05-07,140.820007,141.380005,139.059998,139.970001,132.581802,6606700
2019-05-08,140.199997,140.919998,139.699997,139.789993,132.411301,4667300
2019-05-09,138.949997,139.320007,137.639999,138.729996,131.407257,5604200
2019-05-10,138.429993,139.250000,136.410004,139.050003,131.710373,4771600
2019-05-13,137.850006,138.059998,136.529999,137.199997,129.958038,5560000
2019-05-14,137.039993,137.839996,136.729996,136.820007,129.598114,7179400
2019-05-15,136.899994,137.490005,135.330002,136.910004,129.683334,6429400
2019-05-16,137.389999,139.190002,136.970001,138.210007,130.914734,6857200
2019-05-17,137.000000,139.029999,136.860001,138.610001,131.293610,6915300
2019-05-20,138.610001,138.960007,137.679993,138.419998,131.113632,4771100
2019-05-21,139.119995,139.570007,138.080002,138.119995,130.829468,4859000
2019-05-22,138.350006,138.949997,137.490005,138.759995,131.435684,5456800
2019-05-23,138.500000,139.850006,137.669998,139.789993,132.411301,6951800
2019-05-24,139.500000,139.500000,138.559998,138.850006,132.420837,5473300
2019-05-28,139.000000,140.490005,137.050003,137.070007,130.723267,11919600
2019-05-29,135.889999,135.889999,128.520004,131.330002,125.249054,23247400
2019-05-30,131.440002,132.820007,131.169998,132.110001,125.992943,7360600
2019-05-31,131.520004,132.000000,129.610001,131.149994,125.077393,7811000
2019-06-03,131.500000,132.399994,131.039993,131.440002,125.353966,8434600
2019-06-04,132.600006,134.300003,132.580002,133.729996,127.537910,6648900
2019-06-05,134.699997,135.130005,133.860001,134.380005,128.157822,6860600
2019-06-06,134.899994,137.660004,134.589996,136.679993,130.351318,9115800
2019-06-07,137.589996,139.589996,137.139999,138.550003,132.134750,6533900
2019-06-10,138.600006,139.149994,137.600006,139.020004,132.583008,4994700
2019-06-11,139.679993,140.660004,139.500000,139.779999,133.307800,8230500
2019-06-12,140.300003,142.910004,140.300003,141.679993,135.119812,9216500
2019-06-13,141.720001,141.949997,140.210007,140.710007,134.194748,7500800
2019-06-14,141.229996,141.490005,140.039993,140.089996,133.603455,6548100
2019-06-17,140.000000,140.240005,139.210007,139.440002,132.983551,5562800
2019-06-18,140.559998,140.929993,139.789993,140.229996,133.736954,7122700
2019-06-19,140.009995,140.970001,139.910004,140.449997,133.946777,6393400
2019-06-20,141.250000,142.399994,141.000000,142.210007,135.625290,7335800
2019-06-21,141.460007,142.429993,141.009995,142.089996,135.510818,11272200
2019-06-24,142.419998,143.699997,142.089996,143.059998,136.435913,5894700
2019-06-25,143.270004,144.979996,143.190002,144.240005,137.561279,7517000
2019-06-26,143.850006,143.850006,140.759995,141.850006,135.281937,7674100
2019-06-27,142.229996,142.500000,140.600006,140.690002,134.175659,5233500
2019-06-28,140.740005,141.100006,138.509995,139.279999,132.830963,12792400
2019-07-01,140.199997,140.259995,138.720001,139.360001,132.907257,5872300
2019-07-02,139.220001,140.029999,138.690002,140.029999,133.546204,4501200
2019-07-03,141.000000,142.179993,140.789993,142.139999,135.558533,3436300
2019-07-05,141.740005,141.860001,140.369995,140.570007,134.061234,4652400
2019-07-08,140.119995,141.080002,139.639999,140.970001,134.442703,4078100
2019-07-09,141.460007,142.470001,140.910004,141.410004,134.862335,4217400
2019-07-10,141.779999,141.990005,140.669998,141.210007,134.671585,4874400
2019-07-11,140.940002,141.210007,139.020004,140.110001,133.622513,5817400
2019-07-12,140.119995,140.119995,132.320007,134.300003,128.081543,17780100
2019-07-15,135.389999,136.360001,134.449997,134.710007,128.472549,10038200
2019-07-16,132.929993,133.830002,131.750000,132.500000,126.364876,10214500
2019-07-17,132.490005,133.580002,131.410004,131.860001,125.754517,8862100
2019-07-18,132.130005,132.509995,131.169998,132.070007,125.954788,6203100
2019-07-19,132.250000,132.389999,130.190002,130.309998,124.276283,8340200
2019-07-22,130.000000,130.149994,127.839996,128.639999,122.683609,12624800
2019-07-23,128.610001,129.449997,128.160004,128.839996,122.874336,5803600
2019-07-24,128.880005,129.789993,128.570007,129.779999,123.770805,6838600
2019-07-25,130.059998,131.529999,129.669998,131.119995,125.048767,8897800
2019-07-26,131.300003,131.300003,130.490005,130.729996,124.676834,4894600
2019-07-29,131.000000,133.309998,130.210007,133.020004,126.860809,7832000
2019-07-30,132.470001,132.490005,131.270004,132.080002,125.964317,5509600
2019-07-31,131.639999,132.000000,130.179993,130.220001,124.190453,8559200
2019-08-01,130.259995,130.740005,129.020004,130.289993,124.257210,7870700
2019-08-02,130.860001,131.470001,129.770004,131.070007,125.001091,6574900
2019-08-05,130.910004,131.460007,129.009995,130.160004,124.133232,9480000
2019-08-06,130.339996,131.220001,129.589996,130.770004,124.714989,7880600
2019-08-07,129.360001,130.910004,128.190002,130.210007,124.180923,6771700
2019-08-08,130.979996,131.949997,130.229996,131.679993,125.582825,5260500
2019-08-09,131.800003,132.759995,131.229996,132.039993,125.926178,4677300
2019-08-12,131.500000,132.699997,131.289993,131.929993,125.821251,6852100
2019-08-13,132.300003,134.100006,132.000000,133.419998,127.242256,5013200
2019-08-14,132.529999,132.539993,130.130005,130.259995,124.228577,7736200
2019-08-15,130.169998,131.070007,129.250000,130.539993,124.495621,7251200
2019-08-16,131.470001,131.669998,130.600006,131.360001,125.277657,5858900
2019-08-19,132.500000,132.570007,131.820007,132.250000,126.126450,4958000
2019-08-20,131.960007,132.660004,130.460007,130.600006,124.552864,7302000
2019-08-21,131.699997,132.410004,130.850006,131.529999,125.439789,6912800
2019-08-22,131.600006,132.130005,130.800003,131.270004,125.191826,7213500
2019-08-23,131.070007,131.259995,127.129997,127.730003,121.815742,15714000
2019-08-26,127.419998,128.080002,126.629997,127.800003,122.795815,8889500
2019-08-27,129.880005,132.399994,129.100006,129.639999,124.563751,20183800
2019-08-28,127.860001,128.869995,127.010002,128.679993,123.641335,9878800
2019-08-29,128.839996,129.199997,126.830002,128.240005,123.218590,6749900
2019-08-30,128.270004,129.100006,127.620003,128.360001,123.333878,7371100
2019-09-03,127.989998,128.979996,127.510002,128.740005,123.698997,5710200
2019-09-04,129.490005,129.589996,128.080002,128.860001,123.814301,4807200
2019-09-05,129.899994,129.899994,128.309998,128.580002,123.545265,4754100
2019-09-06,128.880005,129.229996,128.070007,128.210007,123.189758,6758300
2019-09-09,128.000000,128.160004,126.589996,126.949997,121.979080,7684700
2019-09-10,127.339996,129.550003,126.339996,129.550003,124.477280,8239500
2019-09-11,129.860001,131.279999,129.080002,131.169998,126.033844,6203600
2019-09-12,131.360001,131.770004,130.059998,130.429993,125.322807,5250000
2019-09-13,131.330002,131.570007,129.960007,130.779999,125.659126,5369800
2019-09-16,130.110001,130.750000,129.330002,129.539993,124.467667,5101700
2019-09-17,129.600006,130.500000,129.110001,129.669998,124.592583,4976400
2019-09-18,129.899994,130.559998,128.779999,130.410004,125.303619,4373600
2019-09-19,129.630005,131.190002,129.360001,130.110001,125.015358,4730100
2019-09-20,131.000000,132.000000,130.289993,131.649994,126.495056,12053100
2019-09-23,131.020004,132.050003,130.490005,131.740005,126.581528,5183700
2019-09-24,132.100006,132.779999,131.339996,131.550003,126.398972,7102600
2019-09-25,131.500000,131.570007,130.229996,130.990005,125.860901,4522900
2019-09-26,131.089996,131.309998,128.029999,128.850006,123.804710,7545800
2019-09-27,128.610001,129.399994,126.699997,128.600006,123.564491,6006500
2019-09-30,129.070007,130.279999,129.000000,129.380005,124.313942,6552100
2019-10-01,130.020004,130.800003,129.770004,129.990005,124.900063,7673000
2019-10-02,132.759995,134.699997,131.220001,132.000000,126.831352,12051800
2019-10-03,131.639999,132.369995,130.009995,131.190002,126.053070,6997600
2019-10-04,131.339996,133.720001,131.250000,133.660004,128.426361,7233300
2019-10-07,133.089996,133.820007,132.139999,133.160004,127.945923,5427200
2019-10-08,132.449997,133.259995,131.490005,131.839996,126.677612,7870400
2019-10-09,131.139999,131.250000,128.520004,129.220001,124.160210,7787700
2019-10-10,128.949997,130.119995,128.630005,129.059998,124.006470,5119700
2019-10-11,131.139999,132.619995,130.820007,131.330002,126.187592,7161400
2019-10-14,131.360001,131.360001,130.419998,130.720001,125.601471,5700000
2019-10-15,133.000000,134.250000,132.100006,132.839996,127.638466,10008800
2019-10-16,134.899994,136.589996,133.800003,135.169998,129.877228,12434200
2019-10-17,135.960007,137.490005,135.649994,136.169998,130.838058,8434000
2019-10-18,133.309998,134.389999,127.699997,127.699997,122.699722,25868700
2019-10-21,128.669998,129.669998,127.059998,128.020004,123.007195,13823600
2019-10-22,128.759995,130.539993,128.089996,129.199997,124.140984,7613700
2019-10-23,129.660004,130.479996,129.070007,129.899994,124.813583,6693400
2019-10-24,130.419998,130.580002,126.099998,127.500000,122.507553,12111600
2019-10-25,127.830002,129.100006,127.309998,128.350006,123.324280,6947300
2019-10-28,128.619995,130.000000,128.509995,129.179993,124.121773,7876300
2019-10-29,129.699997,129.970001,128.559998,129.119995,124.064117,4506300
2019-10-30,133.300003,133.529999,131.729996,132.839996,127.638466,9627600
2019-10-31,132.380005,132.839996,130.889999,132.039993,126.869774,7686700
2019-11-01,132.050003,133.000000,131.139999,131.199997,126.062668,5541800
2019-11-04,131.800003,131.949997,130.089996,130.229996,125.130646,6140300
2019-11-05,130.529999,131.470001,129.679993,130.419998,125.313232,6257300
2019-11-06,130.419998,131.479996,129.699997,130.960007,125.832077,5450000
2019-11-07,131.729996,132.380005,131.009995,131.429993,126.283661,5873700
2019-11-08,131.300003,133.039993,130.970001,133.000000,127.792191,5003000
2019-11-11,132.270004,132.520004,131.330002,131.979996,126.812134,4371400
2019-11-12,132.000000,132.089996,131.020004,131.350006,126.206795,5228700
2019-11-13,131.039993,131.490005,130.720001,131.270004,126.129944,5885400
2019-11-14,131.029999,131.360001,130.139999,130.960007,125.832077,4217500
2019-11-15,131.250000,134.970001,130.779999,134.940002,129.656235,10495100
2019-11-18,134.220001,135.690002,132.660004,134.830002,129.550537,9291800
2019-11-19,135.000000,135.190002,134.210007,134.820007,129.540909,5192200
2019-11-20,135.110001,136.339996,134.070007,135.940002,130.617081,7594400
2019-11-21,135.940002,136.850006,135.000000,136.440002,131.097504,6424900
2019-11-22,136.649994,138.630005,136.500000,138.070007,132.663666,9235800
2019-11-25,137.059998,137.649994,136.240005,137.179993,132.721710,6111900
2019-11-26,136.470001,137.339996,135.149994,137.169998,132.712051,10636500
2019-11-27,137.160004,138.250000,136.899994,137.750000,133.273209,5523000
2019-11-29,137.600006,138.270004,136.940002,137.490005,133.021652,3278900
2019-12-02,137.720001,137.850006,136.850006,137.360001,132.895889,4717100
2019-12-03,136.910004,137.449997,136.160004,137.160004,132.702362,5741400
2019-12-04,138.500000,139.740005,138.039993,139.380005,134.850220,7257300
2019-12-05,139.350006,139.750000,137.949997,139.559998,135.024353,5472900
2019-12-06,139.460007,141.580002,139.460007,140.380005,135.817734,6640400
2019-12-09,140.389999,140.809998,140.059998,140.500000,135.933838,4241000
2019-12-10,140.800003,141.000000,139.910004,139.990005,135.440414,5310300
2019-12-11,140.929993,141.979996,140.630005,140.979996,136.398239,6631500
2019-12-12,141.320007,142.059998,140.729996,141.339996,136.746506,5012400
2019-12-13,141.100006,141.800003,140.309998,141.380005,136.785233,4257200
2019-12-16,141.729996,142.850006,141.490005,141.789993,137.181900,5353100
2019-12-17,143.000000,144.050003,142.520004,143.559998,138.894363,10722400
2019-12-18,143.720001,143.880005,142.740005,143.190002,138.536407,7849200
2019-12-19,143.889999,145.880005,143.610001,145.350006,140.626221,9414700
2019-12-20,146.880005,147.839996,144.800003,146.059998,141.313110,14532800
2019-12-23,145.740005,146.759995,145.339996,146.440002,141.680771,6558700
2019-12-24,146.000000,146.009995,145.259995,145.929993,141.187347,4238900
2019-12-26,145.970001,146.179993,145.160004,145.830002,141.090607,3019300
2019-12-27,146.199997,146.550003,145.539993,145.750000,141.013199,3432700
2019-12-30,145.779999,146.199997,145.029999,145.300003,140.577835,2923300
2019-12-31,145.100006,146.009995,144.779999,145.869995,141.129303,4435000
2020-01-02,145.869995,146.020004,145.080002,145.970001,141.226059,5777000
2020-01-03,143.500000,145.369995,143.000000,144.279999,139.590973,5752400
2020-01-06,144.000000,144.199997,142.850006,144.100006,139.416840,7731300
2020-01-07,144.009995,145.449997,141.380005,144.979996,140.268219,7382900
2020-01-08,144.869995,145.979996,143.699997,144.960007,140.248886,6605800
2020-01-09,145.759995,146.029999,144.990005,145.389999,140.664902,6112700
2020-01-10,145.750000,146.179993,144.899994,145.059998,140.345627,5042600
2020-01-13,145.479996,145.789993,144.720001,145.699997,140.964828,4593200
2020-01-14,145.050003,146.610001,144.729996,146.520004,141.758179,7037500
2020-01-15,146.399994,147.399994,146.240005,147.009995,142.232254,4960300
2020-01-16,147.419998,148.839996,146.199997,148.199997,143.383560,6476000
2020-01-17,148.410004,149.410004,147.929993,149.169998,144.322067,9083600
2020-01-21,148.580002,150.169998,148.500000,149.270004,144.418808,9543900
2020-01-22,146.699997,149.179993,146.000000,148.250000,143.431961,10305300
2020-01-23,148.039993,148.770004,146.759995,148.529999,143.702850,8671900
2020-01-24,148.580002,148.949997,147.929993,148.320007,143.499695,9051900
2020-01-27,147.520004,149.460007,147.000000,148.750000,143.915695,7587100
2020-01-28,148.460007,150.570007,148.149994,149.500000,144.641342,7336600
2020-01-29,149.449997,151.190002,149.130005,150.539993,145.647537,6288600
2020-01-30,150.029999,150.509995,149.050003,150.360001,145.473373,6470600
2020-01-31,149.750000,150.000000,148.639999,148.869995,144.031799,8651700
2020-02-03,149.419998,150.490005,149.240005,150.169998,145.289551,5765200
2020-02-04,151.490005,152.750000,151.199997,151.600006,146.673111,6541400
2020-02-05,151.720001,154.020004,151.309998,153.990005,148.985413,5979900
2020-02-06,154.250000,154.500000,152.740005,153.529999,148.540344,6201200
2020-02-07,153.339996,153.460007,151.550003,151.889999,146.953659,5700300
2020-02-10,151.679993,151.910004,150.889999,151.860001,146.924622,4835600
2020-02-11,152.289993,152.380005,151.539993,151.990005,147.050430,3715300
2020-02-12,151.869995,152.149994,150.919998,151.089996,146.179642,5166800
2020-02-13,150.160004,151.039993,149.880005,150.089996,145.212158,5480200
2020-02-14,150.559998,150.639999,149.149994,150.130005,145.250854,5716300
2020-02-18,150.470001,150.740005,149.059998,149.139999,144.293015,7230700
2020-02-19,149.210007,149.759995,148.580002,148.940002,144.099533,6115200
2020-02-20,148.610001,149.380005,147.399994,148.369995,143.548065,7464700
2020-02-21,148.089996,150.240005,147.539993,149.929993,145.057343,7776800
2020-02-24,146.500000,149.000000,145.250000,145.910004,142.068207,10588900
2020-02-25,145.990005,146.750000,143.830002,144.649994,140.841354,10529000
2020-02-26,145.350006,146.220001,143.589996,143.679993,139.896896,10093800
2020-02-27,142.559998,144.770004,138.949997,139.119995,135.456955,12566700
2020-02-28,135.360001,137.289993,130.820007,134.479996,130.939117,19825500
2020-03-02,134.779999,140.130005,134.009995,140.020004,136.333267,11508200
2020-03-03,140.000000,140.990005,133.100006,135.589996,132.019913,13662500
2020-03-04,137.679993,143.639999,137.139999,143.479996,139.702164,10560500
2020-03-05,140.800003,142.679993,139.839996,142.009995,138.270859,11339200
2020-03-06,138.479996,143.009995,137.410004,142.029999,138.290344,12239100
2020-03-09,136.330002,139.679993,134.899994,136.440002,132.847534,13848600
2020-03-10,139.970001,141.949997,134.229996,141.639999,137.910614,12698100
2020-03-11,138.089996,138.750000,131.500000,131.800003,128.329712,17763400
2020-03-12,127.309998,133.759995,124.500000,125.410004,122.107948,21539200
2020-03-13,129.320007,134.919998,124.650002,134.289993,130.754120,20084200
2020-03-16,123.570000,133.759995,122.430000,127.129997,123.782661,18877900
2020-03-17,128.550003,136.770004,127.809998,136.589996,132.993561,18911800
2020-03-18,131.020004,135.669998,128.710007,134.960007,131.406509,17521100
2020-03-19,134.990005,134.990005,126.150002,127.050003,123.704765,18482300
2020-03-20,126.830002,127.440002,118.129997,119.889999,116.733284,19785100
2020-03-23,117.000000,118.559998,109.160004,111.139999,108.213684,20815200
2020-03-24,118.760002,119.650002,113.860001,119.180000,116.041992,17604800
2020-03-25,118.910004,123.959999,116.699997,119.400002,116.256187,13986100
2020-03-26,120.570000,127.099998,120.379997,126.570000,123.237396,15066800
2020-03-27,121.650002,127.620003,120.580002,123.160004,119.917191,12133200
2020-03-30,128.460007,133.990005,127.500000,133.009995,129.507843,21754000
2020-03-31,134.990005,135.710007,130.050003,131.130005,127.677345,15746100
2020-04-01,127.699997,130.229996,125.500000,128.809998,125.418427,12606100
2020-04-02,129.119995,134.000000,127.220001,133.149994,129.644150,11594500
2020-04-03,132.380005,134.789993,131.580002,134.169998,130.637299,10071200
2020-04-06,137.009995,140.970001,135.539993,139.759995,136.080109,14994400
2020-04-07,139.860001,142.029999,137.259995,137.479996,133.860138,11567100
2020-04-08,137.750000,144.130005,137.300003,143.259995,139.487946,10758200
2020-04-09,144.009995,145.419998,140.279999,141.229996,137.511414,11127200
2020-04-13,140.000000,141.490005,137.839996,139.770004,136.089859,8153200
2020-04-14,145.419998,147.419998,144.050003,146.029999,142.185013,13838000
2020-04-15,145.550003,147.910004,143.539993,147.660004,143.772110,11962300
2020-04-16,148.309998,150.679993,146.440002,149.669998,145.729187,12181700
2020-04-17,151.990005,152.300003,149.600006,152.020004,148.017303,10920000
2020-04-20,150.929993,153.000000,150.089996,151.669998,147.676529,12226200
2020-04-21,150.119995,151.639999,148.570007,149.679993,145.738922,9951100
2020-04-22,152.809998,155.000000,151.729996,152.990005,148.961761,11518300
2020-04-23,154.250000,157.000000,153.699997,155.509995,151.415421,10665000
2020-04-24,155.570007,156.300003,153.639999,154.860001,150.782532,8654100
2020-04-27,154.809998,156.050003,154.000000,154.289993,150.227539,8924000
2020-04-28,151.250000,153.100006,150.699997,151.389999,147.403900,8558700
2020-04-29,151.380005,151.630005,149.160004,150.240005,146.284180,9285200
2020-04-30,148.460007,150.429993,147.160004,150.039993,146.089432,14829600
2020-05-01,149.619995,149.669998,146.789993,148.289993,144.385529,7309000
2020-05-04,148.770004,149.080002,147.089996,148.270004,144.366058,7198400
2020-05-05,149.000000,150.779999,148.639999,149.500000,145.563660,6562300
2020-05-06,150.000000,150.320007,148.039993,148.080002,144.181046,6191600
2020-05-07,149.369995,149.529999,147.130005,147.589996,143.703949,5570500
2020-05-08,148.919998,149.179993,147.889999,148.699997,144.784729,4712100
2020-05-11,148.449997,150.100006,148.119995,149.110001,145.183929,5887500
2020-05-12,150.100006,150.339996,147.029999,147.139999,143.265793,7039200
2020-05-13,146.080002,148.949997,146.009995,147.130005,143.256058,6970500
2020-05-14,145.389999,147.759995,144.259995,147.639999,143.752625,6871400
2020-05-15,147.869995,150.479996,145.660004,150.440002,146.478912,10340400
2020-05-18,152.490005,153.619995,150.460007,150.520004,146.556808,7390000
2020-05-19,150.100006,151.100006,148.399994,149.020004,145.096283,6107300
2020-05-20,149.750000,150.389999,147.270004,147.679993,143.791565,5713400
2020-05-21,148.500000,148.500000,145.820007,146.710007,142.847137,6487300
2020-05-22,144.570007,146.289993,144.059998,144.369995,141.543152,6140900
2020-05-26,146.190002,146.440002,144.300003,144.559998,141.729431,7072300
2020-05-27,144.320007,145.250000,143.009995,144.889999,142.052979,7950000
2020-05-28,146.020004,148.110001,145.809998,146.970001,144.092239,6189600
2020-05-29,147.960007,149.350006,145.330002,148.750000,145.837402,8505200
2020-06-01,147.289993,148.339996,146.009995,147.190002,144.307938,6141800
2020-06-02,147.059998,148.350006,146.119995,148.250000,145.347198,6078300
2020-06-03,148.520004,149.139999,146.449997,148.649994,145.739349,6339500
2020-06-04,146.800003,148.369995,145.580002,146.729996,143.856949,8170500
2020-06-05,147.690002,149.639999,146.600006,147.300003,144.415787,9725400
2020-06-08,145.880005,147.610001,145.740005,146.770004,143.896179,7555600
2020-06-09,148.250000,149.330002,145.649994,145.960007,143.102036,8247200
2020-06-10,146.600006,150.029999,146.600006,147.800003,144.906006,10137100
2020-06-11,148.580002,149.169998,140.750000,140.869995,138.111694,11913300
2020-06-12,142.839996,143.710007,140.279999,142.149994,139.366638,8687400
2020-06-15,141.000000,142.399994,139.389999,141.250000,138.484253,8649600
2020-06-16,144.089996,145.419998,142.770004,144.460007,141.631409,7579100
2020-06-17,144.899994,145.419998,143.470001,144.020004,141.200012,5100100
2020-06-18,142.520004,144.119995,141.869995,143.410004,140.601974,4797400
2020-06-19,145.789993,145.880005,143.250000,143.830002,141.013748,12206900
2020-06-22,143.470001,143.660004,142.029999,143.389999,140.582352,5285600
2020-06-23,143.740005,144.080002,142.679993,142.860001,140.062729,5921600
2020-06-24,141.490005,142.190002,138.720001,139.820007,137.082245,8211200
2020-06-25,140.570007,140.570007,137.539993,139.669998,136.935181,7421200
2020-06-26,139.529999,139.600006,137.020004,137.809998,135.111618,12849700
2020-06-29,138.740005,139.699997,137.979996,139.039993,136.317520,5309800
2020-06-30,139.399994,141.020004,137.839996,140.630005,137.876404,7738300
2020-07-01,140.690002,141.389999,140.059998,140.380005,137.631302,6174800
2020-07-02,141.250000,141.839996,140.330002,140.970001,138.209732,5152200
2020-07-06,142.169998,143.770004,141.880005,142.979996,140.180374,6156400
2020-07-07,141.389999,143.970001,141.229996,142.850006,140.052917,5622600
2020-07-08,142.869995,143.389999,141.699997,143.270004,140.464706,6257400
2020-07-09,142.759995,144.429993,140.580002,142.490005,139.699966,5738600
2020-07-10,142.750000,142.869995,141.429993,142.369995,139.582321,4282400
2020-07-13,143.610001,146.639999,143.279999,145.210007,142.366730,6951900
2020-07-14,145.320007,148.389999,145.259995,147.919998,145.023651,7447100
2020-07-15,149.729996,150.210007,148.229996,148.259995,145.356995,8512800
2020-07-16,148.679993,149.339996,146.679993,149.250000,146.327606,9304700
2020-07-17,150.000000,150.580002,148.690002,149.350006,146.425659,7441100
2020-07-20,150.229996,150.320007,148.429993,149.600006,146.670776,6191500
2020-07-21,149.600006,151.669998,149.500000,149.740005,146.808029,5579700
2020-07-22,149.929993,150.410004,147.850006,150.009995,147.072723,5910200
2020-07-23,150.210007,150.850006,149.279999,149.610001,146.680557,6566300
2020-07-24,150.500000,150.600006,147.029999,148.119995,145.219742,5405900
2020-07-27,147.369995,148.919998,146.860001,147.179993,144.298126,5675200
2020-07-28,147.399994,147.990005,146.750000,146.830002,143.955002,4842200
2020-07-29,146.389999,147.470001,146.070007,146.539993,143.670670,4489100
2020-07-30,147.440002,147.500000,146.139999,146.839996,143.964813,5922500
2020-07-31,146.660004,147.449997,143.960007,145.759995,142.905945,8259600
2020-08-03,146.389999,147.789993,146.149994,147.350006,144.464828,4078700
2020-08-04,146.990005,147.220001,145.820007,147.220001,144.337357,4162200
2020-08-05,149.100006,149.309998,147.800003,148.399994,145.494263,5493200
2020-08-06,148.399994,149.250000,146.500000,147.550003,144.660904,4837900
2020-08-07,147.509995,148.649994,147.149994,148.600006,145.690338,3635100
2020-08-10,148.860001,149.009995,147.720001,148.029999,145.131500,4096600
2020-08-11,149.139999,149.229996,146.369995,146.970001,144.092239,6388400
2020-08-12,147.539993,150.240005,147.490005,149.660004,146.729599,5258100
2020-08-13,148.539993,149.190002,147.529999,148.000000,145.102097,5155500
2020-08-14,147.610001,149.339996,147.580002,148.240005,145.337402,4240200
2020-08-17,148.320007,150.229996,148.229996,148.990005,146.072708,4306900
2020-08-18,149.259995,150.100006,148.570007,150.089996,147.151154,4322600
2020-08-19,149.580002,151.580002,149.320007,150.389999,147.445282,7816300
2020-08-20,149.750000,151.580002,149.550003,151.419998,148.455124,4874700
2020-08-21,151.779999,153.649994,150.589996,152.759995,149.768875,6722800
2020-08-24,152.740005,152.899994,150.350006,152.149994,150.163651,5387900
2020-08-25,152.779999,153.070007,151.539993,152.059998,150.074844,3863500
2020-08-26,151.860001,152.649994,150.639999,152.300003,150.311707,8008300
2020-08-27,152.419998,153.259995,151.889999,152.979996,150.982834,5575400
2020-08-28,152.740005,153.699997,151.899994,153.639999,151.634201,5395700
2020-08-31,153.000000,154.399994,152.259995,153.410004,151.407211,6362700
2020-09-01,153.869995,154.080002,150.070007,151.520004,149.541885,6309200
2020-09-02,150.789993,154.330002,149.250000,153.830002,151.821732,6881900
2020-09-03,154.830002,155.470001,148.300003,149.550003,147.597610,8672800
2020-09-04,150.169998,150.949997,147.130005,148.589996,146.650131,7200100
2020-09-08,150.250000,150.889999,146.899994,147.259995,145.337509,8756800
2020-09-09,148.149994,151.100006,148.119995,149.699997,147.745636,6960700
2020-09-10,149.250000,149.779999,146.520004,146.910004,144.992081,6191800
2020-09-11,147.050003,148.529999,146.630005,147.779999,145.850708,3934700
2020-09-14,148.119995,149.470001,148.009995,148.350006,146.413284,4375800
2020-09-15,149.449997,150.589996,148.520004,148.889999,146.946213,3658800
2020-09-16,149.389999,150.059998,148.350006,148.399994,146.462616,4323000
2020-09-17,148.039993,148.630005,146.050003,147.169998,145.248672,5461400
2020-09-18,146.509995,149.649994,146.199997,149.179993,147.232422,12174000
2020-09-21,147.580002,147.929993,142.960007,145.100006,143.205719,7574500
2020-09-22,144.690002,145.350006,143.720001,144.210007,142.327332,5295900
2020-09-23,147.479996,147.550003,144.380005,144.440002,142.554321,8784400
2020-09-24,144.559998,145.250000,143.339996,144.669998,142.781311,5614800
2020-09-25,144.000000,146.250000,143.889999,145.660004,143.758392,5531200
2020-09-28,146.729996,148.289993,146.419998,147.110001,145.189468,5843200
2020-09-29,147.600006,147.919998,146.059998,147.059998,145.140106,6768600
2020-09-30,147.449997,149.729996,146.839996,148.880005,146.936356,8487700
2020-10-01,149.309998,149.649994,146.460007,147.320007,145.396729,6457800
2020-10-02,146.210007,148.410004,145.830002,146.240005,144.330826,5485600
2020-10-05,147.000000,148.380005,146.419998,148.229996,146.294830,4992800
2020-10-06,148.279999,148.610001,145.869995,146.259995,144.350555,5118200
2020-10-07,146.490005,148.229996,145.809998,147.880005,145.949417,5603100
2020-10-08,148.500000,149.850006,148.039993,148.889999,146.946213,4413500
2020-10-09,149.649994,151.479996,149.449997,150.970001,148.999069,5054100
2020-10-12,151.600006,153.139999,151.020004,151.839996,149.857697,7273200
2020-10-13,149.000000,150.119995,147.770004,148.360001,146.423141,11057600
2020-10-14,148.820007,149.029999,147.389999,148.100006,146.166550,7707000
2020-10-15,147.479996,147.899994,146.330002,147.190002,145.268417,5978600
2020-10-16,147.600006,148.759995,147.009995,148.100006,146.166550,6097000
2020-10-19,148.529999,148.899994,144.130005,144.320007,142.435883,7250800
2020-10-20,144.660004,145.750000,144.119995,144.550003,142.662888,5325400
2020-10-21,144.119995,145.339996,143.910004,143.929993,142.050980,5221300
2020-10-22,144.160004,145.690002,143.839996,145.080002,143.185974,5279700
2020-10-23,145.880005,147.470001,144.350006,145.240005,143.343872,4154400
2020-10-26,144.429993,144.770004,142.750000,143.970001,142.090469,6929500
2020-10-27,143.740005,144.289993,142.919998,143.149994,141.281143,4890100
2020-10-28,141.429993,141.979996,138.179993,138.360001,136.553696,8426100
2020-10-29,138.000000,138.699997,136.050003,137.190002,135.398972,7205400
2020-10-30,136.679993,137.539993,133.649994,137.110001,135.320007,7364100
2020-11-02,138.979996,139.009995,137.490005,138.690002,136.879379,7088000
2020-11-03,140.020004,140.960007,137.779999,138.500000,136.691864,6363000
2020-11-04,139.490005,142.539993,138.699997,139.399994,137.580109,10263500
2020-11-05,140.550003,141.830002,139.259995,139.759995,137.935425,8016200
2020-11-06,140.399994,143.190002,139.649994,142.250000,140.392899,5942500
2020-11-09,148.429993,148.990005,144.919998,146.080002,144.172913,12351600
2020-11-10,147.250000,148.750000,146.259995,148.279999,146.344177,7386500
2020-11-11,149.169998,149.199997,146.860001,147.800003,145.870453,6382400
2020-11-12,147.610001,148.649994,146.750000,148.300003,146.363922,4710300
2020-11-13,149.089996,150.410004,148.410004,149.899994,147.943039,5893500
2020-11-16,150.919998,151.300003,149.800003,150.850006,148.880646,6266400
2020-11-17,150.000000,150.630005,149.119995,149.350006,147.400223,7297700
2020-11-18,148.869995,149.759995,147.369995,147.369995,145.446060,6661000
2020-11-19,147.300003,147.460007,145.589996,147.139999,145.219070,7987700
2020-11-20,147.050003,147.940002,146.130005,146.360001,144.449265,6354900
2020-11-23,146.009995,146.009995,143.039993,143.869995,142.978424,7318300
2020-11-24,144.000000,144.759995,143.610001,143.869995,142.978424,11034800
2020-11-25,144.059998,144.169998,142.860001,143.679993,142.789597,7594600
2020-11-27,144.500000,144.660004,143.220001,144.000000,143.107620,3059000
2020-11-30,144.229996,144.860001,143.059998,144.679993,143.783401,15663200
2020-12-01,146.289993,149.130005,145.860001,147.449997,146.536240,9741300
2020-12-02,147.850006,149.710007,147.699997,148.139999,147.221954,7745500
2020-12-03,148.039993,149.580002,147.690002,149.000000,148.076630,7310500
2020-12-04,149.789993,150.309998,149.270004,150.270004,149.338760,6747100
2020-12-07,149.350006,149.910004,148.509995,148.970001,148.046814,6634700
2020-12-08,150.000000,152.139999,149.550003,151.550003,150.610840,8339800
2020-12-09,152.830002,153.500000,151.759995,153.100006,152.151230,8440100
2020-12-10,152.820007,152.979996,151.679993,152.250000,151.306488,7392900
2020-12-11,151.529999,153.410004,151.229996,152.949997,152.002151,5977400
2020-12-14,153.250000,153.479996,148.990005,149.070007,148.146210,8547300
2020-12-15,150.000000,150.750000,149.529999,150.570007,149.636917,7614700
2020-12-16,150.199997,150.919998,149.550003,149.669998,148.742477,8486100
2020-12-17,150.089996,153.889999,149.960007,153.619995,152.667999,9920300
2020-12-18,153.649994,155.100006,151.669998,154.509995,153.552475,17137200
2020-12-21,152.009995,153.410004,150.050003,153.020004,152.071732,7893400
2020-12-22,152.399994,153.899994,151.860001,152.720001,151.773575,4699500
2020-12-23,152.800003,153.600006,151.899994,151.940002,150.998413,4607300
2020-12-24,151.850006,153.039993,151.820007,152.470001,151.525131,2114900
2020-12-28,153.320007,153.869995,152.300003,153.190002,152.240677,3855500
2020-12-29,154.110001,154.929993,153.800003,154.139999,153.184784,5212000
2020-12-30,154.740005,156.380005,154.600006,156.050003,155.082947,5412800
2020-12-31,156.529999,157.660004,155.110001,157.380005,156.404709,5099900